smiles,ID,GROUND_TRUTH
C[C@H]1[C@@H]2CN3CC[C@]4([C@H]3C[C@@H]2C(=CO1)C(=O)OC)c5ccccc5NC4=O,1,0
C(=C/C(=O)/C=C/C(=O)O)\C=C(\C(=O)O)/O,2,0
C1=CC(OC1=O)(CC(=O)O)S(=O)(=O)O,3,0
C/C=C/1\[C@@H](C(=O)N\C1=C/c2c(c(c([nH]2)/C=C\3/C(=C(C(=N3)/C=C\4/C(=C(C(=O)N4)C=C)C)C)CCC(=O)[O-])CCC(=O)[O-])C)C,4,0
CC1(N=N1)CCS[C@@H]2C=C[C@H]3[C@@H]([C@@H]2O)O3,5,0
CSC(=O)OCC1=C[C@@H]2[C@H]3[C@@H]1[C@@H](OC=C3C(=O)O2)O[C@@H]4[C@@H]([C@@H]([C@@H]([C@@H](O4)CO)O)O)O,6,0
c1c2c(cc(c1O)O)/[N+](=C/C=C/3\C[C@@H](NC(=C3)C(=O)[O-])C(=O)[O-])/[C@@H](C2)C(=O)[O-],7,0
CC1=C(C(CCC1=O)(C)C)/C=C\C(=C\C=C/C(=C\C=C/C=C(\C)/C=C\C=C(/C)\C=C/C2=C(C(=O)[C@@H](CC2(C)C)O)C)/C)\C,8,0
C[C@H]1C[C@H]2[C@@H]3CC[C@@H]([C@]3(C[C@]([C@@H]2[C@@]4(C1=CC(=O)CC4)C)(C)O)C)C(=O)C,9,0
CC[C@@H]1[C@@H](/C=C/C(=O)[C@@H](C[C@@H]([C@@H]([C@H](C(=O)[C@H](C(=O)O1)C)C)O)C)C)C,10,0
C/C/1=C\CC/C(=C/[C@@H]2[C@@H](CC1)C(=C)C(=O)O2)/C,11,0
C[C@]12CCC(=O)C=C1CC[C@@H]3[C@@H]2[C@H](C[C@]4([C@H]3CC[C@@]4(C(=O)COC(=O)CCC(=O)O)O)C)O,12,0
C[C@H]1[C@@H]2C[C@@H](CCC2=CC(=O)[C@@H]1O)C(=C)C,13,0
COC(=O)C1=CO[C@H]([C@@H]([C@@H]1CC=O)C=C)O[C@H]2[C@@H]([C@H]([C@@H]([C@H](O2)CO)O)O)O,14,0
c1cc(c(cc1/C=C\2/C(=O)c3c(cc(cc3O2)O)O)O)O,15,0
CC1=C[C@@H]2[C@]([C@@H](C1=O)O)([C@]3(C[C@H]([C@H]([C@]34CO4)O2)O)C)CO,16,0
CC1=CC(=O)CC([C@@]1(/C=C\C(=C\C(=O)[O-])\C)O)(C)C,17,0
C[C@@]12CC[C@@H]3[C@@H]([C@@H]1CC[C@@H]2[C@@H](C=O)O)CCC4=CC(=O)CC[C@@]34C,18,0
c1ccc(cc1)/C=C\C(=O)NCCc2c[nH]c3c2cc(cc3)O,19,0
CC(=CCC/C(=C/C=C/C(=C/C=C/C=C(\C)/C=C/C=C(\C)/C=C/C=C(\C)/C(=O)O)/C)/C)C,20,0
COc1c(c(c(c(c1OC)OC)OC)O)C(=O)/C=C/c2ccc(cc2)OCc3ccccc3,21,0
c12c3c(c(c(c(c3Cl)Cl)Cl)Cl)oc1c(c(c(c2Cl)Cl)Cl)Cl,22,0
CCC(=O)O[C@H]1[C@H](C[C@@H]2[C@@]1(CC[C@H]3[C@H]2CCC4=CC(=O)CC[C@]34C)C)F,23,0
C/C(=C/C=O)/CC/C=C(\C)/CO,24,0
COC(=O)/C=C/C(=O)NC[C@@H](C(=O)[O-])NC(=O)[C@@H](CCSC)[NH3+],25,0
C[C@]12C[C@H](CC(=C)[C@@H]1C[C@H]3[C@@H](C2)OC(=O)C3=C)O,26,0
Cn1c(nc(=O)c(n1)[O-])SCC2=C(N3[C@@H]([C@@H](C3=O)NC(=O)/C(=N\OC)/c4csc(n4)N)SC2)C(=O)[O-],27,0
c1cc(ccc1C(=O)N[C@@H](CCC(=O)[O-])C(=O)[O-])N(Cc2ccc3c(c2)c(=O)[nH]c(n3)N)C(=O)CBr,28,0
CC(=O)O[C@@H]1C[C@]2([C@@H](CC[C@@H]2C3(OCCO3)C)[C@H]4[C@H]1[C@]5(CCC6(C[C@]57[C@H](C4)O7)OCCO6)C)C,29,0
C([C@@H](C(=O)O)N)/C(=C/C=O)/C=C(\C(=O)O)/O,30,0
C/C(=C\C=C/C=C(/C)\C=C/C=C(\C)/C=C\[C@@]12C(C[C@@H](C[C@@]1(O2)C)O)(C)C)/C=C\C=C(/C)\C=C/[C@@]34C(C[C@@H](C[C@@]3(O4)C)O)(C)C,31,0
CC1=C([C@@H](C(=C(N1)C)[N+](=O)[O-])c2cccc3c2non3)C(=O)OC(C)C,32,0
C/C=C(/C)\C(=O)O[C@@H]1C[C@@]2(CO2)[C@@H]3[C@@H]([C@@H]4[C@]([C@@]3([C@@H]5[C@@H]1C(=C)C(=O)O5)O)(O4)C)O,33,0
COC(=O)/C=C(\C=C(/C(=O)O)\O)/C(=O)O,34,0
CC(=O)OCC(=O)[C@]1(CC[C@@H]2[C@@]1(C[C@@H]([C@H]3[C@H]2CCC4=CC(=O)C=C[C@]34C)O)C)O,35,0
C/C(=C\C=C\C=C(/C)\C=C\C=C(/C)\C=C=C1[C@@](C[C@@H](C[C@@]1(C)O)O)(C)C)/C=C/C=C(\C)/C=C/[C@]23[C@@](C[C@@H](C[C@]2(O3)C)O)(C)C,36,0
CC1=CC(=O)[C@@H](CC1)[C@](C)(CCC=C(C)C)O,37,0
c1ccc(cc1)C(c2ccc(cc2)Cl)C(Cl)Cl,38,0
C[C@]12CC[C@H]3[C@H]([C@@H]1CCC[C@@H]2O)CCC4=CC(=O)CC[C@]34C,39,0
c1cc(ccc1C[C@@H](C(=O)O)/N=C\C=C\2/C[C@H](NC(=C2)C(=O)O)C(=O)O)O,40,0
CC(=O)OCC1=C(N2[C@@H]([C@@H](C2=O)NC(=O)/C(=N\OC)/c3csc(n3)N)SC1)C(=O)O,41,0
CCC1=C(C(=O)NC1Cc2c(c(c([nH]2)/C=C/3\C(=C(C(=N3)CC4C(=C(C(=O)N4)C=C)C)C)CCC(=O)O)CCC(=O)O)C)C,42,0
C(=CC(=O)[O-])/C(=C/C(=O)[O-])/Cl,43,0
CC1=CC(=O)CC([C@@]1(/C=C/C(=C/C=O)/C)O)(C)C,44,0
CC(=CC(=O)C[C@]1(CC[C@H](O1)c2ccoc2)C)C,45,0
C/C=C\1/[C@@H](C(=O)N/C1=C\c2c(c(c([nH]2)/C=C\3/C(=C(C(=N3)/C=C\4/C(=C(C(=O)N4)C=C)C)C)CCC(=O)[O-])CCC(=O)[O-])C)C,46,0
c1cc(ccc1/C=C/C(=O)O[C@H](Cc2ccc(c(c2)O)O)C(=O)[O-])O,47,0
C[C@H]1CC[C@H]2[C@@H]1[C@@H](OC=C2C(=O)O)O[C@H]3[C@@H]([C@H]([C@@H]([C@H](O3)COC(=O)C)OC(=O)C)OC(=O)C)OC(=O)C,48,0
CC1=C(C(=O)C(=C(C1=O)OC)OC)C/C=C(\C)/CCC=C(C)C,49,0
c1cc(c(cc1C[C@H](C(=O)[O-])OC(=O)/C=C/c2ccc(c(c2)O)O)O)O,50,0
C[C@]1(c2cccc(c2C(=O)C3=C([C@]4([C@@H]([C@H]([C@@H]31)O)[C@@H](C(=C(C4=O)C(=O)N)O)N(C)C)O)O)O)O,51,0
C[C@@H]1C=C(C(=O)[C@]2([C@H]1C[C@@H]3[C@@]4([C@@H]2[C@H]5[C@H]([C@@H]([C@@]4(CC(=O)O3)O)C)OCO5)C)C)OC,52,0
C[C@@H]1CC(=O)[C@]2([C@@H](O1)O[C@@H]3C[C@@H]4CC[C@@H]5[C@@H]([C@]4(C[C@H]3O2)C=O)CC[C@]6([C@@]5(CC[C@@H]6C7=CC(=O)OC7)O)C)O,53,0
c1c2c(cc(c1O)O)/[N+](=C\C=C\3/C[C@@H](NC(=C3)C(=O)[O-])C(=O)[O-])/CC2,54,0
c1cc(c(cc1[N+](=O)[O-])[N+](=O)[O-])Cl,55,0
CCCC1C(C(/C=C/CCC(C(=O)O1)OC(=O)/C=C/C=C/C)O)O,56,0
CC(=O)O[C@H]1CC[C@]2([C@H](C1(C)C)CC[C@@]3([C@@H]2C(=O)C=C4[C@]3(CC[C@@]5([C@H]4C[C@@](CC5)(C)C(=O)O)C)C)C)C,57,0
Cc1c(c([nH]c1/C=C\2/C(=C(C(=O)N2)C)C=C)/C=C/3\C(=C(C(=N3)/C=C\4/C(=C(C(=O)N4)C=C)C)C)CCC(=O)[O-])CCC(=O)[O-],58,0
COC1=CC(=O)O[C@H](C1)/C=C/c2ccc3c(c2)OCO3,59,0
C\1[C@@H](NC(=C/C1=C/C=N\[C@@H](CCCO)C(=O)O)C(=O)O)C(=O)O,60,0
C1=C[C@]([C@H](C=C1C(=O)[O-])O)(C(=O)[O-])O,61,0
CC(=CCC/C(=C/CC/C(=C\C=O)/C)/C)C,62,0
C[C@@H]1[C@H]([C@H](C[C@@H](O1)O[C@H]2CC[C@@]3([C@H]4CC[C@@]5([C@H](CC[C@@]5([C@@H]4CC[C@@]3(C2)O)O)C6=CC(=O)OC6)C)C=O)O)O,63,0
C(C([C@@H]1C(=C(C(=O)O1)O)[O])O)O,64,0
CC(C)Nc1nc(nc(n1)Cl)N,65,0
CCNc1nc(nc(n1)Cl)NC(C)C,66,0
c1cc(oc1/C=C/C(=O)N)[N+](=O)[O-],67,0
C1C(O1)CO,68,0
C(=C(\C(=O)O)/Cl)\C(=C(/C(=O)O)\Cl)\Cl,69,0
CC(=C)C1(C(=CC(=O)O1)OC)O,70,0
C[C@@]12CC[C@@H]3[C@@H]([C@@H]1CC[C@@H]2O)CCC4=CC(=O)CC[C@@]34C=O,71,0
Cc1cc(c(cn1)C(=O)N[C@H](c2ccc(cc2)O)C(=O)N[C@H]3[C@@H]4N(C3=O)C(=C(CS4)CSc5nnnn5C)C(=O)[O-])O,72,0
C(=C(/C=O)\C(=O)[O-])\C=C(\C(=O)[O-])/O,73,0
Cc1ccc(cc1)S(=O)(=O)c2ccc(cc2)CCl,74,0
c1cc(ccc1/C=C/C(=O)N[C@H](CC(=O)[O-])C(=O)[O-])O,75,0
CC1=CC(=O)CC([C@]1(/C=C/C(=O)C)O)(C)C,76,0
c1cc(ccc1/C=C\C(=O)c2c(cc(cc2O)O)O)O,77,0
C[C@@H]1CC[C@H]2[C@@H]1[C@@H](OC=C2C(=O)O)O[C@H]3[C@@H]([C@H]([C@@H]([C@H](O3)CO)O)O)O,78,0
CCCC#CC#C/C=C/C(=O)OC,79,0
c1cc(c(cc1C2(c3c(c(c(c(c3Br)Br)Br)Br)C(=O)O2)c4ccc(c(c4)S(=O)(=O)[O-])O)S(=O)(=O)[O-])O,80,0
CC(=CCC/C(=C\C=C/C(=C\C=C/C(=C\C=C/C=C(\C)/C=C\C=C(/C)\C=C/C=C(\C)/C(=O)[O-])/C)/C)/C)C,81,0
C[C@]1(CC(=O)C=C2[C@@H]1[C@@H]([C@]34[C@H]2CC[C@](C3)(C(=C)C4)O)C(=O)O)C(=O)O,82,0
c1cc(c2c3c1-c4ccc(c5c4[C@]([C@@H]3[C@H](CC2=O)O)(C=CC5=O)O)O)O,83,0
c1ccc(cc1)C(=O)/C=C/c2ccc(cc2)O,84,0
c1cc(ccc1/C=C/C(=O)OC[C@@H]2[C@H]([C@@H]([C@H]([C@@H](O2)Oc3cc4c(cc(cc4[o+]c3c5ccc(c(c5)O)O)O)O)O)O)O)O,85,0
C[C@@H](CCC(=O)[O-])[C@@H]1CC[C@@H]2[C@@]1([C@@H](C[C@@H]3[C@@H]2[C@@H](CC4=CC(=O)CC[C@@]34C)O)O)C,86,0
CC(=CCC/C(=C/CC/C(=C/CC/C=C(\C)/CC/C=C(\C)/CC[C@@H]1C(O1)(C)C)/C)/C)C,87,0
c1c(cc(c(c1Cl)Cl)Cl)c2cc(c(c(c2Cl)Cl)Cl)Cl,88,0
C/C=C(\C)/C(=O)O[C@@H]1C[C@@H](n2c1c(cc2)COC(=O)/C(=C/C)/COC(=O)C=C(C)C)OC(=O)C,89,0
C/C(=C\C=C/C=C(\C)/C=C\C=C(/C)\C=C/[C@@]12C(C[C@@H](C[C@@]1(O2)C)O)(C)C)/C=C\C=C(/C)\C=C/[C@@]34C(C[C@@H](C[C@@]3(O4)C)O)(C)C,90,0
C(=C\C(=O)[O-])\C=C(/C(=O)[O-])\Cl,91,0
c1cc(c(cc1Cl)Cl)Cl,92,0
C[C@@H]1[C@H]([C@H](C[C@@H](O1)OC(C(C)C)C(C)/C=C(\C)/C=C/C=C/C=C/C=C/C(=O)C2=C(C(N(C2=O)C)CCC(=O)O)O)O)O,93,0
CO/N=C(/c1csc(n1)N)\C(=O)N[C@H]2[C@@H]3N(C2=O)C(=CCS3)C(=O)O,94,0
CC(=CCC/C(=C\C=C/C(=C\C=C/C=C(\C)/C=C\C=C(/C)\C=C/C=C(\C)/C(=O)[O-])/C)/C)C,95,0
CC(=O)OCC(=O)[C@]1(CC[C@@H]2[C@@]1(C[C@@H]([C@]3([C@H]2CCC4=CC(=O)CC[C@@]43C)F)O)C)O,96,0
CC(=O)N[C@@H]1[C@@H]([C@@H]([C@@H](O[C@@H]1O)COS(=O)(=O)[O-])O)O[C@@H]2[C@@H]([C@@H](C=C(O2)C(=O)[O-])O)O,97,0
CC1=C2[C@@H]([C@@H]3[C@@H]([C@H](C1)O)C(=C)C(=O)O3)C(=CC2=O)CO,98,0
c1c(c(c(=O)[nH]c1C(=O)O)/C=C\C(=O)C(=O)O)O,99,0
CC1=C(C(C[C@@H](C1)O)(C)C)/C=C\C(=C/C=C\C(=C/C=C\C=C(/C)\C=C/C=C(\C)/C=C\[C@@]23C(C[C@@H](C[C@@]2(O3)C)O)(C)C)\C)\C,100,0
COc1cc(cc(c1OC(=O)[C@H](CC(=O)[O-])O)OC)/C=C\C(=O)[O-],101,0
C/C(=C\CC/C(=C/C(=O)OC)/C)/CC[C@@H]1[C@@](O1)(C)CO,102,0
CC[C@@H](CC[C@@H](C)[C@@H]1CC[C@@H]2[C@@]1(CC[C@@H]3[C@@H]2CCC4=CC(=O)CC[C@@]34C)C)C(C)C,103,0
C[C@@H]1[C@H](O[C@]2([C@@]1(C=C(C(=O)C2)CC=C)OC)OC)c3ccc4c(c3)OCO4,104,0
c1cc(ccc1/C=C\C(=O)O)O[C@H]2[C@@H]([C@H]([C@@H]([C@H](O2)CO)O)O)O,105,0
C(=C\C(=O)[O-])\C(=C(\C(=O)[O-])/Cl)\Cl,106,0
c1ccc(cc1)/C=C/C(=O)[O-],107,0
C[C@@]12CC[C@@H]3[C@@H]([C@@H]1CCC2=O)CCC4=CC(=O)CC[C@@]34C=O,108,0
c1ccc(c(c1)/C=C\C(=O)O)O[C@H]2[C@@H]([C@H]([C@@H]([C@H](O2)CO)O)O)O,109,0
C(=C/C(=O)[O-])\C(=C/C(=O)[O-])\C(=O)[O-],110,0
C(=C/C(=O)O)\C(=CC(=O)O)/C=C\C(=O)O,111,0
CC(C)(C(=O)O)O/N=C(/c1csc(n1)N)\C(=O)N[C@H]2[C@@H]3N(C2=O)C(=C(CS3)C[n+]4ccccc4)C(=O)[O-],112,0
Cc1c(c([nH]c1/C=C\2/C(=C(C(=O)N2)C)C=C)/C=C\3/C(=C(C(=N3)C[C@@H]4C(=C(C(=O)N4)C=C)C)C)CCC(=O)O)CCC(=O)O,113,0
CC1=C(N2[C@@H]([C@@H](C2=O)NC(=O)[C@@H](c3ccc(cc3)O)N)SC1)C(=O)[O-],114,0
C[C@@H]1C2=C(Cc3cccc(c3C2=O)O)C[C@@H](O1)CC(=O)[O-],115,0
CCCCCC1C(O1)C/C=C\C/C=C\C/C=C\CCCC(=O)O,116,0
C1=C(O[C@H]([C@@H]([C@@H]1O)O)O[C@@H]2[C@@H]([C@@H]([C@@H](O[C@@H]2C(=O)[O-])O[C@@H]3[C@@H]([C@@H]([C@@H](O[C@@H]3C(=O)[O-])O)O)O)O)O)C(=O)[O-],117,0
CC[C@@]1(CCC2=C1CC[C@H]3[C@H]2CCC4=CC(=O)CC[C@H]34)C,118,0
CC(C)CCC[C@@H](C)[C@H]1CC[C@@H]2[C@@]1([C@H](C[C@H]3[C@H]2[C@@H](CC4=CC(=O)CC[C@]34C)O)O)C,119,0
C(CCl)O,120,0
C/C=C/CC/C(=C/CC/C(=C\CC/C(=C\CC/C(=C\CC/C(=C\CC/C(=C\CC/C(=C\CC1=CC(=O)C=C(C1=O)OC)/C)/C)/C)/C)/C)/C)/C,121,0
C[C@H]1[C@H]2CN3CCc4c5cc(ccc5[nH]c4[C@@H]3C[C@@H]2C(=CO1)C(=O)OC)OC,122,0
CC(=O)OCC1=C(N2[C@@H]([C@@H](C2=O)NC(=O)/C(=N\OC)/c3csc(n3)N)SC1)C(=O)[O-],123,0
c1cc(c(cc1/C=C/C(=O)c2c(cc(cc2O)O)O)O)O,124,0
C/C(=C(/C(=O)CC(=O)O)\Cl)/C(=O)O,125,0
c1c(c(c(c(c1Cl)Cl)Cl)Cl)Cl,126,0
CC1=C(C(CCC1)(C)C)/C=C/C(=C\C=C/C(=C\C=C/C=C(\C)/C=C\C=C(/C)\C=O)/C)/C,127,0
C[C@@H]1C[C@]2([C@@H](O2)C)C(=O)O[C@@H]3CCN4[C@@H]3C(=CC4)COC(=O)[C@]1(C)O,128,0
C1C=C([C@@H]2[C@H]1C(=CO[C@H]2O[C@H]3[C@@H]([C@H]([C@@H]([C@H](O3)CO)O)O)O)C=O)CO,129,0
c1ccc(cc1)/C=C\C(=O)N2CCC[C@H](C2)[C@@H]3CCCCN3,130,0
C[C@@H]1C[C@H]2[C@H](C[C@]3([C@H]1CC(=O)OC3)C)C(=C)C(=O)O2,131,0
CC(=O)OCC1=C(N2[C@@H]([C@H](C2=O)NC(=O)CCCC(=O)[O-])SC1)C(=O)[O-],132,0
C1C[C@H](/[N+](=C\C=C\2/C[C@H](NC(=C2)C(=O)O)C(=O)O)/C1)C(=O)[O-],133,0
C[C@@H]1[C@@H]([C@@H](C[C@@H](O1)O[C@H]2CC[C@]3([C@@H](C2)CC[C@]45[C@@H]3CC[C@]6([C@]4(O5)CC[C@@H]6C7=CC(=O)OC7)C)C)OC)O,134,0
c1c(c(=O)[nH]c(=O)[nH]1)N(CCCl)CCCl,135,0
CC(=O)/C=C\C=C(\C(=O)[O-])/O,136,0
C[C@@H]1C[C@@H]2[C@H]([C@@H]([C@]3([C@H]1C=CC3=O)C)OC(=O)C)C(=C)C(=O)O2,137,0
C([C@@H](/C=C\C(=O)C(=O)[O-])C(=O)[O-])C(=O)[O-],138,0
C[C@]12CC[C@H]3[C@H]([C@@H]1CC[C@@H]2C(=O)CO)CCC4=CC(=O)CC[C@]34C,139,0
CC(=O)[C@H]1CC[C@@H]2[C@@]1(C[C@@H]([C@]3([C@H]2C[C@@H](C4=CC(=O)CC[C@@]43C)F)F)O)C,140,0
CC(C)/C=C\C=C/[C@@H](C)c1nc(cs1)c2nc(cs2)/C=C\[C@@H]([C@@H](C)/C(=C\C(=O)N)/OC)OC,141,0
C[C@H]1CC(=O)[C@H]2[C@@H]1[C@@H](OC=C2C(=O)OC)O[C@H]3[C@@H]([C@H]([C@@H]([C@H](O3)CO)O)O)O,142,0
C[C@]1(CO1)CCCO[P@@](=O)([O-])OP(=O)([O-])[O-],143,0
CC1=C(C(C[C@@H](C1)O)(C)C)/C=C/C(=C/C=C\C(=C/C=C\C=C(/C)\C=C/C=C(\C)/C=C\C(=O)[C@@]2(C[C@@H](CC2(C)C)O)C)\C)/C,144,0
CCCCCCCCCCC(C1CCC(O1)C(CCC(C2CCC(O2)CCCCCCCC(CC3=CC(OC3=O)C)O)O)O)O,145,0
c1ccc(c(c1)/C=C/C(=O)C(=O)[O-])O,146,0
C(=C/NC(=O)N)\C(=O)[O-],147,0
C[C@]12CCC(=O)C=C1CC[C@@H]3[C@@H]2CC[C@]4([C@H]3CCC(=O)O4)C,148,0
CC(C)CCC[C@@H](C)CCC[C@@H](C)CCC/C(=C/CC1=CC(=O)c2ccccc2C1=O)/C,149,0
C(C/C(=C/C(=O)[O-])/C(=O)[O-])CC(=O)[O-],150,0
CCNc1nc(nc(n1)Cl)N,151,0
C[C@@]12C[C@@H]3[C@H](C[C@H]1C(=C)C(=O)C=C2)C(=C)C(=O)O3,152,0
C(#N)c1c(c(c(c(c1Cl)Cl)Cl)C#N)Cl,153,0
C(=C\C(=O)/C=C\C(=O)[O-])\C=C(/C(=O)[O-])\O,154,0
c1c2c(c(c(c1Cl)Cl)Cl)Oc3c(c(c(c(c3Cl)Cl)Cl)Cl)O2,155,0
CC(=CC[C@@H](c1cc(c2c(c1OC)C(=O)C=CC2=O)O)OC(=O)C)C,156,0
CC(=CCC/C(=C\C=C/C(=C\C=C/C=C(\C)/C=C\C=C(/C)\C=C/C=C(\C)/C(=O)O[C@@H]1[C@@H]([C@@H]([C@@H]([C@@H](O1)CO)O)O)O)/C)/C)C,157,0
C[C@@]12CC[C@H]3C(=CC(=O)[C@@H]4[C@@]3(C[C@@H]([C@@H](C4)O)O)C)[C@@]1(CC[C@@H]2[C@@](C)([C@@H](CCC(C)(C)O)O)O)O,158,0
CC1([C@@H](O1)COc2c3ccc(=O)oc3cc4c2cco4)C,159,0
C[C@@H]1C=C(C(=O)[C@]2([C@H]1C[C@@H]3[C@@]4([C@@H]2[C@@H]([C@H]([C@@H]([C@@H]4CC(=O)O3)C)OC)OC(=O)C)C)C)OC,160,0
C=CC1=C(N2[C@@H]([C@@H](C2=O)NC(=O)/C(=N\OCC(=O)O)/c3csc(n3)N)SC1)C(=O)O,161,0
CC1=C(C(CCC1)(C)C)/C=C/C(=C/C=C/C(=C/C=C/C=C(\C)/C=C/C=C(\C)/C=C/C2=C(C(=O)[C@H](CC2(C)C)O)C)/C)/C,162,0
C[N+](C)(C)C/C=C\C(=O)[O-],163,0
C[C@@H]1CC(=O)[C@]2([C@@H](O1)O[C@@H]3C[C@@H]4C[C@H]5[C@]6(O5)[C@@H]([C@]4(C[C@H]3O2)C)[C@@H](C(=O)[C@]7([C@@]6(CC[C@@H]7C8=CC(=O)OC8)O)C)O)O,164,0
CCCCOC(=O)C(=C)C#N,165,0
C/C(=C\C=C/C=C(/C)\C=C/C=C(\C)/C(=O)[O-])/C=C\C=C(/C)\C(=O)[O-],166,0
C(CC(=O)O)/C(=C/C(=O)O)/C(=O)O,167,0
CC(COc1ccccc1)N(CCCl)Cc2ccccc2,168,0
CC1=CO[C@H]([C@H]2[C@@H]1[C@@H]([C@H]3[C@@H]2O3)O)O[C@H]4[C@@H]([C@H]([C@@H]([C@H](O4)CO)O)O)O,169,0
CC1=CC(=O)C(=C(C1=O)OC)OC,170,0
c1cc(ccc1c2c(cc3c(cc(cc3[o+]2)O)O)O[C@H]4[C@@H]([C@H]([C@@H]([C@H](O4)COC(=O)/C=C/c5ccc(c(c5)O)O)O)O)O)O,171,0
CO/N=C(/c1csc(n1)N)\C(=O)N[C@H]2[C@@H]3N(C2=O)C(=C(CS3)[C@@H]4CCCO4)C(=O)[O-],172,0
C/C=C/C(=O)O,173,0
C[C@@H]1C[C@H]2[C@@H]3C[C@@H](C4=CC(=O)C=C[C@@]4([C@H]3[C@H](C[C@@]2([C@]1(C(=O)COC(=O)C)O)C)O)C)F,174,0
C[C@]12CCC(=O)C=C1CC[C@@H]3[C@@H]2CC[C@]4([C@H]3C[C@@H]([C@@H]4O)Cl)C,175,0
c1ccc(cc1)/C=C\C(=O)NCCc2ccc(cc2)O,176,0
CCCCCCCCCCCC1=C(C(=O)C=C(C1=O)O)O,177,0
CC1=C2CC[C@@]([C@@H]2C[C@H]3[C@@H](C1)OC(=O)C3=C)(C)O,178,0
C(=C/C(=O)O)\C(=O)O,179,0
C1=CC(=C[C@]([C@H]1O)(O)Cl)C(=O)[O-],180,0
C1=C[C@H]([C@@H](C(=C1)/C=C/C(=O)[O-])O)O,181,0
CC(=CCc1c(cc(c(c1O)C(=O)/C=C/c2ccc(cc2)O)O)O)C,182,0
C/C=C(/C)\C(=O)O[C@@H]1/C=C(\[C@H](C[C@@H](/C(=C\[C@@H]2[C@@H]1C(=C)C(=O)O2)/C)OC(=O)C)O)/C,183,0
CC(C)CCC[C@@H](C)[C@@H]1CC[C@@H]2[C@@]1([C@@H](C[C@@H]3[C@@H]2[C@@H](CC4=CC(=O)CC[C@@]34C)O)O)C,184,0
C(=C(/C=C(/C(=O)O)\O)\C(=O)O)\C(=O)O,185,0
C[C@H]1C2=C(C[C@@H](O1)CC(=O)[O-])C(=O)c3cccc(c3C2=O)O,186,0
CCC/C=C\C(=O)/C=C\C=C/CCCCCCCC(=O)[O-],187,0
C1CN(CCN1C(C(Cl)(Cl)Cl)NC=O)C(C(Cl)(Cl)Cl)NC=O,188,0
Cn1cc(nc1)[C@H]\2CNC(=O)/C2=C/c3ccccc3,189,0
C[C@H]1C[C@H](C(=O)/C=C/[C@H]([C@H](OC(=O)[C@@H]([C@H]1O[C@H]2[C@@H]([C@H](C[C@H](O2)C)N(C)C)O)C)[C@@H](C)O)C)C,190,0
C[C@H]1C(=O)O[C@H](C(=O)N[C@H](C(=O)NC(=C)C(=O)N1)CCCc2ccc(cc2)OC)C(C)C,191,0
C1=C[C@@H]([C@@H](C(=C1)/C=C/C(=O)[O-])O)O,192,0
C[C@@H]([C@@H]1[C@@H]2CC(=C(N2C1=O)C(=O)[O-])SCC/[NH+]=C/N)O,193,0
CSCCC(=O)/C(=C/OP(=O)([O-])[O-])/O,194,0
CCCC1=C[C@@]2([C@@H]([C@H](OC2=CC1=O)c3ccc(c(c3)OC)OC)C)OC,195,0
CC(=CCC/C(=C/C=C\C(=C/C=C\C=C(/C)\C=C/C=C(\C)/C=C\C=C(/C)\C=O)\C)/C)C,196,0
CCOC(=O)/C=C/c1ccccc1,197,0
C[C@@]12CC[C@@H]3[C@@H]([C@@H]1CC[C@@H]2C(=O)CO)CCC4=CC(=O)CC[C@@]34C,198,0
CCCCC/C=C\C[C@H]1[C@H](O1)C(/C=C\C/C=C\CCCC(=O)O)O,199,0
C1[C@@H]([C@@H]([C@@H](C=C1C(=O)[O-])OP(=O)([O-])[O-])O)O,200,0
C[C@]12CCCC(=C)[C@@H]1C[C@H]3[C@@H](C2)OC(=O)C3=C,201,0
CC1=C(C(=O)C(=C(C1=O)OC)OC)CC=C(C)C,202,0
C[C@@H]([C@@H]1[C@@H]2CC(=C(N2C1=O)C(=O)[O-])SCC/[NH+]=C\N)O,203,0
C/C/1=C/[C@@H]2[C@@H]([C@@H](C[C@@]3([C@H](O3)C[C@@H]1OC(=O)C)C)OC(=O)C(=C)C)C(=C)C(=O)O2,204,0
Cc1cccc(n1)/C=C(/c2ccc(cc2)OC)\C(=O)O,205,0
Cc1cc2c(cc1OC)[C@@H](C[C@H]3C2=C(C(=O)O3)C)C,206,0
c1ccc2c(c1)c3ccccc3c4c2ccc5c4C6C(O6)C(C5O)O,207,0
C/C(=C\C=C\C=C(/C)\C=O)/C=C/C=C(\C)/C=C/[C@]12[C@@](C[C@@H](C[C@]1(O2)C)O)(C)C,208,0
COC1=CC(=O)O[C@H](C1)CCc2ccc3c(c2)OCO3,209,0
CC(=CCC/C(=C\CC/C(=C/C=C\C(=C/C=C\C=C(/C)\C=C/C=C(\C)/C=C\C=C(/C)\C=C/C(=O)C(C)(C)OC)\C)/C)/C)C,210,0
C(=C\C(=O)[O-])\C=C(\C(=O)[O-])/O,211,0
C[C@H]1C[C@@H]2[C@@H]([C@@H](C(=O)O2)C)[C@@H](C3=C(C(=O)C[C@H]13)C)O,212,0
c1ccc(cc1)/C(=C/C=C\C(=O)C(=O)[O-])/O,213,0
CC/C=C/C[C@@H]1/C(=C/C=C\CCCCCCCC(=O)[O-])/O1,214,0
C\1=CC(=O)O/C1=C\C(=O)[O-],215,0
C1=C[C@@]([C@H](C=C1C(=O)O)O)(C(=O)O)O,216,0
c1cc(ccc1/C=C(/C(=O)O)\O)O,217,0
CCCCCCCCCCCCCC(=O)O[C@@H]1[C@H]([C@]2([C@@H](C=C(C[C@]3([C@H]2C=C(C3=O)C)O)CO)[C@H]4[C@@]1(C4(C)C)OC(=O)C)O)C,218,0
CC1(CCCC2=C1[C@@H]3[C@H](C2)/C(=C\O)/C(=O)O3)C,219,0
C[C@]12CCC(=O)C=C1CC[C@@H]3C2=CC[C@]4([C@H]3CC[C@@H]4O)C,220,0
C=C(C(=O)[O-])O[C@H]1C=CC=C([C@@H]1O)C(=O)[O-],221,0
c1cc(ccc1/C=C/C(=O)c2ccc(cc2O)O)O,222,0
C(=C\C(=O)[O-])\C=C(\C(=O)[O-])/Cl,223,0
C[C@@]12[C@@H]3[C@@H]([C@@H]4[C@]5(O4)[C@H](OC(=O)C=C5[C@]3([C@@H]6[C@H]([C@@H]1O)O6)C)[C@@](C)(CO)O)OC2=O,224,0
C[C@]12CC[C@H]3[C@H]([C@@H]1CC[C@]2(C)O)CCC4=CC(=O)C(=C[C@]34C)O,225,0
CC1=C(C(CCC1)(C)C)/C=C/C(=C/C=C/C(=C/C=C/C=C(\C)/C=C/C=C(\C)/C=C/C=C(\C)/C(=O)CCC(C)(C)OC)/C)/C,226,0
Cc1cc2c(c(c1)O)C(=O)C=C(C2=O)c3c(cc4c(c3O)C(=O)C=CC4=O)C,227,0
Cc1c2c(cc3c(c2O)C(=O)[C@@]4(C(=O)C=C([C@H]([C@@]4(C3=O)O)O)OC)OC)cc(c1C(=O)OC)OC,228,0
C1=C(C=C(OC1O)C(=O)O)C(=O)O,229,0
CC([C@]12CC(=C3[C@@]4([C@H]1N(CC4)CC5C2O5)c6ccccc6N3)C(=O)OC)O,230,0
c1ccc(c(c1)CC(=O)N[C@H]2[C@@H]3N(C2=O)C(=C(CS3)CSc4nnnn4CC(=O)O)C(=O)O)CN,231,0
C/C(=C\c1ccc(c(c1)O)O[C@H]2[C@H]([C@@H]([C@H](O2)C(=O)C)O)O)/C(=O)N[C@@H]3[C@@H]([C@H]([C@@H]4[C@H]([C@@H]3O)OCO4)O)O,232,0
COc1cc(ccc1O)/C=C\C(=O)[O-],233,0
CCCCC[C@H]1[C@@H](O1)C/C=C/CCCCCCCC(=O)[O-],234,0
CC(=CCC/C(=C/C=C/C(=C\C=C/C=C(\C)/C=C\C=C(/C)\C=C/C=C(\C)/C(=O)[O-])/C)/C)C,235,0
C[C@]1(CC[C@@H]2[C@@H]([C@@H]3[C@@]14[C@@H](O4)[C@@H]5[C@]3(O5)C)OC(=O)C2=C)O,236,0
c1cc(c(cc1/C=C/C(=O)O[C@]2(C[C@H](C[C@@H](C2)O)O)C(=O)O)O)O,237,0
CC(=O)[C@]12[C@H](O1)C[C@@H]3[C@@]2(CC[C@H]4[C@H]3CCC5=CC(=O)CC[C@]45C)C,238,0
CC(=O)[C@@]12[C@@H](C[C@@H]3[C@@]1(C[C@@H]([C@]4([C@H]3CCC5=CC(=O)C=C[C@@]54C)F)O)C)OC(O2)(C)C,239,0
C1[C@H]([C@@H]([C@@H](C=C1C(=O)O)OP(=O)(O)O)O)O,240,0
C(/C(=C/C=C(/C(=O)[O-])\O)/C=O)C(=O)[O-],241,0
C[C@H](CC(=O)O)[C@@]1(CC=C2[C@]1([C@@H](CC(=C2C(=O)O)C[C@]34CC[C@H](O3)C(C4)(C)C)O)C)C,242,0
C=C/C=C(\C(=O)O)/O,243,0
CCN1CCN(C(=O)C1=O)C(=O)N[C@H](c2ccc(cc2)O)C(=O)N[C@H]3[C@@H]4N(C3=O)C(=C(CS4)CSc5nnnn5C)C(=O)O,244,0
CC1=C2CC[C@H]3[C@@H]4CC[C@]([C@]4(C[C@@H]([C@@H]3[C@]2(CCC1=O)C)O)C)(C)O,245,0
c1c(c(c(c(c1Cl)Cl)O)Cl)c2cc(c(c(c2Cl)Cl)Cl)Cl,246,0
CC(=CC[C@@H]1[C@@](O1)(C)[C@@H]2[C@@H]([C@@H](CC[C@@]23CO3)OC(=O)/C=C/C=C/C=C\C=C/C(=O)[O-])OC)C,247,0
C(C(=O)Cl)Cl,248,0
CC(=O)/C=C/C=C(\C)/C=O,249,0
c1c2c(cc(c1O[C@H]3[C@@H]([C@H]([C@@H]([C@H](O3)CO)O)O)O)O)/[N+](=C/C=C/4\C[C@@H](NC(=C4)C(=O)O)C(=O)O)/[C@@H](C2)C(=O)[O-],250,0
C([C@@H](C(=O)O)N)Cl,251,0
C(CC(=O)O)/C=C\C(=O)C(=O)O,252,0
C[C@@H]1C[C@@]23C(=C1)/C=C(\C(=O)/C=C/C(CC(=C(C2=O)C)O3)(C)C)/C,253,0
c1ccc(cc1)c2cc(c(c(c2Cl)Cl)Cl)Cl,254,0
C(/C(=C\C=C(\C(=O)[O-])/O)/C=O)C(=O)[O-],255,0
c1ccc(cc1)/C=C/C(=O)NCCc2ccc(cc2)O,256,0
C[C@]12CC[C@H]3C(=CC(=O)[C@H](O3)C(C)(C)O)[C@@]1(CC[C@@H]4[C@@]2(c5c(c6ccccc6[nH]5)C4)C)O,257,0
CC1=CC(=O)[C@H]([C@]2([C@H]1C[C@@H]3[C@]45[C@@H]2[C@H]([C@@H]([C@]([C@@H]4[C@H](C(=O)O3)OC(=O)CC(C)C)(OC5)C(=O)OC)O)O)C)O,258,0
CCC(=O)O[C@H]1CC[C@@H]2[C@@]1(CC[C@H]3[C@H]2CCC4=CC(=O)[C@@H](C[C@]34C)F)C,259,0
Cc1cc2cc3c(c(c2c(=O)o1)O)OC4(C(c5c(c6c(c(c5O4)O)C(=O)C(=CC6=O)OC)O)O)C7C3O7,260,0
CC1=CC(=O)c2ccccc2C1=O,261,0
C[C@@H]1C[C@H]2[C@@H]3CCC4=CC(=O)CC[C@@]4([C@]3(C(=O)C[C@@]2([C@H]1C(=O)C)C)F)C,262,0
c1ccc2c(c1)c(c[nH]2)/C=[C@](/C(=O)O)\N,263,0
CC1=CC(=O)CC([C@@]1(/C=C/C(=C\C(=O)O[C@@H]2[C@@H]([C@@H]([C@@H]([C@@H](O2)CO)O)O)O)/C)O)(C)C,264,0
C/C=C\1/C[C@H]([C@@](C(=O)OCC2=CCN3[C@H]2[C@@H](CC3)OC1=O)(C)O)C,265,0
C[C@@H]1C2=C(C[C@H](O1)CC(=O)O)C(=O)c3cccc(c3C2=O)O,266,0
Cc1cc2c(cc1OC)[C@@](C(=O)C=C2C(C)C)(C)O,267,0
CSCCC(=O)/C(=C/O)/O,268,0
C[C@@H](C1CCC2[C@@]1(CCC3C2CCC4=CC(=O)CC[C@]34C)C)O,269,0
C\1[C@H](NC(=C/C1=C/C=N\[C@@H](CC2=CC(=O)C(=O)C=C2)C(=O)O)C(=O)O)C(=O)O,270,0
C/C(=C/C=C\C=C(/C)\C=O)/C=C\C=C(/C)\C(=C1C(C[C@@H](C[C@@]1(C)O)O)(C)C)C,271,0
C(CCl)NP(=O)(NCCCl)O,272,0
CC(=CCC/C(=C/CC/C(=C\CC/C(=C\CC/C(=C\CC/C(=C\CC/C(=C\CC/C(=C\CC1=CC(=O)C=C(C1=O)OC)/C)/C)/C)/C)/C)/C)/C)C,273,0
Cc1c2c(c(c3c1[C@@](C(O3)O)(C)CC=C)O)C(=O)C(=C(C2=O)O)C(C)C,274,0
C[C@]12CCC(=O)C=C1CC[C@@H]3[C@@H]2C(=O)C[C@]4([C@H]3CC[C@@]4(C(=O)CO)O)C,275,0
CC1=C(C(C(=C(N1)C)C(=O)OCCCN2CCC(CC2)(c3ccccc3)c4ccccc4)c5cccc(c5)[N+](=O)[O-])C(=O)OC,276,0
CC1=C2CC[C@H]3[C@H]([C@@H]2CC1)CCC4=CC(=O)CC[C@]34C,277,0
C=C(C(=O)[O-])O[C@H]1CC(=C[C@@H]([C@@H]1O)OP(=O)([O-])[O-])C(=O)[O-],278,0
COc1cc(cc(c1O)OC)/C=C/C(=O)O[C@H]2[C@@H]([C@@H]([C@@H]([C@@H](O2)CO)O)O)O,279,0
C([C@@H](/C=C/C(=O)C(=O)[O-])C(=O)[O-])C(=O)[O-],280,0
C[C@@H]1[C@H]([C@H](C[C@@H](O1)O[C@H]2CC[C@@]3([C@H]4CC[C@@]5([C@H](CC[C@@]5([C@@H]4CC[C@@]3(C2)O)O)C6=CC(=O)OC6)C)C=O)OC)O,281,0
CC1=C[C@@H]2[C@](CC1)([C@]3([C@@H]([C@H]([C@H]([C@]34CO4)O2)O)OC(=O)C)C)COC(=O)C,282,0
C[C@H]1C[C@H]2[C@@H]3CC[C@@]([C@]3(C[C@@H]([C@@]2([C@@]4(C1=CC(=O)C=C4)C)F)O)C)(C(=O)C)OC(=O)C,283,0
CC[C@@H]1[C@H](/C=C/C=C/C(=O)[C@@H](C[C@@H]([C@@H]([C@H](/C=C/C(=O)O1)C)O)C)C)C,284,0
C[C@]12CCC(=O)C=C1CC[C@@H]3[C@@H]2[C@@H](C[C@]4([C@H]3CC[C@]4(C)O)C)O,285,0
CC1=CC(=O)[C@@H]2c3cc4cccc(c4c(c3C(=O)C[C@]2(C1)O)O)O,286,0
COc1cc(ccc1O)/C=C/C(=O)[O-],287,0
C(C=O)Cl,288,0
CC(=O)/C=C/[C@@]12C(C[C@@H](C[C@@]1(O2)C)O)(C)C,289,0
C/C(=C\C=C\C=C(/C)\C=C/C=C(\C)/C=C\C=O)/C=C\C=C(/C)\C=C/C=O,290,0
C[C@@H]1C[C@@H]2[C@@H]([C@@H](C(=O)O2)C)[C@@H]([C@]3([C@H]1C=CC3=O)C)OC(=O)C,291,0
c1ccc2c(c1)ccc3c2cc4ccc5c(c4c3)C6C(O6)C(C5O)O,292,0
CC(=O)[C@]1([C@@H](C[C@@H]2[C@@]1(C[C@@H]([C@]3([C@H]2CCC4=CC(=O)C=C[C@@]43C)F)O)C)O)O,293,0
c1nc(c2c(n1)n(cn2)[C@H]3[C@@H]([C@@H]([C@@H](O3)CCl)O)O)N,294,0
c1cc(ccc1C(=O)/C=C(/c2ccc(cc2O)O)\[O-])O,295,0
CCCCCC(=O)/C=C/[C@H]1[C@@H](CC(=O)[C@@H]1CCCCCCC(=O)O)O,296,0
CC1=C2C(=Cc3cccc(c3C2=O)O)C[C@H](O1)CC(=O)[O-],297,0
CCOC(=O)/C(=C/C)/C,298,0
C/C(=C\c1ccc2c(c1)OCO2)/C3(C=C(C(=O)C=C3OC)CC=C)OC,299,0
c1c2c(cc(c1O)O)/[N+](=C/C=C\3/C[C@@H](NC(=C3)C(=O)[O-])C(=O)[O-])/CC2,300,0
C=C(C(=O)[O-])O[C@H]1C=C(C=C[C@@H]1O)C(=O)[O-],301,0
C/C(=C\C=O)/C=C\[C@@]12C(C[C@@H](C[C@@]1(O2)C)O)(C)C,302,0
CC(C)C(=O)/C=C/[C@H](C(=O)C(=O)[O-])C(=O)[O-],303,0
CCCCC/C=C/C(=O)N(CCCNC(=O)C[C@](CC(=O)NCCCN(C(=O)C)O)(C(=O)[O-])O)O,304,0
CC(C)[C@@]12[C@@H](O1)[C@H]3[C@@]4(O3)[C@]5(C[C@@H](C6=C([C@@H]5C[C@H]7[C@]4([C@@H]2O)O7)COC6=O)O)C,305,0
C[C@]12CCC(=O)C=C1CC[C@@H]3[C@@H]2[C@@H](C[C@@]4([C@@H]3CC[C@@H]4C(=O)CO)C)O,306,0
C/C=C\1/C[C@H]([C@@](C(=O)OC[C@H]2CCN3[C@H]2[C@@H](CC3)OC1=O)(C)O)C,307,0
C[C@H]1C[C@@H]2[C@H](C[C@]3([C@H]1CCC3=O)C)C(=C)C(=O)O2,308,0
CCCCC/C=C\CC1C(O1)C/C=C\C/C=C\CCCC(=O)O,309,0
C[C@]12CCC(=O)C=C1CC[C@@H]3[C@@H]2[C@H](C[C@]4([C@H]3CC[C@@H]4C(=O)CF)C)O,310,0
c1cc(ccc1/C=C/C(=C/C(=O)/C=C/c2ccc(cc2)O)/O)O,311,0
c1c2c(cc(c1Cl)Cl)oc3c2c(c(c(c3Cl)Cl)Cl)Cl,312,0
C[C@]12CCC3C1(C3)[C@@H](C[C@@H]4[C@@H]2CC[C@]5([C@H]4CC[C@@]56C=CC(=O)O6)C)O,313,0
COC(=O)C1=CO[C@H]([C@H]2[C@@H]1C=C[C@]2(CO)O)O[C@H]3[C@@H]([C@H]([C@@H]([C@H](O3)CO)O)O)O,314,0
C[C@@H]1[C@H]([C@@H](C[C@@H](O1)c2ccc3c(c2O)C(=O)C4=C(C3=O)[C@]5(C(=O)C[C@](C[C@]5(C=C4)O)(C)O)O)O)O,315,0
Cn1c(nc(=O)c(=O)[nH]1)SCC2=C(N3[C@@H]([C@@H](C3=O)NC(=O)/C(=N\OC)/c4csc(n4)N)SC2)C(=O)O,316,0
C(/C=C\C(=O)O)C(=O)C(=O)O,317,0
C[C@H](C[C@@H]([C@@H]1C(O1)(C)C)O)C2=C3C[C@@H]([C@H]4[C@]5(CCC(=O)C([C@@H]5CC[C@@]4([C@]3(CC2)C)C)(C)C)C)O,318,0
CC(=O)[C@@]1(CC[C@@H]2[C@@]1(CC[C@@H]3[C@@H]2CCC4=CC(=O)CC[C@@]34C)C)O,319,0
CC1(CO1)C2Cc3c(cc(c4c3n(c5ccccc5c4=O)C)O)O2,320,0
CC(c1ccccc1)C(C(=O)OC(/C=C/C=C\C=C\C(=O)O)C2(CO2)C)NC(=O)C,321,0
C[C@H]1[C@H]2[C@@H](CC1=O)C(=C)C[C@@H]([C@@H]3[C@@H]2OC(=O)C3=C)O,322,0
COc1cc(ccc1O)/C=C/C=O,323,0
c1ccc(c(c1)/C(=C\C=C/C(=O)C(=O)[O-])/O)O,324,0
C/C=C\CC1=C([C@H](CC1=O)OC(=O)[C@@H]2[C@H](C2(C)C)C=C(C)C)C,325,0
CC(=O)NCCSC(=O)CC(=O)/C=C/c1ccc(cc1)O,326,0
CCCCCC[C@H]([C@H]1[C@H](C2=C(C[C@H](CC3=C1C(=O)OC3=O)[C@@H]([C@@H]4CC=CC(=O)O4)O)C(=O)OC2=O)O)O,327,0
C[C@@H]1C2=CN3CCc4c5ccccc5[nH]c4[C@@H]3C[C@@H]2C(=CO1)C(=O)OC,328,0
C/C=C(/C)\C(=O)O[C@@H]1C[C@@]([C@@H]2[C@@H](C=C([C@@]2([C@@H]3[C@@H]1C(=C)C(=O)O3)O)C)O)(CCl)O,329,0
CC1=CC(=O)C2CC1C2(C)C,330,0
C1=C[C@@H]([C@@H](C(=C1)C(=O)CCC(=O)[O-])C(=O)[O-])O,331,0
C=C1CC[C@@H]2[C@@H]([C@@H]3[C@H]1C[C@@H](C3=C)O[C@H]4[C@@H]([C@H]([C@@H]([C@H](O4)CO)O)O)O)OC(=O)C2=C,332,0
C([C@@H](C(=O)[O-])[NH3+])/C(=C\C=O)/C=C(/C(=O)[O-])\O,333,0
CC(C)OC(=O)/C=C(\C)/C=C/CC(C)CCCC(C)(C)OC,334,0
CC[C@@](C)(C(=O)O[C@@H]1[C@H]2[C@H]([C@H]([C@]3([C@H]4[C@@]2(CO3)[C@@H](C[C@@H]5[C@@]4([C@@H](C(=O)C=C5C)O)C)OC1=O)O)O)C)O,335,0
C(C(CCl)Cl)Cl,336,0
CC(=CC[C@@H]1[C@@](O1)(C)[C@@H]2[C@@H]([C@@H](CC[C@@]23CO3)OC(=O)/C=C/C=C\C=C/C=C\C(=O)[O-])OC)C,337,0
CC1=C(C(CCC1)(C)C)/C=C/C(=C/C=C/C(=C/C=O)/C)/C,338,0
C/C(=C\CO)/CC/C=C(/C)\C=O,339,0
C/C=C/C=C/C=C\CC/C=C/C=C/C(=O)NCC(C)(C)O,340,0
C[C@@H]([C@H]1[C@H]2CC(=C(N2C1=O)C(=O)O)SCCNC(=O)C)O,341,0
CC(=O)C1=C([C@H]([C@@H]2Cc3cc4cc(cc(c4c(c3C(=O)[C@@]2(C1=O)O)O)O)O)OC)O,342,0
C[C@H]1CC[C@H]2[C@@H]1[C@@H](OC=C2C(=O)[O-])O,343,0
CC(=CCC1=C(C(=O)c2ccccc2C1=O)O)C,344,0
CC1=C[C@H](CC([C@@H]1/C=C/C(=O)C)(C)C)O,345,0
C/C(=C\C=C/C=C(\C)/C=C\C=O)/C=C\C=C(/C)\C=C/[C@@]12C(C[C@@H](C[C@@]1(O2)C)O)(C)C,346,0
C[C@@H]1CC[C@H]2[C@@H]1[C@@H](OC=C2C=O)O[C@H]3[C@@H]([C@H]([C@@H]([C@H](O3)CO)O)O)O,347,0
CC1=C(C(C[C@@H](C1)O)(C)C)/C=C/C(=C/C=C\C(=C/C=C\C=C(/C)\C=C/C=C(\C)/C=C\[C@@]23C(C[C@@H](C[C@@]2(O3)C)O)(C)C)\C)/C,348,0
CCCCCCCCCCCC1=C(C(=O)C=C(C1=O)OC)O,349,0
C[C@]12CCC(=O)C=C1CC[C@@H]3[C@@H]2[C@H](C[C@]4([C@H]3C[C@H]([C@@H]4C(=O)CO)O)C)O,350,0
C/C(=C\C=C\C(=C\C(=O)O)\C)/C=C/C1=C(CCCC1(C)C)CO,351,0
c1cc(ccc1C(C(=O)/C=C\C(=C(\C(=O)O)/O)\Cl)C(Cl)(Cl)Cl)Cl,352,0
C[C@@H]([C@@]12CC(=O)CN3[C@@H]1[C@@]4(CC3)c5ccccc5NC4=C(C2)C(=O)OC)O,353,0
c1cc(c(cc1C[C@@H](C(=O)[O-])/[NH+]=C\C=C\2/C[C@@H](NC(=C2)C(=O)[O-])C(=O)[O-])O)O,354,0
c1cc(c(cc1/C=C/C(=O)O[C@@H]2CC(=C[C@H]([C@H]2O)O)C(=O)O)O)O,355,0
C=CC(C=O)C\1(CCOC(=O)/C1=C/N)O,356,0
C[C@H](C[C@H]([C@@](C)([C@H]1CC[C@@]2([C@@]1(CC[C@H]3C2=CC(=O)[C@H]4[C@@]3(C[C@@H]([C@@H](C4)O)O)C)C)O)O)O)C(C)CO,357,0
C[C@H]1[C@@H]2[C@H](CC(=C)[C@@H]3CC4C([C@@H]3[C@H]2OC1=O)(O4)C)OC(=O)C,358,0
CC(=O)C1CCC2[C@@]1(CC=C3C2CCC4=CC(=O)CC[C@@]43C)C,359,0
C1C=C(N2[C@H]1CC2=O)C(=O)O,360,0
CC(C)/C(=C/C(=O)O)/C(=O)O,361,0
C[C@@H]1C[C@@H]2[C@H](C[C@]3([C@H]1[C@H](CC3=O)O[C@H]4[C@@H]([C@H]([C@@H]([C@H](O4)COC(=O)C)O)O)O)C)C(=C)C(=O)O2,362,0
C([C@@H]([C@@H]1C(=C(C(=O)O1)OP(=O)(O)O)O)O)O,363,0
CC(=CC=O)C,364,0
CC1=C(C(CCC1=O)(C)C)/C=C/C(=C\C=C/C(=C\C=C/C=C(\C)/C=C\C=C(/C)\C=C/C=C(\C)/C=C\C=C(C)C)/C)/C,365,0
CC1=CC[C@@H](CC1=O)C(=C)C,366,0
C(CCCCO)CCC[C@H]1[C@H](O1)CCCCCCCC(=O)[O-],367,0
c1ccc(cc1)/C=C/C(=O)c2ccccc2,368,0
C1=C(C=C([C@]([C@@H]1O)([O-])Cl)Cl)C(=O)[O-],369,0
C[C@]12CC[C@H]3[C@H]([C@@H]1CCC2=O)CCC4=CC(=O)CC[C@]34C=O,370,0
C/C/1=C/CC[C@]2([C@@H](O2)CC(=C(C)C)C(=O)C1)C,371,0
CC(=O)/C=C\C=C(/C(=O)O)\O,372,0
C/C=C(\C)/[C@@H]([C@H](C)/C=C(\C)/C=C/C=C\C=C\C=C(/C)\C(=O)N[C@@H](C)CO)O,373,0
C/C(=C\C=C/C=C(\C)/C=C\C=C(/C)\C=C/C=C(\C)/C=C\C(=O)C(C)(C)OC)/C=C\C=C(/C)\C=C/C=C(\C)/C=C\C(=O)C(C)(C)OC,374,0
C/C/1=C\[C@@H]2[C@@H]([C@H](CC3=C[C@@H](C1)OC3=O)OC(=O)C(=C)C)C(=C)C(=O)O2,375,0
CC(C)CCC[C@H](C)[C@H]1CC[C@@H]2[C@@]1([C@@H](C[C@@H]3[C@@H]2[C@@H](CC4=CC(=O)CC[C@@]34C)O)O)C,376,0
C(/C(=C\C(=O)[O-])/C(=O)[O-])C(=O)[O-],377,0
C/C=C/C=C/C=C\CC/C=C/C(=O)NCC(C)C,378,0
c1ccc(c(c1)c2cc(c(cc2Cl)Cl)Cl)Cl,379,0
C1C=C(N2[C@H]1CC2=O)C(=O)[O-],380,0
CC1=C(N2[C@H]([C@@H](C2=O)NC(=O)[C@@H](c3ccc(cc3)O)N)SC1)C(=O)[O-],381,0
C/C(=C(/C)\C(=O)[O-])/C(=O)[O-],382,0
C(=C(\C=C(/C(=O)[O-])\O)/C(=O)[O-])\C(=O)[O-],383,0
c1ccc(cc1)c2c(c(c(c(c2Cl)Cl)Cl)Cl)Cl,384,0
CC(C)C(=O)/C=C\C=C(\C(=O)[O-])/O,385,0
C1=C[C@@H]([C@H](C(=C1)C(=O)CCC(=O)[O-])C(=O)[O-])O,386,0
CC(C)CCC[C@@H](C)[C@H]1CC[C@@H]2[C@@]1(CC[C@@H]3[C@@H]2[C@@H](CC4=CC(=O)CC[C@@]34C)O)C,387,0
CCCCCCCCCCCCC/C=C/C(=O)[O-],388,0
CC(=O)NC(CCCNC(=N)N)C(=O)CCl,389,0
C[C@@H]1C[C@@H]2[C@H]([C@@H]([C@]3([C@H]1[C@@H]4[C@H]([C@@H]3O)O4)C)O)C(=C)C(=O)O2,390,0
CC(C)CCC[C@@H](C)CCC[C@@H](C)CCC/C(=C\C[C@@]12C(=O)c3ccccc3C(=O)[C@@]1(O2)C)/C,391,0
C[C@@H]1C=C(C(=O)[C@]2([C@H]1C[C@@H]3[C@@]4([C@@H]2[C@@H]([C@H]([C@@]([C@@]4(CC(=O)O3)O)(C)O)OC)O)C)C)OC,392,0
C[C@@H]([C@]1(CC[C@@H]2[C@@]1(CC[C@@H]3[C@@H]2CCC4=CC(=O)CC[C@@]34C)C)O)O,393,0
CC1([C@@H]2CC(=O)[C@@]3([C@@H]([C@]24COC(=O)C[C@@H]4O1)CC[C@@]5([C@]36[C@H](O6)C(=O)O[C@H]5c7ccoc7)C)C)C,394,0
C/C(=C/C=C(\C(=O)[O-])/O)/C=O,395,0
C1=C[C@@H]([C@@H](C(=C1)/C=C/C(=O)O)O)O,396,0
CC[C@]12CC(=C3[C@@]4([C@H]1N(CC4)CC5C2O5)c6ccc(cc6N3)OC)C(=O)OC,397,0
CC(=O)O[C@@H]1C[C@@H]([C@@]23COC([C@@]1([C@@H]2C[C@H]([C@@]4([C@@H]3C(=O)[C@@H]([C@@]5([C@]46[C@H](O6)C[C@H]5c7ccoc7)C)O)C)O)C)O)O,398,0
CC1(C2CC1C(=C)C(=O)C2)C,399,0
C/C=C(/C)\C(=O)O[C@@H]1C[C@@]([C@@H]2[C@@H]([C@@H]3[C@]([C@@]2([C@@H]4[C@@H]1C(=C)C(=O)O4)O)(O3)C)O)(CCl)O,400,0
C[C@H]1C[C@H]2[C@@H]3CCC4=CC(=O)C=C[C@@]4([C@]3([C@H](C[C@@]2([C@]1(C(=O)CO)O)C)O)Cl)C,401,0
c1cn(c(=O)[nH]c1=O)[C@@H]2[C@H]([C@@H]([C@@H](O2)CO[P@@](=O)([O-])O[P@@](=O)([O-])OCC(=O)CBr)O)O,402,0
C=C(CC(=O)O)C(=O)O,403,0
CC(=O)OCC1=C(N2[C@@H]([C@@H](C2=O)NC(=O)CSc3ccncc3)SC1)C(=O)O,404,0
C(=C(/C=C(/C(=O)[O-])\O)\C(=O)[O-])\C(=O)Cl,405,0
C[C@@H]\1[C@H]2[C@H](CC/C1=C\C(=O)OCCN(C)C)[C@]3(CC[C@@H](C([C@@H]3C[C@@H]2O)(C)C)O)C,406,0
CC(=C)C1CCC(=CC1)C(=O)O,407,0
C[C@H]1[C@@H]([C@H]([C@H]([C@H](O1)O)O[C@@H]2[C@@H]([C@H](C=C(O2)C(=O)[O-])O)O)O)O,408,0
c1ccc(cc1)C2CO2,409,0
C[C@]1([C@@H]2[C@@H]([C@@]34CC(=C)[C@@](C3)(CC[C@@H]4C2=CC(=O)[C@@H]1O)O)C(=O)[O-])C(=O)[O-],410,0
C[N+](C)(C)C/C=C/C(=O)[O-],411,0
CC1(CCC[C@]2([C@H]1CC=C([C@@H]2C=O)C=O)C)C,412,0
CC(C)CCC[C@H](C)[C@H]1CC[C@@H]2[C@@]1(CC[C@@H]3[C@@H]2[C@@H](CC4=CC(=O)CC[C@@]34C)O)C,413,0
C[C@]12CCC(=O)C=C1CC[C@@H]3[C@@H]2C(=O)C[C@]4([C@H]3CC[C@@H]4O)C,414,0
C(/C(=C/C=C(/C(=O)[O-])\O)/C(=O)[O-])C(=O)[O-],415,0
CC1=CC(=O)C[C@@]([C@@]1(/C=C\C(=C/C(=O)[O-])\C)O)(C)CO,416,0
c1cc(c(cc1C[C@@H](C(=O)[O-])OC(=O)/C=C\c2ccc(c(c2)O)O)O)O,417,0
c1cc(c(cc1c2c(c(cc(c2Cl)Cl)Cl)Cl)Cl)O,418,0
CC(=O)N[C@@H]1[C@H]([C@@H]([C@H](O[C@H]1O)CO)O)O[C@H]2[C@@H]([C@H](C=C(O2)C(=O)O)O)O,419,0
CCCCCC(=O)/C=C/C=C\C/C=C\C/C=C\CCCC(=O)O,420,0
COC1=CC(=O)C(=CC1=O)[C@H](C=C)c2ccccc2,421,0
C[C@@H]1[C@@H]2CC[C@]3(C=CC(=O)C(=C3[C@H]2OC1=O)C)C,422,0
c1cc2c(cc1O)O[C@H](C2=O)[C@@H]3C4(O3)C=CC(=O)C=C4,423,0
Cc1cc(c([nH]c1=O)/C=C\C(=O)C(=O)[O-])[O-],424,0
C(=C\NC(=O)N)\C(=O)OO,425,0
C(=C/C(=O)[O-])\C(=O)N,426,0
COc1cc(cc(c1OC(=O)[C@H](CC(=O)[O-])O)OC)/C=C/C(=O)[O-],427,0
CC1(CCC[C@]2([C@H]1CC[C@]3([C@@H]2C/C=C/4\CCOC4=O)CO3)C)C,428,0
C/C=C\1/CC(=C)[C@@](C(=O)OCC2=CCN3[C@H]2[C@@H](CC3)OC1=O)(C)O,429,0
CC1=CC(=O)C[C@@]([C@]1(/C=C/C(=C\CO)/C)O)(C)C,430,0
CC1=CC(=O)C[C@]([C@]1(/C=C/C(=C\C(=O)O)/C)O)(C)CO,431,0
C/C=C(\C)/COC(=O)/C(=C/C)/C,432,0
CO/N=C(/c1csc(n1)N)\C(=O)N[C@H]2[C@@H]3N(C2=O)C(=CCS3)C(=O)[O-],433,0
C[C@]12CC[C@H]3[C@H]([C@@H]1CC[C@@H]2N(CCCl)CCCl)CC=C4[C@@]3(CC[C@@H](C4)Cl)C,434,0
C[C@H]1CC[C@H]([C@H](C2=C(C(=O)C[C@H]12)C)O)C(=C)C,435,0
C(=C(\C(=O)[O-])/Cl)\C(=C(\C(=O)[O-])/Cl)\Cl,436,0
c1ccc2c(c1)c3ccc(cc3oc2=O)NC(=O)/C=C\C(=O)O,437,0
C1=CC(=O)C(=O)C=C1Br,438,0
CC(=O)OC[C@@]12[C@H](CCC([C@H]1C=O)(C)C)OC(=O)[C@]34[C@H]2[C@H](C[C@H](C3)C(=C)C4=O)O,439,0
CC1=C(C(CCC1=O)(C)C)/C=C\C(=C/C=C\C(=C/C=C\C=C(/C)\C=C/C=C(\C)/C=C\C=C(/C)\C=C/C=C(C)C)\C)\C,440,0
C1=C[C@H]([C@@H](C(=C1)/C=C\C(=O)[O-])O)O,441,0
COC(=O)/C=C/c1ccccc1,442,0
Cc1cccc(c1N(Cn2cccn2)C(=O)CCl)C,443,0
C[C@H]1CC[C@@H]2[C@@H]1[C@@H](OC=C2C(=O)[O-])O,444,0
Cc1cnc(s1)NC(=O)C2=C(c3ccccc3S(=O)(=O)N2C)O,445,0
C[C@]1(c2c(ccc(c2C(=O)C3=C([C@]4([C@@H](C[C@@H]31)C(C(=C(C4=O)C(=O)N)O)N(C)C)O)O)O)Cl)O,446,0
C/C/1=C\[C@H]([C@H]2[C@H](C[C@@]3([C@H](O3)CC1)C)OC(=O)C2=C)OC(=O)C,447,0
C[C@]12CC[C@H]3[C@H]([C@@H]1CCC2=O)CCC4=CC(=O)CC[C@H]34,448,0
CC(C)CCC[C@@H](C)[C@H]1CC[C@@]2([C@@]1(CC[C@H]3C2=CC(=O)[C@H]4[C@@]3(CC[C@@H](C4)O)C)C)O,449,0
C[C@H]1[C@@H]2C[C@@H]3[C@@]45CO[C@@]([C@@H]4[C@H](C(=O)O3)OC(=O)C)([C@H]([C@@H]([C@@H]5[C@]2(C=C6C1=CC(=O)O6)C)O)O)C(=O)OC,450,0
COC(=O)C=CC(=O)NC[C@H](C(=O)[O-])NC(=O)[C@@H](Cc1ccc(cc1)O)[NH3+],451,0
CC(=O)OCC(=O)[C@H]1CC[C@@H]2[C@@]1(CC[C@H]3[C@H]2CCC4=CC(=O)CC[C@]34C)C,452,0
C[C@]12CC[C@H]3[C@H]([C@@H]1CC[C@@H]2O)CCC4=CC(=O)[C@@H](C[C@]34C)F,453,0
Cc1cccc(c1O)/C=C\C(=O)C(=O)O,454,0
C=C(C(=O)O)OP(=O)(C(=O)O)O,455,0
CC1(N=N1)CCS[C@H]2C=C[C@H]3[C@@H]([C@@H]2O)O3,456,0
C[C@@H]([C@H]1[C@H]2CC(=C(N2C1=O)C(=O)O)SCCNC(=O)CCNC(=O)[C@@H](C(C)(C)CO)O)O,457,0
Cc1c(n2c(c(c(=O)n2c1=O)C)CBr)CSC[C@H](C(=O)[O-])NC(=O)C,458,0
c1cc(c(cc1Cl)c2cc(c(c(c2Cl)Cl)Cl)Cl)O,459,0
C(CCl)N(CCCl)P(=O)(N)O,460,0
c1ccc(c(c1)/C=C\C(=O)[O-])O[C@@H]2[C@@H]([C@@H]([C@@H]([C@@H](O2)CO)O)O)O,461,0
CCCC/C(=C/C(=O)O)/Br,462,0
c1ccc(c(c1)/C=C/C(=O)[O-])O[C@H]2[C@@H]([C@@H]([C@@H]([C@@H](O2)CO)O)O)O,463,0
C/C/1=C/[C@@H]2[C@@H]([C@@H](C[C@@]3([C@H](O3)C[C@@H]1OC(=O)C)C)OC(=O)C(C)C)C(=C)C(=O)O2,464,0
CCCCOC(=O)C=C,465,0
CC1=C(C(CC(C1)O)(C)C)/C=C/C(=C/C=C\C(=C\C=O)\C)/C,466,0
Cc1c(c(c(c(c1O)C(=O)C)O)Cc2c(c3c(c(c2O)C(=O)/C=C/c4ccccc4)OC(C=C3)(C)C)O)O,467,0
CC(=O)[C@H]1CC[C@@H]2[C@@]1(C[C@@H]([C@]3([C@H]2CCC4=CC(=O)C[C@@]43C)F)O)C,468,0
CC(C)[C@@H]1C[C@H]2C(=CCC[C@@]2([C@@H]([C@@H]1O)O)C)C=O,469,0
C/C(=C\1/[C@H]2CC(=C(N2C1=O)C(=O)O)S(=O)/C=C/NC(=O)C)/CO,470,0
COc1cc(ccc1O)/C=C/C(=O)c2c(cc(cc2O)O)O,471,0
C(=C/C=O)\C=C(/C(=O)[O-])\N,472,0
CC1=C2C(=Cc3cccc(c3C2=O)O)C[C@@H](O1)CC(=O)[O-],473,0
c1ccc(c(c1)/C=C/C(=O)[O-])O[C@@H]2[C@@H]([C@@H]([C@@H]([C@@H](O2)CO)O)O)O,474,0
CCCC(=O)O[C@@H]1[C@H]([C@]2([C@@H](C=C(C[C@]3([C@H]2C=C(C3=O)C)O)CO)[C@H]4[C@@]1(C4(C)C)OC(=O)CCC)O)C,475,0
CC1=C(C(=O)CO1)O,476,0
C[C@H]1C[C@H]2[C@@H]3CC[C@@H]([C@]3(CC[C@@H]2[C@@]4(C1=CC(=O)CC4)C)C)C(=O)C,477,0
C1=CC(=C([C@@H]([C@H]1O)O)C(=O)[O-])C(=O)[O-],478,0
c1ccc(c(c1)/C=C\C(=O)O)O,479,0
COc1cc(cc(c1O)OC)/C=C/C(=O)O[C@@H]2[C@@H]([C@@H]([C@@H](O[C@@H]2OC(=O)/C=C\c3cc(c(c(c3)OC)O)OC)CO)O)O,480,0
CC(=C)[C@@H]1CC[C@]2([C@@H](C1)O2)C,481,0
Cc1c(c(c2c(c1O)C3(C(=CC(=O)C(C3=O)C(=O)C)O2)C)C(=O)C)O,482,0
C[C@@]1(C[C@@H]2C[C@]34[C@H](O3)[C@@H](C(=C)[C@]4([C@@H]2C1)C)O)C(=O)O,483,0
C[C@@]12CCC(=O)C=C1CC[C@@H]3[C@@H]2[C@@H](C[C@@]4([C@@H]3CC[C@@H]4C(=O)CO)C)O,484,0
CCCl,485,0
c1c([nH+]c[nH]1)C=CC(=O)[O-],486,0
CC[C@@H](C)[C@@H]1C(=O)O[C@@H]2N1C3=C(c4c2cc(cc4O)C)C(=O)c5cccc(c5C3=O)O[C@@H]6C[C@@H]([C@@H]([C@@H](O6)C)O)O,487,0
[C]C[C@@H]1C(=O)N[C@@H](C(=O)N/C(=C\NC(=O)N)/C(=O)N[C@H](C(=O)NC[C@@H](C(=O)N1)N)[C@H]2CC=NC(N2)N)CN[C],488,0
CCCCCCC(=O)O[C@H]1CC[C@@H]2[C@@]1(CC[C@H]3[C@H]2CCC4=CC(=O)CC[C@]34C)C,489,0
Cc1c2c(c(c3c1c(ccc3O)Cl)O)C(=O)[C@]4([C@@H](C2)C(=O)C(=C(C4=O)C(=O)N)O)O,490,0
CC(/C=C\C(=O)C(=O)O)C(=O)O,491,0
CC1=C(SCCO1)C(=O)Nc2ccccc2,492,0
c1c2c(cc(c1O[C@@H]3[C@@H]([C@@H]([C@@H]([C@@H](O3)CO)O)O)O)O)/[N+](=C\C=C/4\C[C@@H](NC(=C4)C(=O)[O-])C(=O)[O-])/[C@@H](C2)C(=O)[O-],493,0
CC(=O)OCC1=C[C@H]2[C@H]3[C@@H]1[C@@H](OC=C3C(=O)O2)O[C@H]4[C@@H]([C@H]([C@@H]([C@H](O4)CO)O)O)O,494,0
CC(Cl)Cl,495,0
CCOC(=O)C1=C(NC(=C(C1c2ccccc2C(F)(F)F)C(=O)OCCNC(=O)c3ccc(cc3)N=N#N)C)C,496,0
C/C=C/C(=O)C[N+](C)(C)C,497,0
CC[C@H]1CN2CC[C@]3([C@@H]2C[C@@H]1/C(=C\OC)/C(=O)OC)c4ccccc4NC3=O,498,0
CC#C[C@@]1(CC[C@@H]2[C@@]1(C[C@@H](C3=C4CCC(=O)C=C4CC[C@@H]23)c5ccc(cc5)N(C)C)C)O,499,0
C12C(C(C3C1O3)Cl)C4(C(=C(C2(C4(Cl)Cl)Cl)Cl)Cl)Cl,500,0
CC1=CC(=O)CC([C@@]1(/C=C/C(=C/C(=O)[O-])/C)O)(C)C,501,0
CC1=C2[C@H]3[C@@H](CC[C@]2(CCC1)C)C(=C)C(=O)O3,502,0
c1c(c(c(c(c1Cl)Cl)O)O)Cl,503,0
CC(=CCC/C(=C/CC/C(=C/C=C/C(=C/C=C/C=C(\C)/C=C/C=C(\C)/C=C/C=C(\C)/C=C/C(=O)C(C)(C)OC)/C)/C)/C)C,504,0
C[C@H]1[C@H]2CN3CCc4c5ccccc5[nH]c4[C@@H]3C[C@@H]2C(=CO1)C(=O)OC,505,0
CC1=C(C(CC(C1)O)(C)C)/C=C/C(=C/C=C/C(=C/C=O)/C)/C,506,0
C/C=C\1/C[C@H]([C@@](C(=O)OCC2=CCN3[C@H]2[C@@H]([C@@H](C3)O)OC1=O)(C)O)C,507,0
C/C(=C\C=C\C=C(\C)/C=C\C=C(/C)\C=O)/C=C\C=C(/C)\C=O,508,0
C=C(C(=O)O)O[C@@H]1C=C(C=C[C@H]1O)C(=O)O,509,0
C[C@@H]1[C@H](OC2=CC(=O)C(=C[C@@]12OC)CC=C)c3ccc(c(c3)OC)OC,510,0
C1[C@@H](C=C(S1)C(=O)[O-])[NH3+],511,0
C[C@@H]1C=C(C(=O)[C@]2([C@H]1C[C@@H]3[C@@]4([C@@H]2[C@H]5[C@H]([C@@]([C@@]4(CC(=O)O3)O)(C)O)OCO5)C)C)OC,512,0
C=C(C(=O)[O-])O[C@@H]1C=CC=C([C@H]1O)C(=O)[O-],513,0
C/C(=C\C(=O)CC(=O)CC(=O)CC(=O)CC(=O)CC(=O)CC(=O)CC(=O)CC(=O)[O-])/[O-],514,0
c1(c(c(c(c(c1Cl)Cl)Cl)Cl)Cl)O,515,0
CCCC(=O)c1c(c(c(c2c1OC(C=C2)(C)C)O)CC3=C(C(C(=C(C3=O)C(=O)CCC)O)(C)C)O)O,516,0
Cn1c(nnn1)SCC2=C(N3[C@@H]([C@H](C3=O)NC(=O)[C@@H](c4ccccc4)O)SC2)C(=O)[O-],517,0
C[C@@H]1C[C@H]2[C@@H]3CCC4=CC(=O)C=C[C@@]4([C@]3([C@H](C[C@@]2([C@]1(C(=O)CCl)O)C)O)Cl)C,518,0
C[C@H]1CCC(=C1C(=O)C=C(C)C)c2ccoc2,519,0
COC(=O)/C/1=C/c2c3ccccc3[nH]c2/C(=C\c4c1[nH]c5c4cccc5)/C(=O)OC,520,0
COc1cc(ccc1O)/C=C/C(=O)OCCCCCCCCCCCCCCCC(=O)O,521,0
CC(=CCC/C(=C/CC1=CC(=O)C=CC1=O)/C)C,522,0
CCCCC[C@@H](/C=C/C1C(O1)C/C=C\C/C=C\CCCC(=O)O)O,523,0
C=C1CC(C2C(C3C1CC(C3=C)O)OC(=O)C2=C)OC(=O)C(=C)CO,524,0
C[C@]12CC[C@@H]3c4ccc(cc4CC[C@H]3[C@@H]1CC[C@@H]2OP(=O)([O-])[O-])OC(=O)N(CCCl)CCCl,525,0
C[C@]12CC[C@H]3[C@H]([C@@H]1CC[C@@H]2C(C=O)O)CCC4=CC(=O)CC[C@]34C,526,0
CC1=C(C(=O)c2ccccc2C1=O)C/C=C(/C)\CCC[C@H](C)CCC[C@@H](C)CCCC(C)C,527,0
C[C@H]1[C@H](O1)[P@](=O)(O)[O-],528,0
c1cc(c(cc1/C=C/C(=O)c2c(cc(cc2O)O[C@H]3[C@@H]([C@H]([C@@H]([C@H](O3)CO)O)O)O)O)O)O,529,0
c1cn(c(=O)[nH]c1=O)[C@@H]2[C@@H]([C@@H]([C@@H](O2)CO[P@@](=O)([O-])O[P@@](=O)([O-])OCC(=O)CBr)O)O,530,0
CC1=C(C(=O)C[C@@H]1OC(=O)[C@@H]2[C@H](C2(C)C)/C=C(\C)/C(=O)OC)C/C=C\C=C,531,0
C(C(OC(F)F)(F)F)(F)Cl,532,0
CCCCC/C=C\C[C@@]\1(C=CC(=O)/C1=C\C=C/[C@@H](CCC(=O)OC)OC(=O)C)OC(=O)C,533,0
c1ccc(c(c1)C(=O)/C=C\C=C(/C(=O)[O-])\O)N,534,0
C[C@@H]([C@@H]1[C@H]2CC(=C(N2C1=O)C(=O)O)SCCNC(=O)CCNC(=O)[C@@H](C(C)(C)CO)O)O,535,0
c1c2c(c(=O)oc1C(=O)O)/[N+](=C/C=C/3\C[C@H](NC(=C3)C(=O)O)C(=O)O)/[C@@H](C2)C(=O)[O-],536,0
c1c(cc(c2c1CC3(O2)C=C(C(=O)C(=C3)Br)Br)Br)CO,537,0
c1cc(ccc1/C=C\C(=O)N[C@@H](CC(=O)[O-])C(=O)[O-])O,538,0
CC1=CC(=O)C[C@@]([C@@]1(/C=C/C(=C/C(=O)[O-])/C)O)(C)CO,539,0
C(=C\C(=O)O)\C=C(/C(=O)O)\Cl,540,0
C[C@H]1[C@@H]([C@H]([C@H]([C@@H](O1)O[C@H]2CC[C@]3([C@H](C2)CC[C@@H]4[C@@H]3CC[C@]5([C@@]4(CC[C@@H]5C6=CC(=O)OC6)O)C)CO)O)O)O,541,0
CC1=CC(=O)CC([C@@]1(/C=C\C(=C\C=O)\C)O)(C)C,542,0
C1C=CN(C=C1C(=O)N)[C@@H]2[C@H]([C@@H]([C@@H](O2)COP(=O)([O-])[O-])O)O,543,0
COc1cc(cc(c1O)OC)/C=C\C=O,544,0
C(=C\C(=O)O)\C=C/C(=O)O,545,0
COc1cc2c(cc1O)[C@@H]3C[C@H]4[C@H]([C@@H](OC=C4C(=O)N3CC2)O[C@H]5[C@@H]([C@H]([C@@H]([C@H](O5)CO)O)O)O)C=C,546,0
CCOC(=O)NC[C@H](Cc1ccc(cc1)OCCc2c(oc(n2)c3ccccc3)C)N/C(=C\C(=O)c4ccc(cc4)C(F)(F)F)/C,547,0
c1cn(c(=O)[nH]c1=O)[C@H]2[C@@H]([C@@H]([C@@H](O2)CO[P@@](=O)([O-])O[P@@](=O)([O-])OCC(=O)CBr)O)O,548,0
CC(C)c1c2c(cc(=O)o1)[C@@]3([C@H]4[C@@H](C2)OC(=O)[C@]4([C@H]([C@H]5[C@@H]3O5)O)C)C,549,0
C[C@@H]1[C@H](C[C@@H]2[C@@H]1[C@@H](OC=C2C(=O)OC)O[C@@H]3[C@@H]([C@@H]([C@@H]([C@@H](O3)CO)O)O)O)O,550,0
CC1=C(C(=O)C(=C(C1=O)OC)OC)C/C=C(\C)/CC/C=C(\C)/CC/C=C(\C)/CC/C=C(\C)/CC/C=C(\C)/CCC=C(C)C,551,0
CC1=C(C(=O)C[C@@H]1OC(=O)[C@@H]2[C@H](C2(C)C)C=C(C)C)C/C=C\C=C,552,0
C(/C(=C/C=C(\C(=O)[O-])/O)/C(=O)[O-])C(=O)[O-],553,0
C1C(C2=C(C(=O)C(=O)C(=C2)CC(C(=O)O)N)NC1C(=O)O)C(=O)O,554,0
CC(=O)OC[C@@H]([C@H](c1ccc(cc1)[N+](=O)[O-])O)NC(=O)C(Cl)Cl,555,0
CC1=CC(=O)[C@]23C[C@@H]4CN(CC[C@@H]4[C@H]2[C@H](C[C@@H]3C1)O)C,556,0
CC(=O)OC[C@H]1CC[C@@H]2[C@@]1(CC[C@H]3[C@H]2CCC4=CC(=O)CC[C@]34C)C,557,0
C/C(=C(/CC(=O)[O-])\C(=O)[O-])/C(=O)[O-],558,0
CC(=O)[C@H]1CC[C@@H]2[C@@]1(C[C@H]([C@H]3[C@H]2C[C@H](C4=CC(=O)CC[C@]34C)O)O)C,559,0
CC(=O)N/C=C(/CC(=O)O)\C(=O)O,560,0
c1cc(ccc1C[C@H](C(=O)[O-])OC(=O)/C=C/c2ccc(cc2)O)O,561,0
CCNc1nc(nc(n1)Cl)NCC,562,0
CC(=O)N/C=C(\CC(=O)[O-])/C(=O)[O-],563,0
C[C@]12CCC(=O)C=C1CC[C@@H]3[C@@]2(C(=O)C[C@]4([C@H]3CC[C@]4(C)O)C)F,564,0
CCCCCCCCCCCCC/C=C/C(=O)[C@H](CO)N,565,0
CC12CCC(=O)C=C1CCC3C2C(=O)CC4(C3CCC4C(=O)CO)C,566,0
CC(=CCC/C(=C\CC/C(=C/CC/C(=C\CC/C(=C\CC/C(=C\CC/C(=C\CC/C(=C\CC1=CC(=O)C=C(C1=O)OC)/C)/C)/C)/C)/C)/C)/C)C,567,0
C[C@]12CC(=O)[C@H]3[C@H]([C@@H]1CCC2=O)CC[C@@H]4[C@@]3(C=CC(=O)C4)C,568,0
Cc1cc(c2c(c1O)C(=O)C34C5C6C(C3C(=C7C6(C(C5O)C(=C4C2=O)O)C(=O)c8c(c(cc(c8O)C)O)C7=O)O)O)O,569,0
C=C(C(=O)[O-])O[C@@H]1C=C(C=C[C@@H]1[NH3+])C(=O)[O-],570,0
c1c(c(cc(c1Cl)O)Cl)c2cc(c(cc2Cl)Cl)Cl,571,0
CC1=C(C(CCC1)(C)C)/C=C/C(=C/C=C\C(=C/C=C\C=C(/C)\C=C/C=C(\C)/C=O)\C)/C,572,0
CC1=CC[C@@H]2[C@H]1[C@@H]3[C@@H](CCC2=C)C(=C)C(=O)O3,573,0
c1cc(ccc1C[C@H](C(=O)[O-])OC(=O)/C=C\c2ccc(cc2)O)O,574,0
CC1COc2ccccc2N1C(=O)C(Cl)Cl,575,0
C[C@@H]1C[C@@]2([C@H]3CC[C@]4([C@H]([C@@H]3CCC2=CC1=O)CC[C@]4(C)O)C)C,576,0
CCC(C)C(=O)OC[C@@]1([C@@H]2[C@]1(C[C@H]([C@]3([C@H]2C=C(C[C@]4([C@H]3C=C(C4=O)C)O)COC(=O)C)O)C)OC(=O)Cc5ccccc5)C,577,0
CCCC[C@H](/C=C(\C)/C=C/C=C/C(=O)N1CCCC1=O)O,578,0
CC(C)C1=Cc2ccc3c(c2C(=O)C1=O)CCCC3(C)C,579,0
C/C(=C\C=C\C=C(\C)/C=C\C=C(/C)\C=C/[C@@]12C(C[C@@H](C[C@@]1(O2)C)O)(C)C)/C=C\C=C(/C)\C=C/[C@@]34C(C[C@@H](C[C@@]3(O4)C)O)(C)C,580,0
C[C@]12CCC(=O)C=C1CC[C@@H]3[C@@]2([C@H](C[C@]4([C@H]3CC[C@@]4(C(=O)CO)O)C)O)F,581,0
Cc1ccc(cc1)S(=O)(=O)N[C@@H](CCCNC(=N)N)CCl,582,0
C=C(C(=O)[O-])O[C@@H]1CCC=CC(=C1)C(=O)[O-],583,0
C[C@]12CC[C@@H]3[C@@H]([C@@H]1CC[C@@H]2O)CCC4=CC(=O)CC[C@@]34CO,584,0
C[C@H]1C[C@H]2[C@H](CC=C1/C=C/C(=O)C)C(=C)C(=O)O2,585,0
CN1C2CCC1[C@H]([C@H](C2)OC(=O)/C=C/c3ccccc3)C(=O)OC,586,0
C1=C[C@@H]([C@@H](C(=C1)/C=C\C(=O)[O-])O)O,587,0
C[C@]12CCC(=O)C=C1CC[C@@H]3[C@@H]2CC[C@@]4([C@@H]3CCC4=O)C,588,0
COC(=O)/C=C/C(=O)NC[C@H](C(=O)[O-])NC(=O)[C@@H](CCSC)[NH3+],589,0
C[C@]12CCC(=O)C=C1CC[C@@H]3[C@@H]2[C@@H](C[C@]4([C@H]3CC[C@@H]4O)C)O,590,0
C[C@@H]([C@H]1[C@H]2CC(=C(N2C1=O)C(=O)O)S/C=C/NC(=O)C)O,591,0
CCCCC[C@H]1[C@H](O1)C/C=C\CCCCCCCC(=O)O,592,0
C[C@]12CCC(=O)C=C1CC[C@@H]3[C@@H]2[C@H](C[C@]4([C@H]3CC[C@@H]4C(=O)CO)C=O)O,593,0
Cn1c(nnn1)SCC2=C(N3[C@H]([C@H](C3=O)NC(=O)[C@@H](c4ccccc4)O)SC2)C(=O)[O-],594,0
CCN(CC)C(=O)/C(=C/c1cc(c(c(c1)O)O)[N+](=O)[O-])/C#N,595,0
C[C@@]1(CC[C@@H]2[C@@]1(C=CC3=C4CCC(=O)C=C4CC[C@@H]23)C)O,596,0
CCN(CC)C(=O)/C(=C/c1cc(c(c(c1)O)O)[N+](=O)[O-])/C#C,597,0
C(/C=C/Cl)Cl,598,0
C[C@]12[C@@H](C(=O)N[C@@]1(C(=O)O2)[C@@H]([C@@H]3CCCC=C3)O)CCCl,599,0
C/C(=C/C(=O)O)/C=C/[C@@]1([C@@]2(C[C@@H](C[C@]1(OC2)C)O)C)O,600,0
Cc1nc(nc(n1)OC)NC(=O)NS(=O)(=O)c2ccccc2OCCCl,601,0
C[C@H]1[C@@H](O1)[P@](=O)(O)[O-],602,0
c1cc(ccc1Cn2ccnc2)/C=C/C(=O)O,603,0
CSC(=O)OCC1=C[C@H]2[C@@H]3[C@@H]1[C@@H](OC=C3C(=O)O2)O[C@@H]4[C@@H]([C@@H]([C@@H]([C@@H](O4)CO)O)O)O,604,0
CC(=CCC/C(=C\C=C/C(=C\C=C/C(=C\C=C/C=C(\C)/C=C\C=C(/C)\C=C/C=C(\C)/C=O)/C)/C)/C)C,605,0
COc1cc(ccc1O)/C=C/C(=O)O[C@@H]2[C@@H](C[C@](CC2O)(C(=O)O)O)O,606,0
COc1cc(cc(c1O)OC)/C=C\C(=O)OCCC/C(=N/OS(=O)(=O)[O-])/S[C@@H]2[C@@H]([C@@H]([C@@H]([C@@H](O2)O)O)O)CO,607,0
CC1=C(C(=O)c2ccccc2C1=O)C,608,0
CC(=O)OCC1=C(N2[C@@H]([C@@H](C2=O)NC(=O)CCC[C@H](C(=O)O)N)SC1)C(=O)O,609,0
CC([C@]12CC(=C3[C@@]4([C@H]1N(CC4)CC=C2)c5ccccc5N3)C(=O)OC)O,610,0
CC(C)(c1ccc(cc1)O)C2=CC(=O)C(=O)C=C2,611,0
C[C@H]1[C@@H](C[C@H]2[C@@H]1[C@@H](OC=C2C(=O)OC)O[C@H]3[C@@H]([C@H]([C@@H]([C@H](O3)COC(=O)C)OC(=O)C)OC(=O)C)OC(=O)C)O,612,0
C[C@]12CCC(=O)C=C1CC[C@@H]3C2=CC[C@]4([C@H]3CC[C@]4(C)O)C,613,0
c1cc2ccc3cc4c(c5c3c2c(c1)cc5)C6C(O6)C=C4,614,0
CC(=O)OCC1=C(N2[C@H]([C@H](C2=O)NC(=O)CCCC(=O)[O-])SC1)C(=O)[O-],615,0
COc1cc(ccc1O)/C=C/C(=O)NCCc2c[nH]c3c2cc(cc3)O,616,0
CC(=O)[C@H]1CC[C@@H]2[C@@]1([C@](C[C@H]3[C@H]2CCC4=CC(=O)CC[C@]34C)(CCl)O)C,617,0
C=C1CC[C@@H]2[C@@H]([C@@H]3[C@H]1C[C@H](C3=C)O)OC(=O)C2=C,618,0
C/C(=C/C=C\C=C(/C)\C=C/C=O)/C=C\C=C(/C)\C=C=C1C(C[C@@H](C[C@@]1(C)O)O)(C)C,619,0
C1C=CN(C=C1C(=O)N)[C@@H]2[C@H]([C@@H]([C@@H](O2)CO)O)O,620,0
c1c(cc(c(c1c2cc(cc(c2Cl)Cl)Cl)Cl)Cl)Cl,621,0
C=C1c2ccccc2NC1=O,622,0
CCCCC/C(=C/c1ccccc1)/C=O,623,0
C(C(=O)CC(=O)O)C(=O)/C=C/C(=O)O,624,0
CC(=CCC/C(=C/CC/C(=C/C=C\C(=C/C=C\C=C(/C)\C=C/C=C(\C)/C=C\C=C(/C)\C=C/C(=O)C(C)(C)OC)\C)/C)/C)C,625,0
C(=C\C(=C(/C(=O)O)\O)\Cl)\C=O,626,0
CC1=C[C@@H]2[C@H](CC[C@]3([C@H]2CC[C@@]3(C(=O)C)OC(=O)C)C)[C@@]4(C1=CC(=O)CC4)C,627,0
C1[C@H]2N(C1=O)[C@@H](/C(=C\C=O)/O2)C(=O)[O-],628,0
C1=CC(=O)C(=O)C=C1CCN,629,0
CCCC(=O)O[C@@]1(CC[C@@H]2[C@@]1(C[C@@H]([C@H]3[C@H]2CCC4=CC(=O)CC[C@]34C)O)C)C(=O)COC(=O)CC,630,0
Cc1coc2c1C(=O)C3=C([C@H]4C[C@H]4[C@@]3(C2)C)C,631,0
C(Cl)Cl,632,0
CC(=CCC/C(=C/C=C\C(=C/C=C\C(=C/C=C\C=C(/C)\C=C/C=C(\C)/C=C\C=C(/C)\C(=O)[O-])\C)\C)/C)C,633,0
CC(=O)C=Cc1ccccc1,634,0
C=C1CC[C@@H]2[C@@H]([C@@H]3[C@H]1C[C@@H](C3=C)O)OC(=O)C2=C,635,0
c1cc(cc(c1)Cl)C(c2ccc(cc2)Cl)C(Cl)Cl,636,0
C/C=C/C/C=C/CCC(=O)[C@@H]1[C@@H](O1)C(=O)N,637,0
CC(=CCC/C(=C/CC/C(=C/C(=O)OC)/C)/C)C,638,0
c1c(cc(c2c1C(=O)C(=CC2=O)O)O)O,639,0
C[C@@H]1CC(=O)C=C([C@]12C(=O)c3c(cc(c(c3O2)Cl)OC)OC)OC,640,0
C[C@@]12[C@H]3[C@H]4[C@H]([C@@H]([C@@]1(C[C@@H]5[C@]2(O5)C(=O)O3)O)C(=O)O4)C(C)(C)O,641,0
CC(=O)N[C@H]1[C@H]([C@@H]([C@@H](O[C@@H]1O)CO)OS(=O)(=O)[O-])O[C@@H]2[C@@H]([C@@H](C=C(O2)C(=O)[O-])O)O,642,0
C(=C/C(=O)[O-])\C(=C\C=O)\O,643,0
CC[C@H](C)[C@H]1C(=O)O[C@@H]2N1C3=C(c4c2cc(cc4O)C)C(=O)c5cccc(c5C3=O)O[C@@H]6C[C@@H]([C@@H]([C@@H](O6)C)O)O,644,0
c1cc(ccc1/C=C\2/C(=O)c3ccc(cc3O2)O)O,645,0
c1ccc(cc1)C(=O)/C=C/S(=O)(=O)c2ccccc2,646,0
CCCCCC(=O)O[C@@]1(CC[C@@H]2[C@@]1(CC[C@H]3[C@H]2CCC4=CC(=O)CC[C@]34C)C)C(=O)C,647,0
CC1=C[C@@H]2[C@H](C[C@@H]3[C@@H]1[C@H](C[C@@]3(C)O)O)C(=C)C(=O)O2,648,0
CC1=C(C(C[C@@H](C1=O)O)(C)C)/C=C/C(=C/C=C\C(=C/C=C\C=C(/C)\C=C/C=C(\C)/C=C\C2=C(C(=O)[C@@H](CC2(C)C)O)C)\C)/C,649,0
Cc1cccc(c1N(Cc2c(ccs2)OC)C(=O)CCl)C,650,0
C[C@@H]([C@H]1[C@H]2CC(=C(N2C1=O)C(=O)O)SC)O,651,0
C(/C(=C/C(=O)C(=O)O)/C(=O)O)C(=O)O,652,0
C1=CC(=O)C(=N)C(=C1)C(=O)O,653,0
CC[C@H](C)[C@H]1C(=O)OC2N1C3=C(c4c2cc(cc4O)C)C(=O)c5cccc(c5C3=O)O[C@H]6C[C@H]([C@H]([C@@H](O6)C)O)O,654,0
CC1=C(C(=O)C[C@@H]1OC(=O)[C@@H]2[C@H](C2(C)C)C=C(C)C)CC=C,655,0
c1cc(c(c(c1)O)O)/C=C/C(=O)[O-],656,0
CC(C(=O)O)Oc1cc(c(cc1Cl)Cl)Cl,657,0
C([C@@H](C(=O)O)N)/C(=C/C=C(\C(=O)O)/O)/C=O,658,0
C[C@]12CC[C@H]3[C@H]([C@@H]1CC[C@@H]2OC(=O)c4ccccc4)CCC5=CC(=O)CC[C@H]35,659,0
C[C@H]1C[C@@]2(CO2)C(=O)[C@@H]([C@H]([C@H]([C@H](OC(=O)[C@@H]([C@H]([C@@H]([C@H]1O)C)O[C@H]3C[C@@H]([C@H]([C@@H](O3)C)O)OC)C)C)C)O)C,660,0
CCCCC/C=C\CC(=O)/C=C/C=C\C/C=C\CCCC(=O)O,661,0
CCC(=O)O[C@H]1CC[C@@H]2[C@@]1(CC[C@H]3[C@H]2CCC4=CC(=O)C[C@]34C)C,662,0
C(CC(=O)[O-])C(=O)/C=C/C=C(\C(=O)[O-])/O,663,0
CC(C)C1=CC2=CC(=O)[C@H]3C(CCC[C@@]3(C2=C(C1=O)O)C)(C)C,664,0
CC1=C(C(=O)c2ccccc2C1=O)C/C=C(\C)/CC/C=C(/C)\CC/C=C(\C)/CC/C=C(\C)/CC/C=C(\C)/CC/C=C(\C)/CCC=C(C)C,665,0
CC(=CC(=O)O[C@@H]1c2c(ccc3c2oc(=O)cc3)OC([C@@H]1OC(=O)C=C(C)C)(C)C)C,666,0
COc1cc(cc(c1O)O)/C=C\C=O,667,0
C/C(=C\C=C\C=C(/C)\C=C/C=O)/C=C\C=O,668,0
c1cc(c(cc1O)Cl)c2c(cc(c(c2Cl)Cl)Cl)Cl,669,0
CC1=C(N2[C@@H]([C@H](C2=O)NC(=O)[C@@H](C3=CCC=CC3)[NH3+])SC1)C(=O)[O-],670,0
CN(C)CC(=O)Nc1cc(c2c(c1O)C(=O)C3=C([C@]4([C@@H](C[C@@H]3C2)[C@@H](C(=C(C4=O)C(=O)N)O)N(C)C)O)O)N(C)C,671,0
C[C@]12CCC(=O)C=C1CC[C@@H]3[C@@]2([C@H](C[C@]4([C@H]3CC[C@]4(C)O)C)O)Cl,672,0
C[C@H]1C[C@@H]2[C@H]([C@H]([C@]3(O2)CC[C@H]4[C@@H]5CC=C6C[C@H](CC[C@@]6([C@H]5C(=O)C4=C3C)C)O)C)NC1,673,0
C/C(=C\C=C\C=C(\C)/C=C\C=C(/C)\C=C/C(=O)[C@@]1(C[C@@H](CC1(C)C)O)C)/C=C\C=C(/C)\C=C/C(=O)[C@@]2(C[C@@H](CC2(C)C)O)C,674,0
C/C(=C/C=C\C=C(/C)\C=C/C=O)/C=C\C=C(/C)\C=C/[C@@]12C(C[C@@H](C[C@@]1(O2)C)O)(C)C,675,0
CCC1=C(/C(=C\C2=N/C(=C\c3c(c(c([nH]3)/C=C\4/C(=C\C)/C(C(=O)N4)(C)C)C)CCC(=O)[O-])/C(=C2C)CCC(=O)[O-])/NC1=O)C,676,0
COc1cc(cc(c1O)OC)/C=C\C(=O)O[C@@H](C/C(=N/OS(=O)(=O)[O-])/S[C@@H]2[C@@H]([C@@H]([C@@H]([C@@H](O2)CO)O)O)O)C=C,677,0
C/C(=C\C=C/C=C(/C)\C=C/C=C(\C)/C=C\C(=O)[O-])/C=C\C=C(/C)\C=C/C(=O)[O-],678,0
C/C=C(/C)\C(=O)O[C@@H]1c2cc(ccc2O[C@H]1C(=C)C)C(=O)C,679,0
c1cc(ccc1/C=C\C(=O)O)O,680,0
CC1=C(C(C(=C(N1)C)[N+](=O)[O-])c2ccccc2C(F)(F)F)C(=O)OC,681,0
COC1=C(C(=O)c2c(c(c3c(c2O)OCO3)O)C1=O)OC,682,0
c1cc(ccc1C[C@H](C(=O)[O-])OC(=O)/C=C/c2ccc(c(c2)O)O)O,683,0
COC1=C(N2[C@@H]([C@@H](C2=O)NC(=O)[C@@H](C3=CCC=CC3)N)SC1)C(=O)O,684,0
CC(C)CCC[C@H](C)CCC[C@@H](C)CCC/C(=C/CC1=CC(=O)c2ccccc2C1=O)/C,685,0
C[C@@]12C[C@@H]3[C@H](C[C@H]1C(=C)[C@H](C[C@H]2O)O)C(=C)C(=O)O3,686,0
COc1ccc(cc1)/C=C/C=O,687,0
COC(=O)C1=CO[C@H]([C@H]2[C@@H]1CC=C2CO)O,688,0
c1ccc(c(c1)C(=O)/C=C/C=C(/C(=O)[O-])\O)N,689,0
C[C@@]12CCC(=O)C=C1CC[C@@H]3[C@@H]2[C@@H](C[C@@]4([C@@H]3CC[C@@H]4C(=O)CO)C=O)O,690,0
C[C@H](CC[C@H]([C@@](C)([C@H]1CC[C@@]2([C@@]1(CC[C@H]3C2=CC(=O)[C@H]4[C@@]3(C[C@@H]([C@@H](C4)O)O)C)C)O)O)O)CO,691,0
c1cc(c(cc1S(=O)(=O)O)/C=C\C(=O)C(=O)O)O,692,0
C[C@@H]([C@@H]1CC[C@@]2([C@@]1(CC[C@@H]3C2=CC(=O)[C@@H]4[C@@]3(C[C@@H](C(=O)C4)O)C)C)O)[C@@H](CCC(C)(C)O)O,693,0
c1cc[n+](cc1)CC2=C(N3[C@H]([C@H](C3=O)NC(=O)Cc4cccs4)SC2)C(=O)[O-],694,0
C[C@@H]1CC2=CC(=O)C=C[C@@]2([C@@H]3[C@@H]1[C@@H]4CC[C@@H]([C@]4(CC3)C)O)C,695,0
CC1=C(C(CCC1=O)(C)C)/C=C/C(=C/C=C/C(=C/C=C/C=C(\C)/C=C/C=C(\C)/C=C/C2=C(C(=O)CCC2(C)C)C)/C)/C,696,0
c1cc2c(c(c1)[N+](=O)[O-])C3C(O3)C=C2,697,0
CC1=C(C(C[C@@H](C1)O)(C)C)/C=C\C(=C\C=C/C(=C\C=C/C=C(\C)/C=C\C=C(/C)\C=C/C2=C(C(=O)[C@@H](CC2(C)C)O)C)/C)\C,698,0
Cc1c(n2c(c(c(=O)n2c1=O)C)CBr)CSC[C@@H](C(=O)[O-])NC(=O)C,699,0
c1c2c(cc(c1O[C@@H]3[C@@H]([C@@H]([C@@H]([C@@H](O3)CO)O)O)O)O)/[N+](=C/C=C/4\C[C@@H](NC(=C4)C(=O)[O-])C(=O)[O-])/[C@@H](C2)C(=O)[O-],700,0
CC(C(=O)O)N(CCCl)CCCl,701,0
Cc1ccc(cc1)S(=O)(=O)N[C@@H](CCCCN)C(=O)CCl,702,0
COP(=O)(C(C(Cl)(Cl)Cl)O)OC,703,0
CC(C)[C@@]12C[C@@H]1C(=C)C(=O)C2,704,0
C(Cl)(Cl)Br,705,0
CC(C)C(=C)C/C=C(/C)\C(=O)O,706,0
CC1(CCC[C@]2([C@H]1CC=C([C@]23CC[C@@](O3)(C)CC(=O)O)C=O)C)C,707,0
C[C@@H]1C2=C(C[C@H](O1)CC(=O)[O-])C(=O)c3cccc(c3C2=O)O,708,0
CC1=C(C(C[C@@H](C1)O)(C)C)/C=C\C(=C/C=C\C(=C/C=C\C=C(/C)\C=C/C=C(\C)/C=C\C2=C(C(=O)[C@@H](CC2(C)C)O)C)\C)\C,709,0
C1=C(O[C@@H]([C@H]([C@@H]1O)O)O[C@@H]2[C@@H]([C@@H]([C@@H](O[C@@H]2C(=O)[O-])O)O)O)C(=O)[O-],710,0
C(=C\C=O)\C=C(/C(=O)O)\O,711,0
C(=C\C=O)\C=C(/C(=O)O)\N,712,0
C([C@H](CCl)O)O,713,0
C(=C\C(=O)O)\C(=O)N,714,0
C(=C\C(=O)O)\C(=O)O,715,0
CC(C(=O)/C=C(\C(=O)O)/Cl)C(=O)O,716,0
c1cc(c(c(c1)Cl)c2c(cc(c(c2Cl)Cl)O)Cl)Cl,717,0
C[C@H]1C[C@H]2[C@@H]3CC[C@@H]([C@]3(C[C@@H]([C@@H]2[C@@]4(C1=CC(=O)CC4)C)O)C)C(=O)C,718,0
CC[C@@H](C)C[C@@H](C)/C=C(\C)/C=C/C=C/C(=O)c1c(c(c[nH]c1=O)c2ccc(cc2)O)O,719,0
C[C@@H]1C[C@@H]2[C@H](C[C@]3([C@H]1C=CC3=O)C)C(C(=O)O2)(CO)O,720,0
C(=C\C(=O)O)\C=C(/C(=O)O)\N,721,0
C(=C\C(=O)O)\C=C(/C(=O)O)\O,722,0
C(=C\C(=O)O)\C=C(/C(=O)O)\F,723,0
C[C@H]1CC[C@@H]2[C@H]([C@]3([C@H]1C=CC3=O)C)OC(=O)C2=C,724,0
CC(C)CCCC(C)CCCC(C)CCC/C(=C/CC1=CC(=O)c2ccccc2C1=O)/C,725,0
C1=CC(=C([C@H]([C@H]1O)O)C(=O)[O-])C(=O)[O-],726,0
CC(=O)O[C@@H]1C=C([C@@]([C@@]2([C@@H]1C(CCC2)(C)C)C)(C=O)O)C=O,727,0
c1c(c(cc(c1Cl)Cl)Cl)c2cc(c(cc2Cl)Cl)Cl,728,0
C[C@@]12[C@@H](O1)[C@@H](OC2=O)c3cc4ccc(=O)oc4cc3OC,729,0
COC1=CC(=O)OC(C1)/C=C/C2=CCCC=C2,730,0
C/C(=C\C=C\C=C(/C)\C=C/C=C(\C)/C=C\C=C(/C)\C=C/C(=O)C(C)(C)OC)/C=C\C=C(/C)\C=C/C=C(\C)/C=C\C(=O)C(C)(C)OC,731,0
C[C@]12CC[C@H]3[C@H]([C@@H]1CC[C@@H]2O)C[C@@H]4C5=CC(=O)CC[C@]35CO4,732,0
C([C@@H]1[C@H]([C@@H]([C@@H](O1)OP(=O)([O-])[O-])O)O)Cl,733,0
CC1=C(N2[C@@H]([C@@H](C2=O)NC(=O)[C@@H](c3ccccc3)N)SC1)C(=O)O,734,0
C[C@@H]1C2=C(C[C@@H](O1)CC(=O)[O-])C(=O)c3cccc(c3C2=O)O,735,0
C[C@H]1CC=CC(=O)O1,736,0
Cc1ccc(c2c1C(=O)C(=O)C(=C2)C)C(C)C,737,0
CC1=C(C(C[C@@H](C1)O)(C)C)/C=C/C(=C\C=C/C(=C\C=C/C=C(\C)/C=C\C=C(/C)\C=C/C2=C(C(=O)[C@@H](CC2(C)C)O)C)/C)/C,738,0
CC(C)[C@H](C[C@H]([C@@](C)([C@H]1CC[C@@]2([C@@]1(CC[C@H]3C2=CC(=O)[C@H]4[C@@]3(C[C@@H]([C@@H](C4)O)O)C)C)O)O)O)O,739,0
C/C(=C\C=C/C=C(\C)/C=C\C=C(/C)\C=C/C(=O)[C@@]1(C[C@@H](CC1(C)C)O)C)/C=C\C=C(/C)\C=C/C(=O)[C@@]2(C[C@@H](CC2(C)C)O)C,740,0
CCCCCCCCCCCCCCCC(=O)OCC(COP(=O)([O-])OCC[N+](C)(C)C)OC(=O)CCCC(=O)/C=C/C(=O)O,741,0
CCOC(=O)C1=C(NC2=C(C1c3ccccc3OC(F)F)C(=O)OC2)C,742,0
CC(=O)OCC1=C(N2[C@@H]([C@@H](C2=O)NC(=O)CSc3ccncc3)SC1)C(=O)[O-],743,0
CC(C)CCC[C@H](C)CCC[C@@H](C)CCC/C(=C\CC1=CC(=O)c2ccccc2C1=O)/C,744,0
COc1cc(cc(c1O)OC)/C=C/C(=O)O[C@@H](C/C(=N/OS(=O)(=O)[O-])/S[C@@H]2[C@@H]([C@@H]([C@@H]([C@@H](O2)CO)O)O)O)C=C,745,0
CN1CC[C@@]23C=C(C(=O)C=C2[C@@H]1CCc4c3c(c(c(c4)OC)OC)OC)OC,746,0
CC1=C(C(C[C@@H](C1=O)O)(C)C)/C=C/C(=C\C=C/C(=C\C=C/C=C(\C)/C=C\C=C(/C)\C=C/C2=C(C(=O)[C@@H](CC2(C)C)O)C)/C)/C,747,0
CN1C2CCC1C3=C(C2)O[C@@H](CC3=O)c4ccccc4,748,0
c1cc(ccc1/C=C\C(=O)NCCCCN(CCCNC(=O)/C=C\c2ccc(cc2)O)C(=O)/C=C\c3ccc(cc3)O)O,749,0
c1cc(ccc1/C=C\C=O)O,750,0
C[C@@]12CCC(=O)C=C1CC[C@H]3[C@@H]2CC[C@@]4([C@@H]3CCC4=O)C,751,0
CC1(C2CC=C(C1C2)C(=O)O)C,752,0
C[C@]12CC[C@@H]3[C@@H]([C@@H]1CC[C@@H]2O)CCC4=CC(=O)CC[C@@]34C,753,0
C=C(CC(=O)[O-])C(=O)[O-],754,0
c1cc(ccc1[N+](=O)[O-])OCC2CO2,755,0
CCCCC/C=C\C[C@@]\1(C=CC(=O)/C1=C/C=C/[C@@H](CCC(=O)OC)OC(=O)C)OC(=O)C,756,0
C/C=C\1/C=[N+]2CCc3c4ccccc4[nH]c3[C@@H]2C[C@@H]1/C(=C/O)/C(=O)OC,757,0
C/C(=C/C=O)/C=C/[C@]12[C@@](C[C@@H](C[C@]1(O2)C)O)(C)C,758,0
C1C[C@@]2([C@@]13C=CC(=O)O3)C=CC(=O)O2,759,0
c1cc(c(cc1c2cc(c(cc2Cl)Cl)Cl)Cl)Cl,760,0
c1cc(ccc1/C=C/C(=O)[O-])O,761,0
C/C=C\1/[C@H](C(=O)N/C1=C\c2c(c(c([nH]2)/C=C\3/C(=C(C(=N3)/C=C\4/C(=C(C(=O)N4)C=C)C)C)CCC(=O)O)CCC(=O)O)C)C,762,0
C[C@@H]([C@@]1(CC[C@@H]2[C@@]1(CC[C@@H]3[C@@H]2CCC4=CC(=O)CC[C@@]34C)C)O)O,763,0
C/C=C(\C)/C(=O)O[C@H]1[C@H]2[C@@H](C(=O)[C@H]([C@H]3[C@]1(C(=O)C=C3)C)C)OC(=O)C2=C,764,0
C[C@]12CCC(=O)C=C1CC[C@@H]3[C@@]24[C@@H](O4)C[C@]5([C@H]3CC[C@]5(C)O)C,765,0
c1nc(c2c(n1)n(cn2)[C@H]3[C@H]([C@@H]([C@@H](O3)CCl)O)O)N,766,0
C[C@H]1CC[C@@H]2[C@H]([C@]3([C@H]1CCC3=O)COC(=O)C)OC(=O)C2=C,767,0
CC[C@H](C)[C@@H]1C(=O)O[C@@H]2N1C3=C(c4c2cc(cc4O)C)C(=O)c5cccc(c5C3=O)O[C@@H]6C[C@@H]([C@@H]([C@@H](O6)C)O)O,768,0
C[C@H]1C[C@@H]([C@@H]2[C@H]([C@]3([C@H]1CCC3=O)C)OC(=O)C2=C)OC(=O)C,769,0
CCC(=O)O[C@H]1CC[C@@H]2[C@@]1(CC[C@H]3[C@H]2[C@@H](CC4=CC(=O)CC[C@]34C)C)C,770,0
CC(C)c1c2c(cc(=O)o1)[C@@]3([C@H]4[C@@H]([C@@H]2O)OC(=O)[C@]4([C@H]([C@H]5[C@@H]3O5)O)C)C,771,0
C[C@]12C=CC(=O)C=C1CC[C@@H]3[C@@H]2[C@H]([C@@H]([C@]4([C@H]3CC[C@@H]4O)C)F)O,772,0
C[C@@]1(CO1)CCCO[P@@](=O)([O-])OP(=O)([O-])[O-],773,0
CCc1c(c([nH]c1C[C@@H]2[C@@H](C3=C(N2)/C(=C\4/[C@@H]([C@@H](C(=N4)/C=C/5\C(=C(C(=O)N5)C=C)C)C)CCC(=O)[O-])/C(=C3[O-])C(=O)OC)C)C=O)C,774,0
C(C(=O)/C=C(\C(=O)O)/Cl)C(=O)O,775,0
CC(=O)O[C@H]1CC[C@@H]2[C@@]1(CC[C@H]3[C@H]2C[C@@H](C4=CC(=O)CC[C@]34C)F)C,776,0
C[C@@]1(C[C@@H]2[C@H](CC1=O)C(=C)C(=O)O2)O,777,0
C[C@]12CC[C@H]3[C@H]([C@@H]1CC[C@@H]2OC(=O)CCC4CCCC4)CCC5=CC(=O)CC[C@]35C,778,0
CC1=CC(=O)C(=C(C)C)CC1,779,0
CC(=C)C1CCC(C2=C1C(=O)C(=C(C2=O)OC)OC)(C)C=C,780,0
C[C@]12CCC(=O)C=C1CC[C@@H]3[C@@]2(C(=O)C[C@]4([C@H]3CC[C@]4(C)O)C)Cl,781,0
CC1=CC(=O)[C@@]2([C@H]1C2)C(C)C,782,0
COc1ccc(cc1O)/C=C/C(=O)O,783,0
C[C@@]12CCC(=O)C=C1CC[C@@H]3[C@@H]2[C@@H](C[C@@]4([C@@H]3CC[C@@H]4C(=O)CO)CO)O,784,0
CCCCC/C=C/C(=O)CCc1ccc(c(c1)OC)O,785,0
C(=C/NC(=O)N)\C(=O)OO,786,0
C/C=C\1/CN2CC[C@@]34[C@@H]2C[C@@H]1C(=C3Nc5c4cccc5)C(=O)OC,787,0
C/C(=C/C(=O)[O-])/C=C\C(=O)[O-],788,0
C/C(=C\C=C\C=C(\C)/C=C\C=C(/C)\C=C/C=C(\C)/C=C\C(=O)C(C)(C)OC)/C=C\C=C(/C)\C=C/C=C(\C)/C=C\C(=O)C(C)(C)OC,789,0
CN1CC[C@]23c4c5ccc(c4O[C@H]2C(=O)C=C[C@H]3[C@H]1C5)O,790,0
CC1=C(C(=O)C[C@]2([C@H]1C[C@@H]3[C@]45[C@@H]2[C@H]([C@@H]([C@]([C@@H]4[C@H](C(=O)O3)OC(=O)C=C(C)C)(OC5)C(=O)OC)O)O)C)O,791,0
c1cc(ccc1/C=C/C(=O)O[C@@H]2CC(=C[C@H]([C@H]2O)O)C(=O)O)O,792,0
C/C/1=C\CC2=C(C(=O)OC2C/C(=C/CC1)/C)C,793,0
C[C@@H]1[C@H]([C@@](C(=O)OCC2=CCN3[C@H]2[C@@H](CC3)OC(=O)C1=C)(C)O)C,794,0
C(=C\C(=O)[O-])\C(=C(/C(=O)[O-])\Cl)\Cl,795,0
C(=C(/C=C(\C(=O)[O-])/O)\C(=O)[O-])\C(=O)Cl,796,0
C[C@]12CCC(=O)C=C1CC[C@@H]3[C@@H]2CC[C@]([C@H]3CCC(=O)O)(C)O,797,0
CN1CC[C@@]23C=C(C(=O)C[C@@H]2[C@@H]1Cc4c3c(c(cc4)OC)O)OC,798,0
COc1cc(ccc1O)/C=C/C(=C/C(=O)/C=C/c2ccc(cc2)O)/O,799,0
c1cc(ccc1N=C2C=C(C(=O)C(=C2)Cl)Cl)O,800,0
CC(=CCC/C(=C\C=O)/C)C,801,0
COC(=O)/C=C/C(=O)NC[C@@H](C(=O)N[C@@H](Cc1ccccc1)C(=O)[O-])[NH3+],802,0
C/C(=C/C=C\C=C(/C)\C=C/C=C(\C)/C=C=C1C(C[C@@H](C[C@@]1(C)O)O)(C)C)/C=C\C=C(/C)\C=C/[C@@]23C(C[C@@H](C[C@@]2(O3)C)O)(C)C,803,0
C1=CC(=O)O[C@@H]1CO[C@H]2[C@@H]([C@H]([C@@H]([C@H](O2)CO)O)O)O,804,0
C/C/1=C\CC(=C(C)C)C(=O)C/C(=C/CC1)/C,805,0
c1ccc2c(c1)C(=O)C=C(C2=O)Cl,806,0
CC(C)[C@H](C)[C@H]([C@@H]([C@@H](C)[C@@H]1CC[C@@H]2[C@@]1(CC[C@@H]3[C@@H]2CCC4=CC(=O)CC[C@@]34C)C)O)O,807,0
CC1=C(C(CCC1)(C)C)/C=C/C(=C/C=C\C(=C/C=C\C=C(/C)\C=C/C=C(\C)/C=C\C2=C(C(=O)[C@@H](CC2(C)C)O)C)\C)/C,808,0
CCCCCCCCCCCCCCC/C=C/C(=O)SC,809,0
C1=CC(=O)C(=O)C=C1C[C@H](C(=O)[O-])[NH3+],810,0
C(=C(\C(=O)O)/Cl)(\C(=C(/C(=O)O)\Cl)\Cl)/Cl,811,0
Cn1c(nnn1)SCC2=C(N3[C@@H]([C@@H](C3=O)NC(=O)[C@@H](c4ccccc4)O)SC2)C(=O)O,812,0
c1cc(ccc1CCNC(=O)/C=C\c2ccc(cc2)O)O,813,0
CC[C@@H]1[C@@H](/C=C/C(=O)[C@@H](C[C@@H]([C@@H]([C@H](C(=O)O1)C)O[C@H]2[C@@H]([C@H](C[C@H](O2)C)N(C)C)O)C)C)C,814,0
CC(C)CC(=O)O[C@H]1[C@H]2C(=C[C@@H]([C@]23CO3)OC(=O)CC(C)(C)OC(=O)C)C(=CO1)COC(=O)C,815,0
C[C@H]1[C@@H]2C[n+]3ccc4c5cc(c(cc5[n-]c4c3C[C@@H]2C(=CO1)C(=O)OC)OC)OC,816,0
CN(CCc1cn(cn1)[C@H]2[C@@H]([C@H]([C@@H]([C@H](O2)CO)O)O)O)C(=O)/C=C/c3ccccc3,817,0
CC(C)CC[C@H]([C@@](C)([C@H]1CC[C@@]2([C@@]1(CC[C@H]3C2=CC(=O)[C@H]4[C@@]3(C[C@@H]([C@@H](C4)O)O)C)C)O)O)O,818,0
C[C@H]1CC[C@@H]([C@@H]1C=O)C(=C)C=O,819,0
C[C@H]1CN(C[C@@H]2C1=CC(=O)[C@H]2C)C,820,0
CCCCCCCCCC(=O)O[C@@]12[C@@H](C1(C)C)[C@@H]3C=C(C[C@]4([C@H]([C@]3([C@@H]([C@H]2OC(=O)/C(=C/C)/C)C)O)C=C(C4=O)C)O)CO,821,0
C[C@@H]1C[C@@H]([C@@]2([C@@H]([C@@]1(C)[C@@H]3C[C@H]4C=CO[C@H]4O3)CC[C@H]([C@]25CO5)OC(=O)C)COC(=O)C)OC(=O)C,822,0
Cc1cc(c(c(c1)O)C2=C(C(=O)c3c(cccc3O)C2=O)C(=O)[O-])C=O,823,0
Cc1c2c(cc3c(c2O)C(=O)[C@@]4(C(=O)C=C([C@H]([C@@]4(C3=O)O)O)OC)O)cc(c1C(=O)OC)O,824,0
C/C(=C\C=C\C=C(/C)\C=C/C=C(\C)/C=C\[C@@]12C(C[C@@H](C[C@@]1(O2)C)O)(C)C)/C=C\C=C(/C)\C=C/[C@@]34C(C[C@@H](C[C@@]3(O4)C)O)(C)C,825,0
C[C@@H]1[C@H]([C@@H](C[C@@H](O1)c2ccc3c(c2O)C(=O)C4=C(C3=O)[C@@H]5[C@@H](CC(=O)O5)O[C@@H]4C)N(C)C)O,826,0
C=C(C(=O)[O-])O[C@@H]1C=C(C=C[C@H]1O)C(=O)[O-],827,0
CC1=C(C(CCC1)(C)C)/C=C/C(=C/C=C\C(=C/C=C\C=C(/C)\C=C/C=C(\C)/C=C\C=C(/C)\C=O)\C)/C,828,0
Cc1c(c([nH]c1/C=C/2\C(=C(C(=O)N2)C)C=C)/C=C/3\C(=C(C(=N3)/C=C\4/C(=C(C(=O)N4)C=C)C)C)CCC(=O)[O-])CCC(=O)[O-],829,0
C1=C([C@H](OC1=O)CC(=O)[O-])C(=O)[O-],830,0
C/C/1=C\[C@H](C/C(=C/[C@H]2[C@H](CC1)C(=C)C(=O)O2)/C)O,831,0
CC(=O)C1=C(Cc2cccc(c2C1=O)O)C[C@H](CC(=O)[O-])O,832,0
C([C@@H]([C@@H]([C@@H](C(=O)[O-])O)O)O)Cl,833,0
c1c2c(cc(c1O)O[C@@H]3[C@@H]([C@@H]([C@@H]([C@@H](O3)CO)O)O)O)/[N+](=C/C=C/4\C[C@@H](NC(=C4)C(=O)[O-])C(=O)[O-])/[C@@H](C2)C(=O)[O-],834,0
COc1cc(ccc1O)/C=C/C(=O)NCCCCN,835,0
C[C@H]1C[C@H]2[C@@H]3CCC4=CC(=O)C=C[C@@]4([C@]3([C@H](C[C@@]2(C1=O)C)O)F)C,836,0
C[C@]12CCC(=O)C=C1C[C@H]([C@@H]3[C@@H]2CC[C@]4([C@H]3CC[C@]4(C)O)C)O,837,0
C/C/1=C\CC[C@@]2([C@H](O2)[C@@H]3[C@@H]([C@@H](C1)OC(=O)/C(=C/CO)/C)C(=C)C(=O)O3)CO,838,0
C1[C@H](CC(=O)C=C1O)O,839,0
c1cc(ccc1C(=O)O[C@H]2[C@@H]3C=CO[C@H]([C@@H]3[C@@]4([C@H]2O4)CO)O[C@H]5[C@@H]([C@H]([C@@H]([C@H](O5)CO)O)O)O)O,840,0
CC(C)[C@@H](C)C[C@H]([C@@H](C)[C@@H]1CC[C@@H]2[C@@]1(CC[C@@H]3[C@@H]2CCC4=CC(=O)CC[C@@]34C)C)O,841,0
C(=C(\C(=O)[O-])/Cl)\C=C(/C(=O)[O-])\Cl,842,0
C1[C@H](NC2=CC(=O)C(=O)C=C21)C(=O)[O-],843,0
CC(C)C(=C)C/C=C(\C)/C=O,844,0
c1cc2=CC3C(O3)c4c2c5c1ccc(c5cc4)O,845,0
C=C(C(=O)[O-])O[C@H]1C=C(C=C[C@H]1[NH3+])C(=O)[O-],846,0
C=C(C(=O)[O-])O[C@@H]1C=C(C=C[C@H]1[NH3+])C(=O)[O-],847,0
CCCCCCCCCCCC1=C(C(=O)C=C(C1=O)[O-])O,848,0
C1[C@H]([C@H](C(=O)C=C1C(=O)[O-])O)O,849,0
C[C@@H]\1[C@H]2[C@H](CC/C1=C\C(=O)OCCNC)[C@]3(CC[C@@H]([C@]([C@@H]3C[C@@H]2O)(C)C=O)O)C,850,0
C[C@]12CCC(=O)C=C1CC[C@@H]3[C@@H]2[C@H](C[C@]4([C@H]3CC[C@@H]4O)C)O,851,0
C/C(=C/C(=O)O)/C=C/[C@]12[C@@](C[C@@H](C[C@]1(O2)C)O)(C)C,852,0
C(CC(=O)[O-])/C=C/C(=O)C(=O)[O-],853,0
CC(=O)/C=C/c1ccccc1,854,0
CC(=O)/C=C\C(=O)O,855,0
CC1=C(N2[C@@H]([C@@H](C2=O)NC(=O)[C@@H](C3=CCC=CC3)N)SC1)C(=O)O,856,0
C[C@@H]1C[C@@H]2[C@H]3CC[C@]4([C@H]([C@@H]3CCC2=CC1=O)CC[C@@H]4O)C,857,0
CC(=O)N[C@H]1[C@@H]([C@@H]([C@@H](O[C@@H]1O)CO)O)O[C@@H]2[C@@H]([C@@H](C=C(O2)C(=O)[O-])O)O,858,0
C1=C([C@H]([C@@H]([C@@H](C1=O)O)O)O)CO,859,0
COc1cc(ccc1O)/C=C\C(=O)NCCc2c[nH]c3c2cc(cc3)O,860,0
C1=C(O[C@H]([C@H]([C@H]1O)O)O[C@H]2[C@@H]([C@@H]([C@@H](OC2C(=O)O)O)O)O)C(=O)O,861,0
c1ccc(c(c1)[C@@H]2[C@@](O2)(Cn3cncn3)c4ccc(cc4)F)Cl,862,0
C1=C(C=C([C@@H]([C@@H]1O)O)Cl)C(=O)[O-],863,0
C=C(CC(=O)C(=O)O)C(=O)O,864,0
c1ccc(c(c1)/C=C/C(=O)C(=O)O)C(=O)O,865,0
C1COC(=O)/C(=C/N)/C1=O,866,0
C[C@H]1[C@H](CC[C@@H](O1)O[C@]23C(=O)C[C@](C[C@]2(C=CC4=C3C(=O)c5ccc(c(c5C4=O)O)[C@H]6C[C@H]([C@@H]([C@H](O6)C)O)O)O)(C)O)O,867,0
CC(=O)[C@@H]1CC[C@H]2[C@@]1(CC[C@@H]3[C@@H]2CCC4=CC(=O)CC[C@@]34C)C,868,0
C[C@]12CCC(=O)C=C1CC[C@H]3[C@@H]2[C@@H](C[C@@]4([C@@H]3CC[C@@]4(C(=O)CO)O)C)O,869,0
C(/C(=C\C=C(/C(=O)[O-])\O)/C=O)C(=O)[O-],870,0
CC1=C(C(=O)c2c(cccc2O)C1=O)O,871,0
C(C(=O)/C=C\C(=O)O)C(=O)O,872,0
CC(=CCC/C(=C\C=C\C(=C/C=C\C=C(/C)\C=C/C=C(\C)/C=C\C=C(/C)\C(=O)O[C@@H]1[C@@H]([C@@H]([C@@H]([C@@H](O1)CO)O)O)O)\C)/C)C,873,0
C(CC(=O)N[C@@H](CSC(=O)CCl)C(=O)NCC(=O)O)[C@@H](C(=O)O)N,874,0
c1ccc(cc1)[C@H](C(=O)N[C@H]2[C@@H]3N(C2=O)C(=C(CS3)C[n+]4ccc(cc4)C(=O)N)C(=O)[O-])S(=O)(=O)O,875,0
C/C(=C/C=C(\C(=O)O)/O)/C(=O)O,876,0
CC1=C(C(CC=C1)(C)C)C=O,877,0
COC1=C(C[C@](CC1=O)(CO)O)NC(CO)CO,878,0
CC1C(O1)(C)C(=O)O[C@@H]2[C@@H](c3c(ccc4c3oc(=O)cc4)OC2(C)C)OC(=O)C,879,0
C[C@]12CC[C@H]3[C@H]([C@@H]1CC[C@@H]2C(=O)CF)CCC4=CC(=O)CC[C@]34C,880,0
c1c2c(cc(c1O)O[C@@H]3[C@@H]([C@@H]([C@@H]([C@@H](O3)CO)O)O)O)/[N+](=C/C=C\4/C[C@@H](NC(=C4)C(=O)[O-])C(=O)[O-])/[C@@H](C2)C(=O)[O-],881,0
c1c2c(cc(c1O)O)/[N+](=C/C=C/3\C[C@@H](NC(=C3)C(=O)[O-])C(=O)[O-])/CC2,882,0
C/C(=C\C=C/C=C(\C)/C=C\C=C(/C)\C=O)/C=C\C=C(/C)\C=O,883,0
CC[C@@H]1[C@@](/C=C/C(=O)[C@@H](C[C@@H]([C@@H]([C@H](C(=O)[C@H](C(=O)O1)C)C)O[C@H]2[C@@H]([C@H](C[C@H](O2)C)N(C)C)O)C)C)(C)O,884,0
CO/N=C(/c1csc(n1)N)\C(=O)N[C@H]2[C@@H]3N(C2=O)C(=C(CS3)CSC(=O)c4ccco4)C(=O)[O-],885,0
C1=CC(=O)C(=CC1=O)O,886,0
c1(c(c(c(c(c1Cl)Cl)[O-])Cl)Cl)O,887,0
C[C@]12CCC(=O)C=C1CC[C@@H]3[C@@H]2C(=O)C[C@]4([C@H]3CC[C@@]4(C(=O)COC(=O)CCC(=O)O)O)C,888,0
CCCCCC(=O)/C=C\[C@@H]1[C@@H](CC(=O)[C@@H]1CCCCCCC(=O)[O-])O,889,0
C[C@H]1[C@@H]([C@H]([C@H]([C@@H](O1)O[C@H]2CC[C@@]3([C@H]4CC[C@@]5([C@H](CC[C@@]5([C@@H]4CC[C@@]3(C2)O)O)C6=CC(=O)OC6)C)C=O)O)O)O,890,0
CC(C)[C@H]1CC[C@]2([C@@]13[C@H](C=C([C@H](C2)OO3)C=O)O)C,891,0
C/C(=C\C=C\C=C(/C)\C=C\C(=O)O)/C=C/C=C(\C)/C=C/[C@]1(C(CCC[C@@]1(C)O)(C)C)O,892,0
C[C@H]1CC[C@@H]2[C@H]([C@]3([C@H]1CCC3=O)C)OC(=O)C2=C,893,0
C[C@@]12c3c(c4ccccc4[nH]3)CCN1C=C([C@@H]5[C@H]2CN6CCc7c8ccccc8[nH]c7[C@H]6C5)C(=O)OC,894,0
C[C@@H]1C[C@@H]2[C@@H]([C@@H](C(=O)O2)C)[C@@H]([C@]3([C@H]1C=CC3=O)C)O,895,0
CC1=C(C(CC=C1)(C)C)/C=C/C(=C/C=C\C(=C\C=O)\C)/C,896,0
COC(=O)/C=C/C(=O)N[C@@H]1CC[C@]2([C@H]3Cc4ccc(c5c4[C@]2([C@H]1O5)CCN3CC6CC6)O)O,897,0
CC(=O)N1CCc2cc(c(cc2[C@H]1C[C@H]3[C@H]([C@@H](OC=C3C(=O)OC)O[C@H]4[C@@H]([C@H]([C@@H]([C@H](O4)CO)O)O)O)C=C)O)O,898,0
C([C@@H]1[C@H]([C@@H]([C@H]([C@@H](O1)OCC2C(O2)(CO)C#N)O)O)O)O,899,0
c1cn(c(=O)[nH]c1=O)[C@@H]2[C@@H]([C@@H]([C@@H](O2)CI)O)O,900,0
C[C@@H]1C[C@@H]2[C@H](C[C@]3([C@H]1C[C@@H](O[C@H]3O)O)C)C(=C)C(=O)O2,901,0
CC1=CC(=O)[C@@H](CC1)C(C)C,902,0
C/C(=C\C=O)/C=C/[C@@]12C(C[C@@H](C[C@@]1(O2)C)O)(C)C,903,0
CCN(CC)C(=O)/C(=C\c1cc(c(c(c1)O)O)[N+](=O)[O-])/C#C,904,0
C[C@]12CC[C@H]3[C@H]([C@@H]1C[C@]([C@@H]2O)(C)O)CCC4=CC(=O)CC[C@H]34,905,0
C=C[C@@H]1[C@@H]2C[C@H]3c4c(c5ccccc5[nH]4)CCN3C(=O)C2=CO[C@H]1O[C@H]6[C@@H]([C@H]([C@@H]([C@H](O6)CO)O)O)O,906,0
CC1=C(C(=O)c2ccccc2C1=O)C/C=C(\C)/CCCC(C)CCCC(C)CCCC(C)C,907,0
CC(=O)O[C@H]1C[C@H]([C@]2([C@@H]3[C@@H](C[C@@H]4C[C@@]3(CC(=O)[C@@H]2C1(C)C)C(=O)C4=C)O)C)OC(=O)C,908,0
C[C@@H]1[C@H]2[C@@H](C[C@@H](O1)CC(=O)[O-])C(=O)c3ccc(c(c3C2=O)O)c4ccc5c(c4O)C(=O)C6=C(C5=O)C[C@@H](O[C@@H]6C)CC(=O)[O-],909,0
C[C@@H]1C[C@@H]([C@]2([C@@H](O1)O[C@@H]3C[C@@H]4CC[C@@H]5[C@@H]([C@]4(C[C@H]3O2)C=O)CC[C@]6([C@@]5(CC[C@@H]6C7=CC(=O)OC7)O)C)O)O,910,0
C/C(=C\CC/C(=C/C(=O)O)/C)/CC[C@@H](C(C)(C)O)O,911,0
CC(=CCC/C(=C/CC/C(=C/C=O)/C)/C)C,912,0
c1ccc2c(c1)C=C[C@H]3[C@@H]2O3,913,0
C/C=C\1/C[C@H]([C@@](C(=O)OC[C@H]2[C@@H](CN3[C@H]2[C@@H](CC3)OC1=O)O)(C)O)C,914,0
C[C@]12C[C@@H]([C@H]3[C@H]([C@@H]1CCC(=O)O2)CCC4=CC(=O)C=C[C@]34C)O,915,0
C/C=C(/C)\C(=O)O[C@H]1C[C@@](C(=O)[C@H]([C@@]2([C@@H]1[C@@](CC2)(C(C)C)O)C)OC(=O)/C(=C\C)/C)(C)O,916,0
CN(C)CCOc1ccc(cc1)/C(=C(/CCCl)\c2ccccc2)/c3ccccc3,917,0
C[C@]12CCC(=O)C=C1CC[C@@H]3[C@@H]2C(=O)C[C@]4([C@H]3CC[C@]4(C)O)C,918,0
CCC(=O)[C@]1(CC[C@@H]2[C@@]1(CCC3=C4CCC(=O)C=C4CC[C@@H]23)C)C,919,0
C[C@]12CCC(=O)C=C1CC[C@@H]3[C@@H]2C(=O)C[C@]\4([C@H]3CC/C4=C/C(=O)OC)C,920,0
c1ccc(c(c1)/C=C\C(=O)[O-])O,921,0
C/C(=C/C=O)/C=C\[C@@]12C(CC(=O)C[C@@]1(O2)C)(C)C,922,0
CC1=C2CC[C@H]3[C@@H]4CC[C@@H]([C@]4(CC[C@@H]3[C@]2(CCC1=O)C)C)O,923,0
C(=C/C(=O)O)\C=C/C(=O)O,924,0
C([C@H](CCl)O)C(=O)C(=O)[O-],925,0
C1=C[C@@](OC1=O)(CC(=O)[O-])S(=O)(=O)[O-],926,0
C/C=C(/C)\C(=O)O[C@@H]1C[C@]2(CO2)[C@@H]3[C@@H](C=C([C@@]3([C@@H]4[C@@H]1C(=C)C(=O)O4)O)C)O,927,0
C[C@@H]1[C@](O1)(C)C(=O)OC\2C([C@@H]3[C@@H](/C=C(\[C@H](C/C=C2\C)OC(=O)C)/C)OC(=O)C3=C)O,928,0
CC(=O)C1[C@@H](C[C@@H]2[C@@]1(CC[C@H]3[C@H]2CCC4=CC(=O)CC[C@]34C)C)O,929,0
c1c2c(cc(c1Cl)Cl)Oc3c(c(c(c(c3Cl)Cl)Cl)Cl)O2,930,0
CC(=O)[C@H]1CC[C@@H]2[C@@]1(CC(=O)[C@]3([C@H]2CCC4=CC(=O)CC[C@@]43C)Br)C,931,0
C/C(=C\C=C\C=C(/C)\C=C\C=C(/C)\C=C\C=C(/C)\C(=O)CCC(C)(C)OC)/C=C/C=C(\C)/C=C/C=C(\C)/C(=O)CCC(C)(C)OC,932,0
c1cc(ccc1/C=C/C(=O)OC[C@@H]2[C@H]([C@@H]([C@H]([C@@H](O2)Oc3c(=O)c4c(cc(cc4oc3c5ccc(cc5)O)O)O)O)O)O)O,933,0
C[C@@H]1C[C@H]2[C@@H]3CCC4=CC(=O)CC[C@@]4([C@]3(C(=O)C[C@@]2([C@H]1C(=O)C)C)Br)C,934,0
CC(=C)C1CCC(=CC1)C=O,935,0
CC1=C(C(CCC1)(C)C)/C=C\C(=C/C=C\C(=C/C=C\C=C(/C)\C=C/C=C(\C)/C=C\C=C(/C)\C=O)\C)\C,936,0
C[C@H]1[C@H](C[C@H]2[C@@H]1[C@@H](OC=C2C(=O)OC)O[C@H]3[C@@H]([C@H]([C@@H]([C@H](O3)CO)O)O)O)O,937,0
CC(C)(c1ccc(cc1)OCCOC(=O)C=C)c2ccc(cc2)OCCOC(=O)C=C,938,0
Cc1cc2c(c(c1)O)C(=O)C=CC2=O,939,0
C/C(=C\C=C\C=C(/C)\C=C/C=O)/C=C\C=C(/C)\C=C/[C@@]12C(C[C@@H](C[C@@]1(O2)C)O)(C)C,940,0
C[C@H]1[C@@H]([C@H]([C@H]([C@@H](O1)O[C@H]2CC[C@]3([C@H](C2)CC[C@@H]4[C@@H]3[C@H](C[C@]5([C@@]4(CC[C@@H]5C6=CC(=O)OC6)O)C)O)C)O)O)O,941,0
C[C@]12CC[C@H]3[C@H]([C@@H]1CCC(=O)O2)CCC4=CC(=O)C[C@]34C,942,0
CC(=CCC/C(=C\CC/C(=C\CC/C=C(\C)/CC/C=C(\C)/CC[C@@H]1C(O1)(C)C)/C)/C)C,943,0
C[C@H]1C[C@@]2(CO2)C(=O)[C@@H]([C@H]([C@H]([C@H](OC(=O)[C@@H]([C@H]([C@@H]([C@H]1O)C)O)C)C)C)O)C,944,0
CO/C=C(\[C@H]1C[C@@H]2c3c(c4ccccc4[nH]3)CCN2C[C@@H]1C=C)/C(=O)OC,945,0
CC/C=C/C[C@@H]1/C(=C\C=C/CCCCCCCC(=O)[O-])/O1,946,0
C[C@@H]1CC[C@H]2[C@@H]1[C@@H](OC=C2C(=O)[O-])O[C@@H]3[C@@H]([C@@H]([C@@H]([C@@H](O3)CO)O)O)O,947,0
C(=C(\C=O)/C(=O)[O-])\C=C(\C(=O)[O-])/O,948,0
c1c(c(cc(c1Br)Br)Br)Oc2c(cc(c(c2Br)Br)Br)Br,949,0
C1[C@@H]2[C@H](C(=O)N2C(=C1SCCN)C(=O)O)CO,950,0
CC[C@]1([C@H](O1)CC/C(=C/CC/C(=C/C(=O)OC)/C)/C)C,951,0
CC(=O)O[C@@H]1C[C@@]2([C@H](O2)CC[C@@]3([C@H](O3)[C@@H]4[C@@H]1C(=C)C(=O)O4)C)C,952,0
CC(C)[C@@H](C)C[C@@H]([C@@H](C)[C@@H]1CC[C@@H]2[C@@]1(CC[C@@H]3[C@@H]2CCC4=CC(=O)CC[C@@]34C)C)O,953,0
C/C(=C\C=C/C=C(\C)/C=C\C=O)/C=C\C=O,954,0
C[C@H]([C@@H]1CC[C@@]2([C@@]1(CC[C@@H]3C2=CC(=O)[C@@H]4[C@@]3(C[C@@H](C(=O)C4)O)C)C)O)[C@@H](CCC(C)(C)O)O,955,0
COc1c2ccc3c(c2ccc1O)C(=O)C=C(C3=O)OC,956,0
COc1cc(cc(c1O)OC)/C=C/C(=O)O[C@@H]2[C@@H]([C@@H]([C@@H]([C@@H](O2)CO)O)O)O,957,0
CC1=C(C(C(=C(N1)C)C(=O)OCCc2ccccn2)c3ccccc3Cl)C(=O)Nc4ccccc4,958,0
C[C@]12CCC(=O)C=C1CC[C@@H]3[C@@H]2CC[C@]4([C@H]3C[C@H]([C@@H]4O)OC)C,959,0
COC(=O)/C(=C/C(=O)[O-])/CC(=O)[O-],960,0
c1ccc(cc1)NC(=O)c2c(c(c(c(c2Cl)Cl)Cl)Cl)O,961,0
C[C@H]1[C@@H]2CCC(=C3[C@@H]([C@H]2OC1=O)C(=CC3=O)C)C,962,0
CC/C=C\C[C@H]1[C@@H](C=CC1=O)CCCCCCCC(=O)[O-],963,0
C1C(=C(N2[C@H](S1)[C@@H](C2=O)NC(=O)CCC[C@H](C(=O)O)N)C(=O)O)COC(=O)N,964,0
C[C@@H]1[C@@H](C[C@@H]2[C@@H]1[C@@H](OC=C2C(=O)[O-])O[C@@H]3[C@@H]([C@@H]([C@@H]([C@@H](O3)CO)O)O)O)O,965,0
CC(=O)O[C@H]1CC[C@@H]2[C@@]1(CC[C@H]3[C@H]2CCC4=CC(=O)CC[C@]34C)C,966,0
C[C@@H]1CC(=O)C=C2[C@]1(CC(=C(C)C)CC2)C,967,0
C\1[C@H](NC(=C/C1=C/C=N\[C@@H](CCC(=O)N)C(=O)O)C(=O)O)C(=O)O,968,0
C(CCC(=O)[O-])C/C(=C/C(=O)[O-])/C(=O)[O-],969,0
CC(=CCC/C(=C/CC/C(=C\C=C/C(=C\C=C/C=C(\C)/C=C\C=C(/C)\C=C/C=C(\C)/C=C\C(=O)C(C)(C)OC)/C)/C)/C)C,970,0
CCCCCC(=O)/C=C/[C@@H]1[C@@H](CC(=O)[C@@H]1C/C=C\CCCC(=O)[O-])O,971,0
C[C@@H]1C[C@]2(C(=CC1=O)CC[C@@H]3[C@@]2(C(=O)C[C@]4([C@H]3CC[C@@H]4C(=O)C)C)F)C,972,0
c1c(c(c(=O)n(n1)C(=O)/C(=C/C=C/C(=O)O)/O)Cl)N,973,0
c1ccc(cc1)C2C(O2)c3ccccc3,974,0
C[C@@]12CCC(=O)C=C1CC[C@H]3[C@@H]2[C@@H](C[C@@]4([C@@H]3CC[C@@H]4C(=O)CO)C)O,975,0
C(C(=O)[O-])Br,976,0
c1ccc(cc1)[C@H]2[C@@H](O2)c3ccccc3,977,0
c1ccc(cc1)C(c2ccccc2)C(Cl)Cl,978,0
C1=C(C=C([C@]([C@H]1O)([O-])Cl)Cl)C(=O)[O-],979,0
c1cc(ccc1c2cc(c(c(c2Cl)Cl)Cl)Cl)O,980,0
C1CCN2C[C@H]3C[C@H]([C@@H]2C1)CN4[C@@H]3CC(=O)C=C4,981,0
C/C(=C/COC(=O)C)/C(=O)O[C@@H]1C[C@@]2([C@H](O2)[C@@H]3[C@@H](O3)/C(=C\[C@@H]4[C@@H]1C(=C)C(=O)O4)/CO)C,982,0
C(=C/C(=O)[O-])\C=C(C(=O)[O-])C(=O)[O-],983,0
C[C@@H]1C=C(C(=O)[C@]2([C@H]1C[C@@H]3[C@@]4([C@@H]2[C@@H]([C@H]([C@@H]([C@@H]4CC(=O)O3)C)OC)O)C)C)OC,984,0
CC(=CCC1=CC(=O)c2ccccc2C1=O)C,985,0
C=C1CC[C@@H]2[C@@H]([C@@H]3[C@H]1CCC3=C)OC(=O)C2=C,986,0
CC[C@@H](C)C[C@@H](C)/C=C(\C)/C=C/C=C/C(=C\1/C(=O)C(NC1=O)Cc2ccc(cc2)O)/O,987,0
C[C@@]1(C[C@H]([C@H]2[C@@H]1[C@@H](OC=C2C(=O)O)O[C@H]3[C@@H]([C@H]([C@@H]([C@H](O3)CO)O)O)O)O)O,988,0
COc1cc(cc(c1O)OC)/C=C/C(=O)O[C@@H](C/C(=N\OS(=O)(=O)[O-])/S[C@@H]2[C@@H]([C@@H]([C@@H]([C@@H](O2)CO)O)O)O)C=C,989,0
CC(=C)C1([C@@H]2[C@H]([C@]3([C@@]4(CO4)[C@H]5[C@@H]([C@]3([C@H]1C(=O)O2)O)O5)C)O)O,990,0
C=C(/C=C(\C(=O)[O-])/O)C(=O)[O-],991,0
c1ccc(c(c1)/C=C/C(=O)O)O[C@H]2[C@@H]([C@H]([C@@H]([C@H](O2)CO)O)O)O,992,0
c1cc(ccc1c2cc(c(c(c2Cl)Cl)Cl)Cl)Cl,993,0
C[C@@H]1[C@](O1)(C)C(=O)O[C@@H]2C/C(=C/C[C@@H](/C(=C/[C@H]3[C@@H]2C(=C)C(=O)O3)/C)OC(=O)C)/C,994,0
CC(C)CCC[C@@H](C)[C@H]1CC[C@@H]2[C@@]1(CC[C@H]3[C@H]2CCC4=CC(=O)NCC[C@]34C)C,995,0
CC(C[C@@H]([C@@H]1C(O1)(C)C)O)C2=C3C[C@@H]([C@H]4[C@]5(CCC(=O)C([C@@H]5CC[C@@]4([C@]3(CC2=O)C)C)(C)C)C)O,996,0
c1ccc(cc1)/C(=C\C=C/C(=O)C(=O)[O-])/O,997,0
CCCCC/C=C\C[C@H]1[C@@H](O1)/C=C/C(C/C=C\CCCC(=O)O)O,998,0
C[C@]12CC[C@H]3[C@H]([C@@H]1CC[C@@H]2O)CC[C@@]45[C@@]3(CCC(=O)[C@@H]4O5)C,999,0
CC[C@@H](C)[C@H]1C(=O)O[C@@H]2N1C3=C(c4c2cc(cc4O)C)C(=O)c5cccc(c5C3=O)O[C@@H]6C[C@@H]([C@@H]([C@@H](O6)C)O)O,1000,0
COc1c2c(cc3c1OCO3)[C@@]45[C@@H](C[C@H]([C@H]6[C@@H]4O6)OC)[N@](C2)C[C@H]5O,1001,0
C[C@@H]1C[C@@H]([C@@]2([C@@H]([C@@]1(C)CCC3=CC(=O)OC3)CCC[C@]24CO4)COC(=O)C)OC(=O)C,1002,0
C[C@@]12CC[C@@H]3[C@@H]([C@@H]1CC[C@@H]2O)CCC4=CC(=O)CC[C@@]34C,1003,0
c1ccc2c(c1)C(=O)C=CC2=O,1004,0
C[C@]12CCC(=O)C=C1CC[C@@H]3[C@@H]2[C@@H](C[C@@]4([C@@H]3CC[C@@H]4C(=O)CO)CO)O,1005,0
CC1=C[C@]2([C@@H](CC[C@@H]3[C@@H]2CC[C@]4([C@H]3CC[C@]4(C)O)C)CC1=O)C,1006,0
C[C@H]1C[C@@H]2[C@H](CC=C1[C@@H](CC(=O)C)OC(=O)C)C(=C)C(=O)O2,1007,0
c1c2c(cc(c1O)O)/[N+](=C\C=C/3\C[C@@H](NC(=C3)C(=O)[O-])C(=O)[O-])/[C@@H](C2)C(=O)[O-],1008,0
CC(=CCc1c(cc(c(c1O)C(=O)/C=C\c2ccc(cc2)O)O)O)C,1009,0
c1cc2c(ccc(c2c(c1)O)O)C3=CC(=O)c4c(cccc4O)C3=O,1010,0
C/C=C(/COC(=O)C)\C(=O)O[C@@H]1C[C@@]2(C=C[C@@](O2)(/C(=C\[C@@H]3[C@@H]1C(=C)C(=O)O3)/C)O)C,1011,0
C[C@H]1[C@H](O1)P(=O)(O)O,1012,0
C[C@@H]1C[C@H]2[C@@H]3CCC4=CC(=O)C=C[C@@]4([C@]3([C@H](C[C@@]2([C@]1(C(=O)CCl)OC(=O)c5ccco5)C)O)Cl)C,1013,0
C(C(Cl)Cl)(O)O,1014,0
CC(C)[C@@H](C(=O)[O-])NC(=O)[C@@H](CNC(=O)C=CC(=O)OC)[NH3+],1015,0
c1cc(c(cc1/C=C\C(=O)O[C@@H]2C[C@@](C[C@@H]([C@@H]2O)O)(C(=O)[O-])O)O)O,1016,0
C[C@@H]1CC(=O)C=C([C@]12CC[C@@H](C2)C(=C)C)CO,1017,0
c1cc2c(cc1/C=C/C=C/C(=O)N3CCCCC3)OCO2,1018,0
C(CC(=O)[O-])C(=O)/C=C\C=C(\C(=O)[O-])/O,1019,0
C[C@]12CC[C@H]3[C@@H]([C@@H]1CC[C@@H]2O)CCC4=CC(=O)CC[C@@]34C,1020,0
C[C@@H]1CC[C@@H]2[C@@H]1[C@@H](OC=C2C(=O)[O-])O[C@@H]3[C@@H]([C@@H]([C@@H]([C@@H](O3)CO)O)O)O,1021,0
C1=C[C@@]([C@H](C=C1C(=O)[O-])O)(C(=O)[O-])O,1022,0
COc1cc(ccc1O)/C=C\C(=O)OC2[C@@H](CC(C[C@@H]2O)(C(=O)[O-])O)O,1023,0
c1cc2ccc3cc(c(c4c3c2c(c1)cc4)/C=C\C(=O)C(=O)O)O,1024,0
c1cc(c(cc1/C=C\C(=O)O[C@H]2C[C@@](C[C@@H]([C@@H]2O)O)(C(=O)[O-])O)O)O,1025,0
C1=C(C(=O)C=C([C@@H]1[O-])/C=C/C(=O)[O-])O,1026,0
CCCCC/C(=C/C(=O)/C=C/c1ccc(c(c1)OC)O)/O,1027,0
C/C(=C\C=C(/C(=O)[O-])\O)/C=O,1028,0
COc1cc(ccc1O)CC/N=C\C=C\2/C[C@H](NC(=C2)C(=O)O)C(=O)O,1029,0
c1cc(ccc1/C(=C/C(=O)O)/CC(=O)O)O,1030,0
C(C(=O)CC(=O)[O-])C(=O)/C=C\C(=O)[O-],1031,0
C[C@@H](C/C(=C\C(=O)N(C)[C@@H](Cc1ccccc1)c2nccs2)/OC)C(Cl)(Cl)Cl,1032,0
C(=C(\C=C(/C(=O)[O-])\Cl)/Cl)\C(=O)[O-],1033,0
c1ccc(cc1)/C=C(/C(=O)O)\O,1034,0
CC(=CC[C@H](C1=CC(=O)c2c(ccc(c2C1=O)O)O)O)C,1035,0
c1ccc2c(c1)ccc3c2C=C[C@@H]4[C@H]3O4,1036,0
C[C@@H]1[C@](O1)(C)C(=O)O[C@H]2[C@@H]3[C@@H]([C@@H]4[C@](O4)(CC/C=C(\[C@@H]2OC(=O)C)/C(=O)OC)C)OC(=O)C3=C,1037,0
C1C=CC(=O)O1,1038,0
CC1=C(S(=O)(=O)CCO1)C(=O)Nc2ccccc2,1039,0
CC(=O)C1=CC[C@@H]2[C@@]1(CC(=O)[C@H]3[C@H]2CCC4=CC(=O)CC[C@]34C)C,1040,0
[C@@H]1([C@@H](O1)C(=O)O)C(=O)O,1041,0
COc1cc(cc(c1O)OC)/C=C/C(=O)[O-],1042,0
C[C@@H]1CC2=CC(=O)C=C[C@@]2([C@@H]3[C@@H]1[C@@H]4CC[C@]([C@]4(CC3)C)(C)O)C,1043,0
C[C@H]([C@]1(CC[C@@H]2[C@@]1(CC[C@@H]3[C@@H]2CCC4=CC(=O)CC[C@@]34C)C)O)O,1044,0
CC(=CCC/C(=C/CC/C(=C/CC/C(=C\CC/C(=C\CC/C(=C\CC/C(=C\CC1=CC(=O)c2ccccc2C1=O)/C)/C)/C)/C)/C)/C)C,1045,0
CC(C)/C=C(\C)/[C@@H]([C@H](C)/C=C(\C)/C=C/C(C/C=C/C=C(\C)/C(=O)N[C@@H](C)CO)O)O,1046,0
C[C@H]1[C@@H]2CC[C@]3(CCC(=O)C(=C3[C@H]2OC1=O)C)C,1047,0
C[C@]12CCC3C(=CC(=O)[C@H]4[C@@]3(C[C@@H]([C@@H](C4)O)O)C)[C@@]1(CC[C@@H]2C(C)([C@@H](CCC(C)(C)O)O)O)O,1048,0
C=C(/C=C(/C(=O)[O-])\O)C(=O)[O-],1049,0
CC1=C(C(CCC1)(C)C)/C=C/C(=O)C,1050,0
C/C(=C\C=C/C(=C\C=C/C(=C\C=C/C=C(\C)/C=C\C=C(/C)\C=C/C=C(\C)/C=C\C(=O)C(C)(C)OC)/C)/C)/C=C\CC(C)(C)OC,1051,0
CO[C@@]1([C@@H]2N(C1=O)C(=C(CS2)COC(=O)N)C(=O)O)NC(=O)Cc3cccs3,1052,0
CC(=O)N[C@@H]1[C@H]([C@@H]([C@@H](O[C@@H]1O)COS(=O)(=O)[O-])O)O[C@@H]2[C@@H]([C@@H](C=C(O2)C(=O)[O-])O)O,1053,0
C[C@H]1CCC[C@H]2[C@@]1(CC3=C(C(=O)O[C@H]3C2)C)C,1054,0
CCC(C)C(=O)O[C@@H]1[C@H]2[C@H]([C@H]([C@]3([C@H]4[C@@]2(CO3)[C@@H](C[C@@H]5[C@@]4([C@@H](C(=O)C=C5C)O)C)OC1=O)O)O)C,1055,0
C1=C(O[C@@H]([C@@H]([C@@H]1O)O)O[C@@H]2[C@@H]([C@@H]([C@@H](O[C@@H]2C(=O)[O-])O[C@@H]3[C@@H]([C@@H]([C@@H](O[C@@H]3C(=O)[O-])O)O)O)O)O)C(=O)[O-],1056,0
COc1cc2c(cc1OC)[C@@]34CC[N@@](C2)C3CC[C@H]5[C@@H]4O5,1057,0
c1cc(c(c(c1Cl)Cl)Cl)Cl,1058,0
C[C@@]12CC[C@@H]3[C@@H]([C@@H]4[C@](O4)(CC[C@H]1O2)C)OC(=O)C3=C,1059,0
CCI,1060,0
C[C@H]1[C@@H]2C=CC(=O)[C@]2([C@H]([C@@H]3[C@@H](C(=O)O[C@@H]3[C@@H]1O)C)OC(=O)C=C(C)C)C,1061,0
CC(C)C[C@@H](C(=O)[O-])NC(=O)[C@@H](CNC(=O)/C=C/C(=O)OC)[NH3+],1062,0
COc1ccc2c3c1O[C@@H]4[C@@]3(CCNC2)C=CC(=O)C4,1063,0
CCl,1064,0
C(=CC(=O)[O-])C(=O)N,1065,0
c1ccc(c(c1)/C(=C\C=C\C(=O)C(=O)[O-])/O)O,1066,0
C/C=C(\C)/C(=O)O[C@H]1CC2[C@@H]([C@@H](C(C1)N2C)O)O,1067,0
CC1=CC(=O)O[C@@H]1CC(=O)[O-],1068,0
CC(=CCC/C(=C/C=C/C(=C\C=C/C(=C\C=C/C=C(\C)/C=C\C=C(/C)\C=C/C=C(\C)/C=O)/C)/C)/C)C,1069,0
CC(=O)/C=C/c1ccc(cc1)O,1070,0
C(CC(=O)[O-])C(=O)/C=C\C=C(/C(=O)[O-])\O,1071,0
C/C(=C\C=O)/CO,1072,0
CC1C(=O)N[C@H](C(=O)N2CCC[C@@H]2C(=O)N[C@H](C(=O)N1)C)CCCCCC(=O)[C@@H]3CO3,1073,0
c1cn(c(=O)[nH]c1=O)[C@H]2[C@H]([C@@H]([C@@H](O2)CO[P@@](=O)([O-])O[P@@](=O)([O-])OCC(=O)CBr)O)O,1074,0
CN1c2ccccc2C(=N[C@H](C1=O)NC(=O)/C=C/c3ccc(cc3Cl)Cl)c4ccccc4,1075,0
C[C@H]1[C@@H]2C=CC(=O)[C@]2([C@H]([C@H]3[C@@H]([C@@H]1O)OC(=O)C3=C)OC(=O)C=C(C)C)C,1076,0
C[C@H]1CC[C@H]2[C@@H]1[C@@H](OC=C2C(=O)OC)O[C@H]3[C@@H]([C@H]([C@@H]([C@H](O3)COC(=O)C)OC(=O)C)OC(=O)C)OC(=O)C,1077,0
c1cc(ccc1C(=O)N[C@H](CCC(=O)[O-])C(=O)[O-])N(Cc2ccc3c(c2)c(=O)[nH]c(n3)N)C(=O)CBr,1078,0
CC(=CCC/C(=C\CC/C(=C\C=C/C(=C\C=C/C=C(\C)/C=C\C=C(/C)\C=C/C=C(\C)/C=C\C(=O)C(C)(C)OC)/C)/C)/C)C,1079,0
CC1=C[C@H]2[C@H](C[C@@H]3[C@@H]1[C@H](C[C@@]3(C)O)OC(=O)C)C(=C)C(=O)O2,1080,0
COC(=O)C1=CO[C@H]([C@@H]([C@@H]1CC=O)C=C)O[C@@H]2[C@@H]([C@@H]([C@@H]([C@@H](O2)CO)O)O)O,1081,0
C([C@@H]1[C@H]([C@@H](C(=O)O1)O)O)Cl,1082,0
C[C@]12CCC(=O)C=C1CC[C@@H]3[C@@H]2CC[C@]4([C@H]3C[C@H]([C@@H]4O)O)C,1083,0
c1ccc(cc1)/C=C\C(=O)c2c(cc(cc2O)O)O,1084,0
c1cc2ccc3cccc4c3c2c(c1)C5C4O5,1085,0
c1cc(c(cc1Cl)Cl)Oc2cc(c(cc2Cl)Cl)Cl,1086,0
Cc1c2cccc(c2c(c3c1C[C@H]4C(=O)C(=C(C(=O)[C@]4(C3=O)O)C(=O)N)O)O)O,1087,0
CC(=CCC/C(=C\CC/C(=C\C(=O)[O-])/C)/C)C,1088,0
CC(=O)N[C@H]1[C@H]([C@@H]([C@@H](O[C@@H]1O)CO)O)O[C@@H]2[C@@H]([C@@H](C=C(O2)C(=O)[O-])O)O,1089,0
CC(C)[C@H](C)C[C@@H]([C@@H](C)[C@@H]1CC[C@@H]2[C@@]1(CC[C@@H]3[C@@H]2CCC4=CC(=O)CC[C@@]34C)C)O,1090,0
C[C@]12CCC(=O)C=C1CC[C@@H]3[C@@H]2CC[C@]4([C@H]3CC[C@@]4(C(=O)CO)O)C,1091,0
C([C@@H]1[C@H]([C@@H]([C@H]([C@@H](O1)O/C(=C(\CC(=O)O)/C=C\C(=O)O)/C#N)O)O)O)O,1092,0
C(C(=O)/C=C/C(=O)[O-])C(=O)[O-],1093,0
c1cn(c(=O)[nH]c1=O)[C@H]2[C@H]([C@@H]([C@@H](O2)CI)O)O,1094,0
C[C@]12C[C@H]3[C@H]([C@H]4C=C([C@@H]5[C@H]([C@@H]1O2)O5)C(=O)O4)C(=C)C(=O)O3,1095,0
C[C@]12CC[C@H]3[C@H]([C@@H]1CCC2=O)C(=O)C=C4[C@@]3(CCC(=C4)OC)C,1096,0
C1=C([C@@H]([C@H]([C@@H](C1=O)O)O)O)CO,1097,0
C1=C(C(=O)C=C([C@@H]1[O-])/C=C\C(=O)[O-])O,1098,0
C=CC=O,1099,0
CC(=CCc1cc(cc(c1O)C/C=C(/C)\CO)/C=C/C(=O)O)C,1100,0
Cc1c(c(c(c(c1O)[C@]2(C=CC(=C(C2=O)C(=O)C)O)C)O)C(=O)C)O,1101,0
C=C[C@@H]1[C@@H]2CCNC(=O)C2=CO[C@H]1O[C@H]3[C@@H]([C@H]([C@@H]([C@H](O3)CO)O)O)O,1102,0
CC(=O)OCC(=O)[C@H]1CC[C@@H]2[C@@]1(C[C@@H]([C@H]3[C@H]2CCC4=CC(=O)CC[C@]34C)O)C,1103,0
c1cc(c(cc1/C=C/C(=O)O[C@H]2CC(=C[C@@H]([C@@H]2O)O)C(=O)[O-])O)O,1104,0
CCCCC/C=C\C/C=C\C=C\C=C\C[C@@H]1[C@H](O1)CCC(=O)O,1105,0
CCCCC/C=C\C(=O)N(CCCNC(=O)C[C@](CC(=O)NCCCN(C(=O)C)O)(C(=O)[O-])O)O,1106,0
CC1(CCC2=C(O1)C(=O)c3c(cccc3OC)C2=O)C,1107,0
CC(=O)O[C@H]1CC[C@@H]2[C@@]1(CC[C@H]3[C@H]2CC[C@@H]4[C@@]3(C=CC(=O)O4)C)C,1108,0
CC1=C(C(C[C@@H](C1)O)(C)C)/C=C/C(=C/C=C/C(=C/C=C/C=C(\C)/C=C/C=C(\C)/C=C/[C@]23C(C[C@@H](C[C@]2(O3)C)O)(C)C)/C)/C,1109,0
c1cc(c(cc1C2(c3c(c(c(c(c3Br)Br)Br)Br)C(=O)O2)c4ccc(c(c4)S(=O)(=O)O)O)S(=O)(=O)O)O,1110,0
C/C(=C\C=C\C=C(/C)\C=C\C=C(/C)\C(=O)O)/C=C/C=C(\C)/C(=O)O,1111,0
CC1=C(C(C[C@@H](C1=O)O)(C)C)/C=C\C(=C/C=C\C(=C/C=C\C=C(/C)\C=C/C=C(\C)/C=C\C=C(/C)\C=C/C=C(C)C)\C)\C,1112,0
CCCCCC(=O)/C=C\[C@@H]1[C@@H](CC(=O)[C@@H]1C/C=C\CCCC(=O)[O-])O,1113,0
c12c(c(c(c(c1Cl)Cl)Cl)Cl)Oc3c(c(c(c(c3Cl)Cl)Cl)Cl)O2,1114,0
CCN1CCN(C(=O)C1=O)C(=O)N[C@H](c2ccc(cc2)O)C(=O)N[C@H]3[C@@H]4N(C3=O)C(=C(CS4)CSc5nnnn5C)C(=O)[O-],1115,0
C1=C[C@H]([C@H](C(=C1)C(=O)CCC(=O)[O-])C(=O)[O-])O,1116,0
Cn1c(nnn1)SCC2=C(N3[C@@H]([C@@](C3=O)(NC(=O)C4SC(=C(C(=O)N)C(=O)[O-])S4)OC)SC2)C(=O)[O-],1117,0
C\1[C@@H](NC(=C/C1=C\C=[NH+]\[C@@H](CC2=CC(=O)C(=O)C=C2)C(=O)[O-])C(=O)[O-])C(=O)[O-],1118,0
C[C@]12CCC(=O)C=C1CC[C@@H]3[C@@H]2CC[C@]4([C@]3(CC[C@@H]4O)O)C,1119,0
CC1=C([C@@](SC1=O)(C)/C=C(\C)/C=C)O,1120,0
C(=C\SC(=N)N)\C(=O)O,1121,0
C1=CC(=O)NC1=O,1122,0
C1[C@H]([C@@H](C(=O)C=C1C(=O)[O-])O)O,1123,0
CC(=O)/C=C/C=C/C=C/C=C/c1ccccc1,1124,0
CCOP(=S)(OCC)Oc1c(cc(c(n1)Cl)Cl)Cl,1125,0
CC1=C(C(=O)C(=C(C1=O)OC)OC)C/C=C(/C)\CC/C=C(/C)\CC/C=C(\C)/CC/C=C(\C)/CC/C=C(\C)/CCC=C(C)C,1126,0
CC[C@@H]1[C@H]2CC(=C(N2C1=O)C(=O)O)SCCNC(=O)C,1127,0
c1cc(ccc1/C=C/C(=O)N[C@@H](CC(=O)[O-])C(=O)[O-])O,1128,0
C=C(CCO)C(=O)O[C@H]1[C@@H]([C@H]([C@@H]([C@H](O1)CO)O)O)O,1129,0
c1ccc(cc1)[C@H](C(=O)N[C@H]2[C@@H]3N(C2=O)C(=C(CS3)CSc4nnnn4CS(=O)(=O)[O-])C(=O)[O-])O,1130,0
CC1=C[C@H]2[C@@H](CC1)C(=CC[C@@H]2C(C)C)C(=O)O,1131,0
C[C@H]1[C@H]([C@H]2[C@@H](CCC3=CC(=O)CC[C@]23C)[C@H]4[C@]1([C@H](CC4)C(=O)C)C)O,1132,0
C[C@@]12CCC(=O)C=C1CC[C@H]3[C@@H]2[C@@H](C[C@@]4([C@@H]3CC[C@@H]4C(=O)CO)C=O)O,1133,0
C[N+](C)(C)CCOC(=O)/C=C\c1cc(c(c(c1)OC)O)OC,1134,0
CC1=C(C(CCC1)(C)C)/C=C/C(=C\C=C/C(=C\C=C/C=C(\C)/C=C\C=C(/C)\C=C/C2=C(C(=O)[C@@H](CC2(C)C)O)C)/C)/C,1135,0
CC[C@H](/C=C/C=C\C/C=C/C=C/C=C/C1C(O1)CCCC(=O)O)O,1136,0
C(=C\Cl)\C=O,1137,0
CC1=C(C(CCC1)(C)C)/C=C\C(=O)C,1138,0
C/C(=C\CC/C(=C/C(=O)OC)/C)/CC[C@@H](C(C)(C)O)O,1139,0
CC1=C(C(C[C@H](C1)O)(C)C)/C=C/C(=O)C,1140,0
C(=C(\C=C(/C(=O)O)\O)/C(=O)O)\C(=O)O,1141,0
C=C(C(=O)[O-])O[C@@H]1CC(=C[C@@H]([C@@H]1O)OP(=O)([O-])[O-])C(=O)[O-],1142,0
C(C(F)(F)F)(Cl)Br,1143,0
CCCCOCN(c1c(cccc1CC)CC)C(=O)CCl,1144,0
C(C(=O)/C=C/C(=O)O)C(=O)C(=O)O,1145,0
c1cc(ccc1/C=C\2/C(=C(C(=O)O2)c3ccc(cc3)O)O)O,1146,0
CC(C)/C=C\C=C\[C@@H](C)c1nc(cs1)c2nc(cs2)/C=C\[C@@H]([C@@H](C)/C(=C\C(=O)N)/OC)OC,1147,0
C(=C/N)\C(=O)OO,1148,0
CC(=CCC[C@@]1(C=Cc2c(c3c(c(c2O1)CC=C(C)C)O[C@@]45C6CC(C=C4C3=O)C(=O)C5(OC6(C)C)C/C=C(/C)\C(=O)O)O)C)C,1149,0
CC(C)C[C@@H](C(=O)NCCCCNC(=N)N)NC(=O)[C@H]1[C@@H](O1)C(=O)O,1150,0
c1ccc(cc1)[C@H](C(=O)N[C@H]2[C@@H]3N(C2=O)C(=C(CS3)CSc4nnnn4CS(=O)(=O)O)C(=O)O)O,1151,0
CC[C@@H]1[C@H]2CC(=C(N2C1=O)C(=O)O)SCCN,1152,0
c1cc(ccc1C(C2=CC=C([C@H]([C@H]2O)O)Cl)C(Cl)(Cl)Cl)Cl,1153,0
CN1CCC=C(C1)C(=O)OC,1154,0
CCCCC[C@@H](/C=C/[C@H]1C=CC(=O)C1CCCCCCC(=O)O)O,1155,0
CC(=O)OCC1=C(N2[C@@H]([C@@H](C2=O)NC(=O)[C@@H](c3ccccc3)N)SC1)C(=O)O,1156,0
C[C@H]1[C@@H]([C@H]([C@H]([C@@H](O1)O[C@H]2CC[C@]3([C@H](C2)CC[C@@H]4[C@@H]3[C@H](C[C@]5([C@@]4(CC[C@@H]5C6=CC(=O)OC6)O)C)O)CO)O)O)O,1157,0
c1cc(c(cc1/C=C\2/C(=O)c3ccc(cc3O2)O)O)O,1158,0
c1(c(c(c(c(c1Cl)Cl)Cl)Cl)O)O,1159,0
c1cc(ccc1C[C@@H](C(=O)[O-])/[NH+]=C\C=C\2/C[C@@H](NC(=C2)C(=O)[O-])C(=O)[O-])O,1160,0
CCCCCC(=O)/C=C/[C@H]1[C@@H](C[C@H]2[C@@H]1C/C(=C\CCCC(=O)O)/O2)O,1161,0
c1c2c(cc(c1O[C@@H]3[C@@H]([C@@H]([C@@H]([C@@H](O3)CO)O)O)O)O)/[N+](=C\C=C\4/C[C@@H](NC(=C4)C(=O)[O-])C(=O)[O-])/[C@@H](C2)C(=O)[O-],1162,0
C\1=C(C(=O)O/C1=C\C(=O)[O-])Cl,1163,0
CC(C)[C@H]1C(=O)NC(=C)C(=O)N1,1164,0
C/C/1=C\[C@@H]2[C@@H]([C@H](C/C(=C/CC1)/C)OC(=O)C)C(=C)C(=O)O2,1165,0
C[C@@]12[C@H](C(=O)N[C@@]1(C(=O)O2)[C@@H]([C@@H]3CCCC=C3)O)CCCl,1166,0
c1cc(cc(c1)N2CC(C(C2=O)Cl)CCl)C(F)(F)F,1167,0
C[C@]12CCC(=O)C=C1CC[C@@H]3[C@@H]2[C@H](C[C@]4([C@H]3CC[C@@]4(C(=O)COC(=O)CCC5CCCC5)O)C)O,1168,0
C/C(=C\1/C=C(C(=O)O1)Cl)/C(=O)O,1169,0
CC1=C[C@@H](CC([C@@H]1/C=C/C(=C\C=C/C(=C\C=C/C=C(\C)/C=C\C=C(/C)\C=C/C2=C(C(=O)[C@@H](CC2(C)C)O)C)/C)/C)(C)C)O,1170,0
CC1=C(C(CCC1)(C)C)/C=C/C(=C/C=C/C(=C/C=C/C=C(\C)/C=C/C=C(\C)/C=C/C=C(\C)/C(=O)O)/C)/C,1171,0
C[C@@H]1[C@@H]2[C@H](Cc3c4n1c5ccc(cc5c4cc(n3)C(=O)O)O)C(=CO[C@@H]2O)C(=O)OC,1172,0
CC(C)C(=C)C/C=C(\C)/C(=O)O,1173,0
CC(=O)C1CC[C@@H]2[C@@]1(C[C@H]([C@H]3[C@H]2CCC4=CC(=O)CC[C@]34C)O)C,1174,0
CC1=C2[C@H]([C@](C=C2C(=O)[C@](C13CC3)(C)O)(C)CO)O,1175,0
C[C@@]12CC[C@@H]3[C@@H]([C@@H]1CC[C@@H]2O)CCC4=CC(=O)CC[C@@]34CO,1176,0
COC(=O)C1=CO[C@@H]([C@@H]([C@@H]1C[C@@H]2c3c(c4ccccc4[nH]3)CCN2)C=C)O[C@@H]5[C@@H]([C@@H]([C@@H]([C@@H](O5)CO)O)O)O,1177,0
CCC(C)C(=O)O[C@@]12C[C@H]([C@]3([C@H]([C@@H]1C2(C)C)C=C(C[C@]4([C@H]3C=C(C4=O)C)O)COC(=O)C)O)C,1178,0
CCC1=C(C(=O)NC1Cc2c(c(c([nH]2)Cc3c(c(c([nH]3)CC4C(=C(C(=O)N4)C=C)C)C)CCC(=O)O)CCC(=O)O)C)C,1179,0
CC(C)[C@H](C)CC[C@@H](C)[C@@H]1CC[C@@H]2[C@@]1(CC[C@@H]3[C@@H]2CCC4=CC(=O)CC[C@@]34C)C,1180,0
C(C(=O)Cl)(Cl)Cl,1181,0
C[C@@H]1[C@H]([C@@H](C[C@@H](O1)O[C@@]23[C@@H](Cc4cc5cc(cc(c5c(c4C2=O)O)O)O)[C@@H](C(=C(C3=O)C(=O)C)O)OC)O)O,1182,0
C[C@]12CC[C@H]3[C@H]([C@@H]1CC[C@@H]2O)C[C@H](C4=CC(=O)CC[C@]34C)O,1183,0
C1=C(O[C@H]([C@@H]([C@@H]1O)O)O[C@@H]2[C@@H]([C@@H]([C@@H](O[C@@H]2C(=O)[O-])O)O)O)C(=O)[O-],1184,0
C(=C\C(=C(/C(=O)O)\N)\C(=O)O)\C=O,1185,0
C[C@@]12CC[C@H]3[C@@H]([C@@H]1CC[C@@H]2[C@@H](C=O)O)CCC4=CC(=O)CC[C@@]34C,1186,0
C[C@]12CCC(=O)C=C1CC[C@@H]3[C@@H]2CC[C@@]4([C@@H]3CC[C@@]4(C(=O)CO)O)C,1187,0
C(CCCCC(=O)[O-])CCC/C=C\C=O,1188,0
CCC1=C([C@@H](NC1=O)CC2=N/C(=C\[C@@H]3C(=C(C(=N3)/C=C\4/C(=C\C)/[C@@H](C(=O)N4)C)C)CCC(=O)[O-])/C(=C2C)CCC(=O)[O-])C,1189,0
CCCCCCCCCCCCCCC/C=C\C(=O)[O-],1190,0
c1cc(ccc1/C=C/C(=O)Nc2ccc(cc2C(=O)O)O)O,1191,0
C1=C(O[C@@H]([C@@H]([C@@H]1O)O)O[C@@H]2[C@@H]([C@@H]([C@@H](O[C@@H]2C(=O)[O-])O)O)O)C(=O)[O-],1192,0
C[C@H]1CC[C@H]2[C@@H]1[C@@H](OC=C2C=O)O[C@H]3[C@@H]([C@H]([C@@H]([C@H](O3)CO)O)O)O,1193,0
C(=C\C=O)\C=C(\C(=O)[O-])/O,1194,0
C[C@H]([C@@]1(CC[C@@H]2[C@@]1(CC[C@@H]3[C@@H]2CCC4=CC(=O)CC[C@@]34C)C)O)O,1195,0
C/C(=C\C(=O)[O-])/C=C(/C(=O)[O-])\Cl,1196,0
CC(=C)C(=O)O[C@H]1C[C@@](C(=O)CC[C@@]2([C@H](O2)[C@@H]3C1=C(C(=O)O3)COC(=O)C)C)(C)OC(=O)C,1197,0
CC1(O[C@@H]2C[C@H]3[C@@H]4CCC5=CC(=O)C=C[C@@]5([C@]4([C@H](C[C@@]3([C@@]2(O1)C(=O)COC(=O)CC(C)(C)C)C)O)F)C)C,1198,0
C[C@@H]1[C@@H]([C@H]([C@H]([C@@H](O1)O[C@H]2CC[C@@]3([C@H]4C[C@H]([C@@]5([C@H](CC[C@@]5([C@@H]4CC[C@@]3(C2)O)O)C6=CC(=O)OC6)C)O)C=O)O)O)O,1199,0
C(=C(/C(=O)[O-])\F)\C(=O)[O-],1200,0
C1=C(O[C@H]([C@@H]([C@H]1O)O)O[C@@H]2[C@@H]([C@H]([C@@H](O[C@@H]2C(=O)O)O)O)O)C(=O)O,1201,0
C[C@H]1CC[C@@]2(C3(C[C@]4([C@@](C(=CC3=O)[C@@H](C)CO)(C(=O)[C@]2([C@@H]1O)O4)C)O)C)O,1202,0
CC(=CC[C@H](C1=CC(=O)c2c(ccc(c2C1=O)O)O)OC(=O)C=C(C)C)C,1203,0
C[C@]12C[C@@H]([C@H]3[C@H]([C@@H]1CC[C@@]2(C(=O)COC(=O)CC(C)(C)C)O)CCC4=CC(=O)C=C[C@]34C)O,1204,0
Cc1cc2c(c(c1)O)C3=C(C2N)C(=O)c4c(cccc4O)C3=O,1205,0
C/C(=C\C=C/C=C(/C)\C=C/C=C(\C)/C=O)/C=C\C=C(/C)\C=O,1206,0
CC(C)c1nc(cs1)c2nc(cs2)/C=C/[C@@H]([C@@H](C)/C(=C\C(=O)OC)/OC)OC,1207,0
CC1=CC(=O)O[C@@]2(C1)C[C@H]3CC[C@@H]2CN3C,1208,0
CC1=C(N2[C@@H]([C@@H](C2=O)NC(=O)[C@@H](c3ccc(cc3)O)N)SC1)C(=O)O,1209,0
CC(C)/C(=C/C(=O)[O-])/C(=O)[O-],1210,0
C[C@@H]1C[C@@H]2[C@H]([C@@H]([C@]3([C@H]1C=CC3=O)C)O)[C@]4(CC5CC(=O)[C@]46[C@@H]5[C@@H](C[C@@H]7[C@H](C6)C(=C)C(=O)O7)C)C(=O)O2,1211,0
C[C@@]1(C[C@H]([C@]2([C@@H]1[C@@H](OC=C2)O[C@H]3[C@@H]([C@H]([C@@H]([C@H](O3)CO)O)O)O)O)O)OC(=O)/C=C/c4ccccc4,1212,0
c1cn(c(=O)[nH]c1=O)[C@@H]2[C@H]([C@@H]([C@@H](O2)CI)O)O,1213,0
CCCCc1ncc(n1Cc2ccc(cc2)C(=O)O)/C=C(\Cc3cccs3)/C(=O)O,1214,0
C[C@]1([C@@H]([C@H](C2=C([C@H]1O)C(=O)c3cc(cc(c3C2=O)O)OC)O)O)O,1215,0
C[C@@]1(C2=C(Cc3cccc(c3C2=O)O)C[C@H](O1)CC(=O)[O-])O,1216,0
CC(=O)OCC(=O)[C@]1(CC[C@@H]2[C@@]1(C[C@@H]([C@H]3[C@H]2C[C@@H](C4=CC(=O)CC[C@]34C)F)O)C)O,1217,0
c1cc(ccc1C(=C(Cl)Cl)C(=O)/C=C/C(=C(/C(=O)O)\O)/Cl)Cl,1218,0
C[C@H]1CC=C([C@@H](C1(C)C)/C=C/C(=O)C)C,1219,0
CCCCC/C(=C/C(=O)/C=C/c1ccc(c(c1)O)O)/O,1220,0
CCN1C(=O)C=CC1=O,1221,0
C[C@@H]1[C@@H]2[C@H](C(=O)O[C@H]3[C@@]24CO[C@@]([C@@H]1O)([C@@H]4[C@@]5([C@@H](C3)C(=CC(=O)[C@H]5O)C)C)O)OC(=O)CC(C)(C)O,1222,0
CC1=CC(=O)[C@H]2c3cc4cccc(c4c(c3C(=O)C[C@@]2(C1)O)O)O,1223,0
C[C@]1(CC(=O)C=C2[C@@H]1[C@@H]([C@]34[C@H]2CC[C@H](C3)C(=C)C4)C(=O)O)C(=O)O,1224,0
C(CCl)OP(=O)(OCCCl)OCCCl,1225,0
c1ccc2c(c1)C=CC(=O)C2=O,1226,0
C1=CC(=O)C(=O)C=C1/C=C/C(=O)O,1227,0
C(/C=C\C=C(/C(=O)[O-])\O)C(=O)[O-],1228,0
CC/C=C\C[C@@H]1/C(=C/C=C\CCCCCCCC(=O)[O-])/O1,1229,0
c1cc(c(cc1/C=C\C(=O)NCCCCN(CCCNC(=O)/C=C/c2ccc(c(c2)O)O)C(=O)/C=C\c3ccc(c(c3)O)O)O)O,1230,0
CC[C@@]1([C@@H](O1)CC/C(=C\CC/C(=C\C(=O)OC)/C)/C)C,1231,0
CC1=C(N2[C@H]([C@H](C2=O)NC(=O)[C@@H](c3ccc(cc3)O)N)SC1)C(=O)[O-],1232,0
C(C(=O)[O-])I,1233,0
CCCCCCCCCCCCCC1=C(C(=O)C=C(C1=O)O)O,1234,0
CC1=C(C(CC=C1)(C)C)/C=C/C(=C/C=C/C(=C/C=O)/C)/C,1235,0
CC(C)[C@H](C)CC[C@H](C)[C@@H]1CC[C@@H]2[C@@]1(CC[C@@H]3[C@@H]2CCC4=CC(=O)CC[C@@]34C)C,1236,0
C([C@@H](/C=C(/C(=O)[O-])\O)O)O,1237,0
C[C@@H]1CC(=O)C=C([C@@]12CC[C@@H](C2)C(=C)C)CO,1238,0
C\1=C(C(=O)NC(=O)/C1=C/2\C=C(C(=O)NC2=O)O)O,1239,0
CC(=O)OCC1=C(N2[C@@H]([C@@H](C2=O)NC(=O)Cc3cccs3)SC1)C(=O)O,1240,0
CC(=CCc1cc(cc(c1O)C/C=C(\C)/CO)/C=C/C(=O)O)C,1241,0
C1[C@H]([C@@H](C(=O)C=C1C(=O)O)O)N,1242,0
CC(=CCc1cc(cc(c1O)CC=C(C)C)/C=C/C(=O)c2ccc(cc2O)O)C,1243,0
C\1[C@@H](NC(=C/C1=C/C=[N+]/2\[C@@H](CC3=CC(=O)C(=O)C=C32)C(=O)[O-])C(=O)[O-])C(=O)[O-],1244,0
C1=CC(=O)C(=O)C=C1,1245,0
C1C(=C[C@H]([C@H](C1=O)O)O)C(=O)O,1246,0
Cc1c2cccc(c2c(c3c1C[C@H]4[C@@H](C(=C(C(=O)[C@]4(C3=O)O)C(=O)N)O)N(C)C)O)O,1247,0
c1c(c(cc(c1O)O)O)/C=C/C(=O)[O-],1248,0
CC1=CC(=O)[C@H]2c3cc4cccc(c4c(c3C(=O)C[C@]2(C1)O)O)O,1249,0
CCCCC/C=C/C=C/1\[C@H](C=CC1=O)C/C=C\CCCC(=O)O,1250,0
c1ccc2cc(c(cc2c1)/C=C/C(=O)C(=O)O)O,1251,0
COc1cc(cc(c1O)OC)/C=C/C(=O)O[C@H]2[C@@H]([C@H]([C@@H]([C@H](O2)CO)O)O)O,1252,0
c1cc(ccc1/C=C/C(=O)C2=C(C(=O)C(=CC2=O)O)O[C@H]3[C@@H]([C@H]([C@@H]([C@H](O3)CO)O)O)O)O,1253,0
CCCCC/C=C\C[C@H]1[C@H](O1)CCCCCCCC(=O)O,1254,0
c1cn(c(=O)[nH]c1=O)[C@H]2[C@H]([C@@H]([C@@H](O2)CO[P@@](=O)([O-])O[P@@](=O)([O-])OCC(=O)CCl)O)O,1255,0
C1=C(C(=C[C@@H]([C@@H]1O)O)C(=O)[O-])C(=O)[O-],1256,0
C(CCCCO)CCC[C@@H]1[C@H](O1)CCCCCCCC(=O)[O-],1257,0
C/C=C\CC/C(=C\CC/C(=C\CC/C(=C\CC/C(=C\CC/C(=C\CC/C(=C\CC/C(=C\CC1=CC(=O)C=C(C1=O)OC)/C)/C)/C)/C)/C)/C)/C,1258,0
C[C@H]1[C@H](C[C@@H]2[C@@H]1[C@@H](OC=C2C(=O)OC)O[C@@H]3[C@@H]([C@@H]([C@@H]([C@@H](O3)CO)O)O)O)O,1259,0
CC[C@@H]1[C@@](/C=C/C(=O)[C@@H](C[C@@H]([C@@H]([C@H](C(=O)O1)C)O[C@H]2[C@@H]([C@H](C[C@H](O2)C)N(C)C)O)C)C)(C)O,1260,0
CC1C[C@@]23[C@]14[C@@H]5C[C@H]([C@H]2CCCN3C[C@@H]6[C@H]4O6)OC5=O,1261,0
c1c(cc(c(c1c2c(c(cc(c2Cl)Cl)Cl)O)Cl)Cl)Cl,1262,0
CC1=C(S[C@@](C1=O)(C)/C=C(/C)\C=C)[O-],1263,0
CC1=CC=CC(CC1=O)(C)C,1264,0
CC(C)/C=C/C=C/[C@H](C)c1nc(cs1)c2nc(cs2)/C=C/[C@@H]([C@@H](C)/C(=C\C(=O)OC)/OC)OC,1265,0
C[C@@]1(CC(=O)C=C2[C@@H]1[C@@H]([C@@]34[C@@H]2CC[C@@](C3)(C(=C)C4)O)C(=O)[O-])C(=O)[O-],1266,0
CC1=C(C(CCC1=O)(C)C)/C=C/C(=C/C=C/C(=C/C=C/C=C(\C)/C=C/C=C(\C)/C=C/C2=C(C(=O)[C@H](CC2(C)C)O)C)/C)/C,1267,0
C\1[C@H](NC(=C/C1=C/C=[N+]/2\C=C(N=C2)C[C@@H](C(=O)[O-])N)C(=O)O)C(=O)O,1268,0
C(C(=O)CCl)OP(=O)([O-])[O-],1269,0
c1cc(ccc1/C=C/C=O)O,1270,0
CCCCC[C@@H](/C=C/C=O)OO,1271,0
c1cc(ccc1C(=C2C=CC(=O)C=C2)c3ccc(cc3)O)O,1272,0
CC1=CC(=O)[C@H]([C@]2([C@H]1C[C@@H]3[C@]45[C@@H]2[C@H]([C@@H]([C@]([C@@]4([C@H](C(=O)O3)O)O)(OC5)C)O)O)C)O,1273,0
C[C@@H]([C@H]1CC[C@@]2([C@@]1(CC[C@H]3C2=CC(=O)[C@H]4[C@@]3(CC[C@@H](C4)O)C)C)O)[C@@H](CCC(C)(C)O)O,1274,0
CC(=CCC/C(=C/CC/C(=C\CC/C(=C\CC/C(=C\CC/C(=C\CC/C(=C\CC1=CC(=O)c2ccccc2C1=O)/C)/C)/C)/C)/C)/C)C,1275,0
C(=C/[C@@H](C(=O)C(=O)[O-])C(=O)[O-])\C=O,1276,0
CC(C)[C@H](C)CC[C@@H](C)[C@H]1CCC2[C@@]1(CC[C@H]3[C@H]2CCC4=CC(=O)CC[C@]34C)C,1277,0
Cc1c(nc(o1)c2ccccc2)CCOc3ccc(cc3)C[C@@H](C(=O)O)N/C(=C\C(=O)c4ccccc4)/C,1278,0
CC(C)C(=O)/C=C/C=C(\C(=O)[O-])/O,1279,0
CC(=O)O[C@H]1CC[C@@]2([C@H]3CC[C@]4([C@H]([C@@H]3CC=C2C1)CCC4=O)C)CCl,1280,0
C1=C(C=C([C@H]([C@@H]1O)O)Cl)C(=O)[O-],1281,0
C/C=C(/C)\C(=O)O[C@@H]1C[C@@]2([C@H](C[C@@](O2)(/C(=C\[C@@H]3[C@@H]1C(=C)C(=O)O3)/C)O)O)C,1282,0
c1cc[n+](cc1)CC2=C(N3[C@H]([C@@H](C3=O)NC(=O)Cc4cccs4)SC2)C(=O)[O-],1283,0
CC(C)C1=CC=C([C@H]([C@@H]1O)O)C(=O)[O-],1284,0
C\1=CC(=O)O/C1=C(\C(=O)[O-])/Cl,1285,0
COc1cc(cc(c1O[C@H]2[C@@H]([C@H]([C@@H]([C@H](O2)CO)O)O)O)OC)/C=C/C(=O)O,1286,0
CC(=O)CC(=O)C1=C(Cc2cc(cc(c2C1O)O)O)CC(=O)CC(=O)CC(=O)SC,1287,0
CC[C@]12CC(=C3[C@@]4([C@H]1N(CC4)CC=C2)c5ccc(cc5N3)O)C(=O)OC,1288,0
Cc1c(n2c(c(c(=O)n2c1=O)C)CBr)C,1289,0
C/C=C(\C)/C(=O)O[C@@H]1[C@H]2C(=CC(=O)[C@H]([C@@]2([C@@H]3[C@@]45[C@@H]1OC(=O)[C@@H]([C@H]4[C@H]([C@H]([C@@]3(OC5)O)O)C)OC(=O)C)C)O)C,1290,0
COc1cc(ccc1O)C(=C2C=CC(=O)C(=C2)OC)c3ccc(c(c3)OC)O,1291,0
CC1=C(C(=O)C(=C(C1=O)OC)OC)C/C=C(/C)\CC/C=C(\C)/CC/C=C(\C)/CC/C=C(\C)/CC/C=C(\C)/CC/C=C(\C)/CCC=C(C)C,1292,0
C[C@]12C[C@@H]([C@]3([C@H]([C@@H]1CC[C@@]2(C(=O)CO)O)CCC4=CC(=O)C=C[C@@]43C)F)O,1293,0
C=C(C(=O)[O-])O[C@H]1C=C(C=C[C@@H]1[NH3+])C(=O)[O-],1294,0
Cc1c2cccc(c2c(c3c1C[C@H]4[C@@H](C(=C(C(=O)[C@]4(C3=O)O)C(=O)N)O)N)O)O,1295,0
CC/C=C\CC/C=C/C=O,1296,0
C/C(=C/C=C/C(=C\C=C/C(=C\C=C/C=C(\C)/C=C\C=C(/C)\C=C/C=C(\C)/C=C\C(=O)C(C)(C)OC)/C)/C)/C=C\CC(C)(C)OC,1297,0
CC1=CCC[C@]2([C@H]1[C@@H]3[C@@H](CC2)C(=C)C(=O)O3)C,1298,0
C1=C([C@@H]([C@@H]([C@@H](C1=O)O)O)O)COP(=O)([O-])[O-],1299,0
C[C@H]1CC(=O)C=C([C@@]12CC[C@@H](C2)C(=C)C)CO,1300,0
CCCCCCI,1301,0
C[C@H]1C[C@@H]2[C@H](CC=C1CCC(=O)C)C(=C)C(=O)O2,1302,0
C1C=CN(C=C1C(=O)N)[C@H]2[C@H]([C@@H]([C@@H](O2)CO)O)O,1303,0
CC1=CC[C@H](CC1=O)C(=C)C,1304,0
C(/C(=C\C(=O)[O-])/C(=O)[O-])C(=O)C(=O)[O-],1305,0
C1=CC(=N)C(=O)C=C1,1306,0
C[C@@](CCl)(C(=O)O[C@H]1CC(=C)[C@@H]2C[C@H]([C@@]([C@@H]2[C@@H]3[C@@H]1C(=C)C(=O)O3)(CCl)O)O)O,1307,0
c1cc(ccc1/C=C/C(=O)c2c(cc(cc2O)O)O)O,1308,0
CCC1=C(C(=O)O[C@H](C1)[C@@](C)([C@H]2CC[C@@]3([C@@]2(C(=O)C[C@H]4C3=CC(=O)[C@H]5[C@@]4(C[C@@H]([C@@H](C5)O)O)C)C)O)O)C,1309,0
C[C@H]1C[C@@H]2[C@H](CC[C@]3([C@H]2C[C@@H]4[C@]3(OC(O4)(C)C)C(=O)C)C)[C@@]5(C1=CC(=O)CC5)C,1310,0
C/C=C(\C)/C(=O)O[C@H]1[C@@H]2[C@@H](C(=O)O[C@@H]2C[C@H]([C@H]3[C@]1(C(=O)C=C3)C)C)C,1311,0
c1cc2ccc3cc4c(c5c3c2c(c1)cc5)C6C(O6)C(C4O)O,1312,0
C[C@@H]1CC(=O)C=C([C@@]12CC[C@@H](C2)C(=C)C)C,1313,0
CCC(=O)O[C@H]1CCC[C@@H]2[C@@]1(CC[C@H]3[C@H]2CCC4=CC(=O)CC[C@]34C)C,1314,0
c1cc(c(cc1/C=C/C(=O)O)O)O,1315,0
CC(=C)C(=O)OCCO,1316,0
c1ccc(cc1)C(CN(CCCOc2cccc(c2)CC(=O)O)Cc3cccc(c3Cl)C(F)(F)F)c4ccccc4,1317,0
C[C@@H]1[C@@H](O1)[P@](=O)(O)[O-],1318,0
C(=C\C(=O)[O-])\C=C/C(=O)[O-],1319,0
C/C=C\CC/C(=C/CC/C(=C\CC/C(=C\CC/C(=C\CC/C(=C\CC/C(=C\CC/C(=C\CC1=CC(=O)C=C(C1=O)OC)/C)/C)/C)/C)/C)/C)/C,1320,0
C[C@@H]1[C@H](C[C@@H]2[C@@H]1[C@@H](OC=C2C(=O)[O-])O[C@@H]3[C@@H]([C@@H]([C@@H]([C@@H](O3)CO)O)O)O)O,1321,0
C[C@@]1(C=CC(=O)O1)CC(=O)[O-],1322,0
C/C(=C\C=C\C=C(/C)\C=C\C=C(/C)\C=C\C=C(/C)\C=C\C(=O)C(C)(C)OC)/C=C/C=C(\C)/C=C/C=C(\C)/C=C/C(=O)C(C)(C)OC,1323,0
C[C@]12CC[C@H]3[C@@H]([C@@H]1CCC2=O)CCC4=CC(=O)CC[C@@]34C=O,1324,0
C[C@@H]1C[C@H]2[C@@H]3C[C@@H](C4=CC(=O)C=C[C@@]4([C@]3([C@H](C[C@@]2([C@]1(C(=O)SCF)O)C)O)F)C)F,1325,0
CC(=CC[C@@H](C1=CC(=O)c2c(ccc(c2C1=O)O)O)OC(=O)C=C(C)C)C,1326,0
C[C@H]1C[C@H]2[C@@H]3CC[C@]([C@]3(C[C@@H]([C@@H]2[C@@]4(C1=CC(=O)CC4)C)O)C)(C)O,1327,0
C[C@H]1CC[C@H]2[C@@H]1[C@@H](OC=C2C(=O)OC)O[C@@H]3[C@@H]([C@@H]([C@@H]([C@@H](O3)CO)O)O)O,1328,0
C(C(=O)/C=C(\C(=O)[O-])/Cl)C(=O)[O-],1329,0
CC(=O)[C@@]1(CC[C@H]2[C@@]1(CC[C@@H]3[C@@H]2CCC4=CC(=O)CC[C@@]34C)C)O,1330,0
c1ccc(cc1)C2CC(=O)NCCC3c4ccccc4C=CC(=O)N3CCCCN2,1331,0
c1c2c3c(c(c(c(c3Cl)Cl)Cl)Cl)oc2c(c(c1Cl)Cl)Cl,1332,0
C(CCC(=O)[O-])C/C(=C\C(=O)[O-])/C(=O)[O-],1333,0
C/C(=C/C=C\C=C(/C)\C=O)/C=C\C=C(/C)\C=C=C1C(C[C@@H](C[C@@]1(C)O)O)(C)C,1334,0
C1C=C([C@@H]2[C@H]1C(=CO[C@H]2O[C@H]3[C@@H]([C@H]([C@@H]([C@H](O3)CO)O)O)O)C(=O)O)CO,1335,0
CCCCCCC/C=C\CC#CC#CC(=O)C=C,1336,0
CC[C@H]1CN2CCc3c4ccccc4[nH]c3[C@H]2C[C@@H]1/C(=C\OC)/C(=O)OC,1337,0
C([C@@H](C(=O)[O-])[NH3+])/C(=C/C=O)/C=C(\C(=O)[O-])/O,1338,0
C(=C/[N+](=O)[O-])\C(=O)O,1339,0
CC1(C[C@@H]1C(=O)N/C(=C\CCCCSC[C@@H](C(=O)O)N)/C(=O)O)C,1340,0
C[C@H](C[C@H]([C@@](C)([C@H]1CC[C@@]2([C@@]1(CC[C@H]3C2=CC(=O)[C@H]4[C@@]3(C[C@@H]([C@@H](C4)O)O)C)C)O)O)O)C(C)(C)O,1341,0
c1c(nc[nH]1)/C=C/C(=O)O,1342,0
COc1cc(cc(c1O)OC)/C=C\C(=O)O[C@H]2[C@@H]([C@@H]([C@@H]([C@@H](O2)CO)O)O)O,1343,0
C[C@]12CCC(=O)C=C1CC[C@H]3[C@@H]2[C@@H](C[C@@]4([C@@H]3CC[C@@H]4C(=O)CO)CO)O,1344,0
C/C=C(/C)\C(=O)O[C@H]1C[C@]([C@H]2CC=C([C@H]2[C@H]3[C@@H]1[C@](C(=O)O3)(C)OC(=O)/C(=C\C)/C)C)(C)O,1345,0
c1cc(ccc1/C=C\C(=O)OC[C@@H]2[C@@H]([C@@H]([C@@H]([C@@H](O2)Oc3cc4c(cc(cc4[o+]c3c5ccc(c(c5)O)O)O)O)O)O)O)O,1346,0
CC1=C(C(CCC1)(C)C)/C=C\C(=C/C=C\C(=C/C=C\C=C(/C)\C=C/C=C(\C)/C=O)\C)\C,1347,0
C1=CC(=O)N(C1=O)CCSC[C@@H](C(=O)NCC(=O)O)NC(=O)CC[C@@H](C(=O)O)N,1348,0
C[C@@H]1C[C@@](C(=O)O[C@@H]2CCN(C/C=C(\C2=O)/COC(=O)[C@]1(C)OC(=O)C)C)([C@@H](C)Cl)O,1349,0
CC1([C@@H]([C@@H](C[C@@H]2C1=CC[C@@H]3[C@]2(C(=O)C[C@]4([C@]3(C[C@H]([C@@H]4[C@](C)(C(=O)/C=C/C(C)(C)O)O)O)C)C)C)O)O)C,1350,0
CCC/C=C/C=C/C=C\C(=O)O[C@@]12[C@@H](C1(C)C)[C@@H]3C=C(C[C@H]4[C@H]([C@]3([C@@H]([C@H]2OC(=O)C)C)O)C=C(C4=O)C)CO,1351,0
C[C@@H]1CC[C@H]2[C@@H]1[C@@H](OC=C2C(=O)OC)O[C@H]3[C@@H]([C@H]([C@@H]([C@H](O3)COC(=O)C)OC(=O)C)OC(=O)C)OC(=O)C,1352,0
C/C=C/C(=O)SC,1353,0
C[C@]12CC[C@H]3[C@H]([C@@H]1CCC2=O)CC(=C)C4=CC(=O)C=C[C@]34C,1354,0
C[C@H](CCCC(C)(C)O)[C@H]1CC[C@@]2([C@@]1(CC[C@H]3C2=CC(=O)[C@H]4[C@@]3(CCC(=O)C4)C)C)O,1355,0
CC(=O)OC(C)(C)/C=C/C(=O)[C@@](C)([C@H]1[C@@H](C[C@@]2([C@@]1(CC(=O)[C@@]3([C@H]2CC=C4[C@H]3C[C@@H](C(=O)C4(C)C)O)CO)C)C)O)O,1356,0
c1cc(ccc1/C=C/C(=O)NCCCCN)O,1357,0
COc1cc(cc(c1O)O)/C=C/C=O,1358,0
C[C@]12CC[C@H]3C(=CC(=O)[C@]4([C@@]3(C[C@@H]([C@@H](C4)O)O)C)O)[C@@]1(CC[C@@H]2[C@](C)([C@@H](CCC(C)(C)O)O)O)O,1359,0
C[C@H]1C[C@H]2[C@@H]3CC[C@@H]([C@]3(CC(=O)[C@@H]2[C@@]4(C1=CC(=O)CC4)C)C)C(=O)C,1360,0
CC(=C)C(=O)OCCOP(=O)(O)Oc1ccccc1,1361,0
C[C@H]1C[C@@]2(CO2)C(=O)[C@@H]([C@H]([C@H]([C@H](OC(=O)[C@@H]([C@H]([C@@H]([C@H]1O)C)O[C@H]3C[C@@H]([C@H]([C@@H](O3)C)O)O)C)C)C)O)C,1362,0
C/C=C/C=O,1363,0
C[C@@H]1C2=C(Cc3cccc(c3C2=O)O)C[C@H](O1)CC(=O)[O-],1364,0
CC1(C[C@H]2C=C([C@]34C[C@@]3([C@H]2C1)C(=O)OC4O)C=O)C,1365,0
COc1ccc2c(c1)C(=CC2=O)OC,1366,0
CC(=O)Nc1c(cc(c(c1I)C(=O)O)I)I,1367,0
c1cc(c(cc1c2cc(c(c(c2Cl)Cl)O)Cl)Cl)Cl,1368,0
c1cc(oc1)/C(=C\c2ccc(o2)[N+](=O)[O-])/C(=O)N,1369,0
c1cc(c(cc1C[C@H](C(=O)O)OC(=O)/C=C/c2ccc(c(c2/C=C/c3ccc(c(c3)O)O)O)O)O)O,1370,0
COc1cc(cc(c1O[C@H]2[C@@H]([C@@H]([C@@H]([C@@H](O2)CO)O)O)O)OC)/C=C\C=O,1371,0
C=CC(=O)C(=O)[O-],1372,0
c1cc(cc(c1)I)CBr,1373,0
CC(=O)O[C@H]1[C@@H](C(=C)[C@]23[C@H](O2)C[C@H]([C@@]3([C@H]1OC(=O)C)C)c4ccoc4)[C@]5(C=CC(=O)C([C@@H]5CC(=O)OC)(C)C)C,1374,0
C[C@@H]([C@@H]1CC[C@@]2([C@@]1(CC[C@@H]3C2=CC(=O)[C@@H]4[C@@]3(C[C@@H]([C@@H](C4)O)O)C)C)O)[C@@H](CCC(C)(C)O)O,1375,0
C[C@@]12CCC(=O)C=C1CC[C@@H]3[C@@H]2C(=O)C[C@@]4([C@@H]3CC[C@@]4(C(=O)CO)O)C,1376,0
CC1=C[C@@H](CC([C@H]1/C=C/C(=C/C=C/C(=C/C=C/C=C(\C)/C=C/C=C(\C)/C=C/[C@]23C(C[C@@H](C[C@]2(O3)C)O)(C)C)/C)/C)(C)C)O,1377,0
C1C=C(N2[C@@H]1CC2=O)C(=O)[O-],1378,0
C(=C(/C(=O)[O-])\Cl)\C=C(\C(=O)[O-])/Cl,1379,0
CC(=O)N[C@]1(C2N(C1=O)C(=C(CS2)CO)C(=O)O)C,1380,0
CC(=O)OC(C)(C)/C=C/C(=O)[C@@](C)([C@H]1[C@@H](C[C@@]2([C@@]1(CC(=O)[C@@]3([C@H]2CC=C4[C@H]3C[C@@H](C(=O)C4(C)C)O)C)C)C)O)O,1381,0
CC(C)CCC[C@@H](C)[C@H]1CC[C@@H]2[C@@]1(CC[C@H]3[C@H]2CC4=CC(=O)CC[C@]34C)C,1382,0
CC(=O)OC[C@H]1CC[C@@H]2[C@H]([C@]3([C@]1(CCC3=O)O)C)OC(=O)C2=C,1383,0
CCCCCC1C(O1)CC2C(O2)CCCCCCCC(=O)O,1384,0
c1ccc2c(c1)C3C(O3)c4ccccc4N2C(=O)N,1385,0
C(/C(=C/C=C(\C(=O)[O-])/O)/C=O)C(=O)[O-],1386,0
CO[C@@H]1[C@@H]([C@H]([C@H]([C@H](O1)C(=O)O)O[C@@H]2[C@@H]([C@H](C=C(O2)C(=O)O)O)O)O)O,1387,0
CC1=C(C2C(CCC1(C2C=O)C)C(C)C)C=O,1388,0
COC(=O)/C(=C\O)/[C@H]1C[C@H]2c3c(c4ccccc4[nH]3)CC[N+]2=C[C@@H]1C=C,1389,0
CC(=C)[C@@H]1Cc2c(cc(o2)[C@H]3[C@](O3)(C[C@@]4([C@@H]5[C@](O5)([C@H](C1)OC(=O)C)C(=O)O4)C)C)C=O,1390,0
COC(=O)C1=CO[C@H]([C@H]([C@@H]1CC=O)C=C)O[C@@H]2[C@@H]([C@@H]([C@@H]([C@@H](O2)CO)O)O)O,1391,0
C=C[C@@H]1[C@@H]2CCOC(=O)C2=CO[C@H]1O[C@H]3[C@@H]([C@H]([C@@H]([C@H](O3)CO)O)O)OC(=O)c4c(cc(cc4O)O)c5cccc(c5)O,1392,0
CC1C(C2=C(O1)c3ccccc3C(=O)C2=O)(C)C,1393,0
CC([C@H]1CC[C@@H]2[C@@]1(CC[C@H]3[C@H]2CCC4=CC(=O)CC[C@]34C)C)O,1394,0
C1[C@@H]([C@@H]([C@@H](C=C1C(=O)[O-])O)O)O,1395,0
C(=C/C(=O)[O-])\C(=C\C(=O)[O-])\Cl,1396,0
CC(=O)[C@H]1CC[C@@H]2[C@@]1(CC[C@H]3[C@H]2CCC4=C(C(=O)CC[C@]34C)Cl)C,1397,0
COc1cc(cc(c1OC(=O)[C@@H](CC(=O)[O-])O)OC)/C=C/C(=O)[O-],1398,0
CC(=CCC/C(=C/C=C\C(=C/C=C\C(=C/C=C\C=C(/C)\C=C/C=C(\C)/C=C\C=C(/C)\C=O)\C)\C)/C)C,1399,0
C1=CC(=O)C=CC1O,1400,0
CCCCC/C=C\C/C=C/C=C\C=C/[C@@H]1[C@@H](O1)CCCC(=O)[O-],1401,0
C/C(=C/C=O)/C=C\[C@@]12C(C[C@@H](C[C@@]1(O2)C)O)(C)C,1402,0
COC(=O)C=CC(=O)NC[C@H](C(=O)[O-])NC(=O)[C@@H](CCSC)[NH3+],1403,0
COC(=O)/C=C/C(=O)NC[C@@H](C(=O)[O-])NC(=O)[C@@H](Cc1ccc(cc1)O)[NH3+],1404,0
c1c2c(cc(c1O)O)/[N+](=C/C=C/3\C[C@H](NC(=C3)C(=O)O)C(=O)O)/CC2,1405,0
C[C@]12CCC(=O)C=C1CC[C@@H]3[C@@H]2[C@H]([C@@H]([C@]4([C@H]3CC[C@@H]4O)C)F)O,1406,0
CC(=O)C1=CC[C@@H]2[C@@]1(C[C@@H]([C@]3([C@H]2CCC4=CC(=O)CC[C@@]43C)F)O)C,1407,0
COc1cc(cc(c1O)OC)/C=C/C(=O)OCCCC/C(=N\OS(=O)(=O)[O-])/S[C@@H]2[C@@H]([C@@H]([C@@H]([C@@H](O2)CO)O)O)O,1408,0
C(Cl)(Cl)Cl,1409,0
CCCCCCCCCCCC/C=C\CCC1C(O1)CCCCCCCCCCCCC2=CC(OC2=O)C,1410,0
C=C(C=O)c1ccccc1,1411,0
c1cc(ccc1/C=C/C(=O)OC[C@@H]2[C@H]([C@@H]([C@H]([C@@H](O2)Oc3cc4c(cc(cc4[o+]c3c5cc(c(c(c5)O)O)O)O)O)O)O)O)O,1412,0
CCC(=O)O[C@H]1CC[C@@H]2[C@@]1(CC(=O)[C@H]3[C@H]2CCC4=CC(=O)CC[C@]34C)C,1413,0
C1=C[C@@H]([C@H](C(=C1)C(=O)O)O)O,1414,0
C[C@H]1C=CC(=O)N1C(=O)/C=C(\CCNC(=O)CC/C=C/C(C)CC/C(=C/Cl)/CCCC=C)/OC,1415,0
CC(C)CCC[C@@H](C)[C@H]1CC[C@@H]2[C@@]1(CC[C@H]3[C@H]2CCC4=CC(=O)CC[C@]34C)C,1416,0
Cc1nc(cs1)/C=C(\C)/[C@@H]2C[C@H]3[C@H](O3)CCC[C@@H]([C@@H]([C@H](C(=O)C([C@H](CC(=O)O2)O)(C)C)C)O)C,1417,0
C(=C\C(=O)O)\C(=O)NC=O,1418,0
C[C@]12CCC(=O)C=C1CC[C@@H]3[C@@H]2CC[C@]4([C@H]3CC[C@]4(C)O)C,1419,0
CC(=O)N[C@@H]1[C@H]([C@H]([C@H](OC1O)CO)O)O[C@H]2[C@@H]([C@H](C=C(O2)C(=O)O)O)O,1420,0
c1cc(c(cc1/C=C\C=O)O)O,1421,0
c1cc(ccc1/C=C\C(=O)O[C@H](Cc2ccc(c(c2)O)O)C(=O)[O-])O,1422,0
c1ccc(cc1)[C@H](C(=O)N[C@H]2[C@@H]3N(C2=O)C(=C(CS3)C[n+]4ccc(cc4)CCS(=O)(=O)[O-])C(=O)[O-])NC(=O)c5c[nH]c(n5)C(=O)O,1423,0
C1=C[C@@]([C@@H]2[C@H]1C(=CO[C@H]2O[C@H]3[C@@H]([C@H]([C@@H]([C@H](O3)CO)O)O)O)C(=O)O)(CO)O,1424,0
C(=C\C(=O)[O-])\C(=O)[C@H](C(=O)[O-])Cl,1425,0
C(=C\C(=O)[O-])\C=C(/C(=O)[O-])\N,1426,0
Cc1c2c(c(c3c1c(ccc3O)Cl)O)C(=O)[C@]4([C@@H](C2)[C@@H](C(=C(C4=O)C(=O)N)O)N(C)C)O,1427,0
C(=C/C(=O)[O-])\C(=C(\C(=O)[O-])/Cl)\Cl,1428,0
CC(C)CCC[C@@H](C)[C@H]1CC[C@@H]2[C@@]1(CC[C@H]3[C@H]2C[C@H](C4=C3CC[C@@H](C4)O)C[131I])C,1429,0
c1cc(ccc1C(c2ccc(cc2)O)C(Cl)(Cl)Cl)O,1430,0
CC[C@H](C)C(=O)O[C@H]1C[C@]([C@H]2C[C@H](C(=C2[C@H]3[C@]1([C@](C(=O)O3)(C)O)O)C)OC(=O)/C(=C\C)/C)(C)OC(=O)C,1431,0
C1[C@@H]([C@H]([C@@H](C=C1C(=O)[O-])O)O)O,1432,0
C/C=C(/C)\C(=O)O[C@@H]1CCN2[C@@H]1[C@H](CC2)COC(=O)/C(=C\C)/CO,1433,0
CC(C)CCC[C@H](C)CCC[C@@H](C)CCC/C(=C\C[C@@]12C(=O)c3ccccc3C(=O)[C@@]1(O2)C)/C,1434,0
C[C@]1(c2c(ccc(c2C(=O)C3=C1C[C@H]4[C@@H](C(=C(C(=O)[C@]4(C3=O)O)C(=O)N)O)N(C)C)O)Cl)O,1435,0
CC1=CC(=O)CC([C@@]1(/C=C/C(=C\C(=O)[O-])/C)O)(C)C,1436,0
CC(=O)[C@H]1CC[C@@H]2[C@@]1(CC[C@H]3[C@H]2CCC4=CC(=O)CC[C@H]34)C,1437,0
C/C/1=C/[C@H](C[C@@]2([C@H](O2)C[C@H]3[C@H](C1)OC(=O)C3=C)C)O,1438,0
C(=C\C(=O)O)\C(=C/C(=O)O)\S(=O)(=O)O,1439,0
CC1=C(C(C[C@@H](C1)O)(C)C)/C=C/C(=O)C,1440,0
CC1=C(C(C[C@@H](C1)O)(C)C)/C=C/C(=C\C=C/C(=C\C=C/C=C(\C)/C=C\C=C(/C)\C=C/C(=O)[C@@]2(C[C@@H](CC2(C)C)O)C)/C)/C,1441,0
CCCCCCCCCCCC(=O)O[C@@]12C[C@H]([C@@]3([C@@H]4C=C(C(=O)[C@]4([C@@H]([C@@]5([C@H]([C@H]3[C@@H]1C2(C)C)O5)CO)O)O)C)O)C,1442,0
CC(=O)/C=C/c1ccc(c(c1)OC)O,1443,0
CC[C@]12CC(=C3[C@@]4([C@H]1N(CC4)CC=C2)c5ccccc5N3)C(=O)OC,1444,0
C(C(=O)/C(=C(\C(=O)O)/Cl)/Cl)(C(=O)O)Cl,1445,0
CC(=O)N[C@@H]1[C@H]([C@@H]([C@@H](O[C@@H]1O)CO)OS(=O)(=O)[O-])O[C@@H]2[C@@H]([C@@H](C=C(O2)C(=O)[O-])O)O,1446,0
C=CCCCCC/C=C\CC#CC#CC(=O)C=C,1447,0
c1(c(c(c(c(c1Cl)Cl)Cl)Cl)Cl)C(=C(Cl)Cl)Cl,1448,0
CCCC#CC#CCC/C=C/C=C/C(=O)NCC(C)C,1449,0
C[C@@H]1C[C@]2(C(=CC1=O)CC[C@@H]3[C@@]2([C@H](C[C@]4([C@H]3CC[C@@]4(C(=O)COC(=O)C)O)C)O)F)C,1450,0
c1ccc(cc1)/C=C/C(=O)N2CCCC(=C2)[C@@H]3CCCCN3,1451,0
CN1CC[C@H](C(=O)/C(=C\C1)/CO)O,1452,0
COc1cc(ccc1O[C@H]2[C@@H]([C@@H]([C@@H]([C@@H](O2)CO)O)O)O)/C=C/C=O,1453,0
C[C@@H]1C[C@@H](C(=O)[C@]2([C@H]1C[C@@H]3[C@@]4([C@@H]2C(=O)C(=C([C@@]4(CC(=O)O3)O)C)OC)C)C)O,1454,0
CC(C)C(=O)/C=C\C=C(/C(=O)[O-])\O,1455,0
C[C@@H]1C[C@@H]2[C@H](C[C@@]34[C@H]1[C@@H](CC3=O)OC4)C(=C)C(=O)O2,1456,0
CN1CC[C@@]23CC(=O)C(=C[C@@H]2[C@@H]1Cc4c3c(c(cc4)OC)O)OC,1457,0
CC/C=C\CC1=C([C@H](CC1=O)OC(=O)[C@@H]2[C@H](C2(C)C)/C=C(\C)/C(=O)OC)C,1458,0
COc1cc(ccc1O)/C=C/C(=O)O[C@H]2[C@@H]([C@@H]([C@@H](O[C@@H]2O)CO)O)O,1459,0
C[C@@]12CCC3=CC[C@H]4[C@@H](C[C@]3(O1)CO2)OC(=O)C4=C,1460,0
CC(C)[C@@H]1[C@]23[C@H](O2)[C@@H]4[C@@H]5[C@@](C3=CC(=O)O1)(CC=C[C@@]5(C(=O)O4)C)C,1461,0
C[C@@H]([C@]1(CC[C@@H]2[C@@]1(CC[C@H]3[C@H]2CCC4=CC(=O)CC[C@]34C)C)O)O,1462,0
CCCCCC(C=CC=O)O,1463,0
C[C@@H]1CC(=O)C=C([C@]12CC[C@H](C2)C(=C)C)C,1464,0
C(CCCCC(=O)O)CCC/C=C/C(=O)O,1465,0
CC1=C(C(CCC1=O)(C)C)/C=C\C(=C\C=C/C(=C/C=C\C=C(\C)/C=C\C=C(\C)/C=C\C2=C(C(=O)CCC2(C)C)C)/C)\C,1466,0
CC1=C(C(CCC1)(C)C)/C=C/C(=C\C=C\C(=C\C=O)\C)/C,1467,0
CC1(O[C@@H]2C[C@H]3[C@@H]4C[C@@H](C5=CC(=O)C=C[C@@]5([C@H]4[C@H](C[C@@]3([C@@]2(O1)C(=O)CO)C)O)C)F)C,1468,0
C/C/1=C\C[C@H](/C(=C/[C@H]([C@H]2[C@H](C1)OC(=O)C2=C)O)/C)O,1469,0
CC(=O)C1=CCCC2CCC1N2,1470,0
C[C@H]1[C@@H]2[C@H](C[C@]3(C=CC(=O)C(=C3[C@H]2OC1=O)C)C)O,1471,0
CC1=C(C(CCC1=O)(C)C)/C=C\C(=C/C=C\C(=C/C=C\C=C(/C)\C=C/C=C(\C)/C=C\C2=C(C(=O)[C@@H](CC2(C)C)O)C)\C)\C,1472,0
C1=C(C(=C[C@@H]([C@@H]1O)O)C(=O)O)C(=O)O,1473,0
C[C@@H]1[C@H]2CN3CC[C@]4([C@@H]3C[C@@H]2C(=CO1)C(=O)OC)c5ccccc5NC4=O,1474,0
c1c(cc(c(c1O)O)O)/C=C\2/C(=O)c3c(cc(cc3O2)O)O,1475,0
c1cc(ccc1/C=C\C(=O)OC[C@H]2[C@@H]([C@@H]([C@@H]([C@@H](O2)Oc3cc4c(cc(cc4[o+]c3c5ccc(c(c5)O)O)O)O)O)O)O)O,1476,0
C1[C@H]2N(C1=O)[C@@H](/C(=C/C=O)/O2)C(=O)[O-],1477,0
CN1CCc2cc(c(c3c2[C@H]1C[C@@]34C=CC(=O)C=C4)OC)OC,1478,0
CCCCCCCC[C@@H]1[C@@H](O1)CCCCCCCC(=O)[O-],1479,0
C[C@@H]1CC[C@@H]2[C@@H]1[C@@H](OC=C2C(=O)[O-])O,1480,0
C=C(C(=O)O)O[C@@H]1C=C(C=C[C@H]1N)C(=O)O,1481,0
COc1cc(cc(c1O)OC)/C=C/C(=O)NCCc2ccc(cc2)O,1482,0
C/C=C(/C)\C(=O)O[C@H]1CCN2[C@@H]1C(=CC2)COC(=O)[C@@]([C@@H](C)OC)(C(C)(C)O)O,1483,0
CC(=CCc1c(cc(c(c1O)C(=O)/C=C/c2ccc(cc2)O)OC)O)C,1484,0
C/C(=C\C(=O)[O-])/C=C(\C(=O)[O-])/Cl,1485,0
C/C=C(/C)\C(=O)O[C@@H]1c2c(ccc3c2oc(=O)cc3)O[C@@H]1C(C)(C)OC(=O)/C(=C\C)/C,1486,0
C/C(=C\C=C\C(=C\C(=O)O)\C)/C=C/C12C(CCCC1(O2)C)(C)C,1487,0
CC(C)CC(=O)O[C@H]1[C@H]2[C@H]([C@H]3[C@@H]([C@]2(CO)O)O3)C(=CO1)CO[C@H]4[C@@H]([C@H]([C@@H]([C@H](O4)CO)O)O)O,1488,0
C(=C/Cl)\C=O,1489,0
COc1cc(cc(c1O)O)/C=C\C(=O)[O-],1490,0
COC(=O)C1=CO[C@H]([C@H]2[C@@H]1[C@@H](C=C2CO)O)O[C@H]3[C@@H]([C@H]([C@@H]([C@H](O3)CO)O)O)O,1491,0
COc1cc(cc(c1O)OC)/C=C\C(=O)OCCCC/C(=N\OS(=O)(=O)[O-])/S[C@@H]2[C@@H]([C@@H]([C@@H]([C@@H](O2)CO)O)O)O,1492,0
C1=C[C@@](OC1=O)(CC(=O)[O-])C(=O)[O-],1493,0
CC1=C(C(=O)C2=C(C1=O)N3C[C@H]4[C@@H]([C@@]3([C@@H]2COC(=O)N)OC)N4)N,1494,0
CC1=CC(=O)CC([C@]1(/C=C/[C@@H](C)O)O)(C)C,1495,0
C[C@]1(c2cccc(c2C(=O)C3=C1C[C@H]4[C@@H](C(=C(C(=O)[C@]4(C3=O)O)C(=O)N)O)N(C)C)O)O,1496,0
c1ccc2c(c1)C3=C(C2=O)C=CC(C3O)O,1497,0
C(/C=C/C(=O)[O-])C(=O)[O-],1498,0
CCCCCC(=O)OCC(=O)[C@]1(CC[C@@H]2[C@@]1(C[C@@H]([C@H]3[C@H]2CCC4=CC(=O)CC[C@]34C)O)C)O,1499,0
CCOC(=O)C1=C(NC(=C(C1c2ccccc2Cl)C(=O)OC)C)COCCN,1500,0
CN1CCN(CC1)c2ncc(c(n2)N)c3cc(cc(c3Cl)Cl)Cl,1501,0
C[C@H]1[C@H]([C@H]([C@H]([C@@H](O1)O[C@H]2CC[C@@]3([C@@H]4[C@@H](CC[C@@]3(C2)O)[C@]5(CC[C@@H]([C@]5(C[C@H]4O)C)C6=CC(=O)OC6)O)C)O)O)O,1502,0
CC1C(O1)C,1503,0
C1=C(C=C(O[C@@H]1O)C(=O)[O-])C(=O)[O-],1504,0
c1ccc(c(c1)/C(=C/C=C\C(=O)C(=O)[O-])/O)O,1505,0
C[C@H]1CCCC2=C1[C@@H]3[C@H](C2)/C(=C\O[C@H]4C=C(C(=O)O4)C)/C(=O)O3,1506,0
c1cc(cc(c1)O)/C=C\C(=O)[O-],1507,0
C[C@@H]1C[C@@H]2[C@H](C[C@@H]3[C@H]1C=CC3=O)C(=C)C(=O)O2,1508,0
CC(=CCC/C(=C\C(=O)[O-])/C)C,1509,0
C[C@H]1CC/C=C(/CC(=O)C(=C(C)C)CC1=O)\C,1510,0
C[C@@H]1[C@H]([C@H]([C@H]([C@@H](O1)O[C@H]2CC[C@]3([C@H](C2)C[C@H]4[C@@]5([C@@H]3C[C@H]([C@]6([C@@]5(CC[C@@H]6C7=CC(=O)OC7)O)C)O)O4)C)O)O)O,1511,0
C/C=C\C(=O)O[C@@H]1C[C@@H]2[C@@]3([C@]1([C@]4(CC(=O)C(=C[C@H]4O2)C)C)C)CO3,1512,0
CCCCCCC(=O)O[C@]1(CC[C@@H]2[C@@]1(CC[C@H]3[C@H]2CCC4=CC(=O)CC[C@H]34)C)C#C,1513,0
c1cc(c(cc1/C=C/C(=O)OC(C(C(C(C(=O)O)O)O)O)C(=O)O)O)O,1514,0
C1=C(C(=O)OC1(CC(=O)O)Cl)Cl,1515,0
C[C@H]1C[C@H]2[C@H](CC=C1C(CC(=O)C)OC(=O)C)C(=C)C(=O)O2,1516,0
CC1=C(C(CCC1)(C)C)/C=C/C(=C\C=C/C(=C\C=C/C=C(\C)/C=C\C=C(/C)\C=C/C2=C(C(=O)CCC2(C)C)C)/C)/C,1517,0
CC(=O)[C@H]1CC[C@@H]2[C@@]1(CC(=O)[C@H]3[C@H]2C[C@@H](C4=CC(=O)CC[C@]34C)F)C,1518,0
COc1cc(ccc1O)/C=C/C(=O)NCCCCNC(=N)N,1519,0
CI,1520,0
C(=C/Cl)\C(=O)O,1521,0
CC1=C(C(CCC1)(C)C)/C=C\C(=C\C=C/C(=C\C=O)/C)\C,1522,0
C1=CC(=C([C@H]([C@@H]1O)O)C(=O)[O-])C(=O)[O-],1523,0
C[C@@H]1C=C(C(=O)[C@]2([C@H]1C[C@@H]3[C@@]4([C@@H]2[C@H]5[C@H]([C@@](C4CC(=O)O3)(C)O)OCO5)C)C)OC,1524,0
c1ccc(c(c1)/C(=C/C=C/C(=O)C(=O)[O-])/O)O,1525,0
C[C@H]1[C@@H]2CN3CC[C@@]4([C@H]3C[C@@H]2C(=CO1)C(=O)OC)c5ccccc5NC4=O,1526,0
CC(C)[C@@H](C)CC[C@H](C)[C@@H]1CC[C@@H]2[C@@]1(CC[C@@H]3[C@@H]2CCC4=CC(=O)CC[C@@]34C)C,1527,0
COc1cc(ccc1O)/C=C\C=O,1528,0
c1cc(ccc1/C=C/C(=O)O[C@H]2[C@@H](C[C@@](C[C@H]2O)(C(=O)O)O)O)O,1529,0
C(C(=O)O)(Cl)Cl,1530,0
CC/C=C\C#CC(=O)c1ccc(o1)/C=C/C(=O)O,1531,0
C/C/1=C\[C@@H]2[C@@H]([C@@H](C/C(=C/CC1)/C)OC(=O)/C(=C/CO)/CO)C(=C)C(=O)O2,1532,0
C[C@]1(C[C@@H]([C@H]2[C@H]1C[C@H]3[C@@H](CC2=C)OC(=O)C3=C)O)O,1533,0
C[C@@H]1C[C@@H]2[C@H]([C@@H]([C@]3([C@H]1C=CC3=O)C)O)C(=C)C(=O)O2,1534,0
CC1=C(C(C[C@@H](C1)O)(C)C)/C=C/C(=C/C=C/C(=C/C=C/C=C(\C)/C=C/C=C(\C)/C=C/C2=C(C(=O)[C@H](CC2(C)C)O)C)/C)/C,1535,0
c1cc(c(cc1O)O)/C=C/C(=O)[O-],1536,0
C(/C(=C\C=C(\C(=O)[O-])/O)/C(=O)[O-])C(=O)[O-],1537,0
C[C@@H]1C[C@@]2([C@H](O2)C)C(=O)O[C@@H]3CCN(C/C=C(\C3=O)/COC(=O)[C@]1(C)O)C,1538,0
Cc1c(c([nH]c1/C=C\2/C(=C(C(=O)N2)C)C=C)/C=C\3/C(=C(C(=N3)C[C@@H]4C(=C(C(=O)N4)C=C)C)C)CCC(=O)[O-])CCC(=O)[O-],1539,0
C[C@H]1C[C@H]2[C@@H]3CC[C@@]([C@]3(C[C@@H]([C@@H]2[C@@]4(C1=CC(=O)CC4)C)O)C)(C(=O)CF)O,1540,0
CCC/C=C/C=O,1541,0
C[C@]12C[C@H]3[C@H](O3)[C@]4([C@@H]1[C@@H]([C@@H]5[C@]6(C2=CC(=O)O[C@@H]6[C@](C)(CS(=O)(=O)C)O)O5)OC4=O)C,1542,0
C1=C(C(=O)C=C([C@H]1[O-])/C=C/C(=O)[O-])O,1543,0
C/C=C(/C)\C(=O)O[C@@H]1C[C@]2(CO2)[C@@H]3[C@@H]([C@@H]4[C@]([C@@]3([C@@H]5[C@@H]1C(=C)C(=O)O5)O)(O4)C)O,1544,0
Cc1c(c([nH]c1/C=C/2\C(=C(C(=O)N2)C=C)C)Cc3c(c(c([nH]3)/C=C/4\C(=C(C(=O)N4)C)C=C)C)CCC(=O)[O-])CCC(=O)[O-],1545,0
c1cc(ccc1/C=C/C(=O)NCCCCN(CCCNC(=O)/C=C/c2ccc(cc2)O)C(=O)/C=C/c3ccc(cc3)O)O,1546,0
c1ccc2c(c1)C(=O)C=C(C2=O)O,1547,0
C[C@H]1[C@H]2C[n+]3ccc4c5ccccc5[n-]c4c3C[C@@H]2C(=CO1)C(=O)OC,1548,0
CC1=CC(=O)OC1CC(=O)O,1549,0
CC(=O)O[C@H]1CC[C@@H]2[C@@]1(CC[C@H]3[C@H]2CC[C@@H]4[C@@H]3C=CC(=O)O4)C,1550,0
c1ccc(cc1)[C@@H]2[C@H]([C@H]3[C@@H](O2)C=CC(=O)O3)O,1551,0
CCCCCCCCCCCCCCCC(=O)OCC(COP(=O)([O-])OCC[N+](C)(C)C)OC(=O)CCCC(=O)/C=C/C=O,1552,0
C=C[C@@H]1[C@@H](C(=CO[C@H]1O[C@H]2[C@@H]([C@H]([C@@H]([C@H](O2)CO)O)O)O)C(=O)O)CC=O,1553,0
C(/C(=C\C(=O)C(=O)[O-])/C(=O)[O-])C(=O)[O-],1554,0
COc1cc(ccc1O[C@@H]2[C@@H]([C@@H]([C@@H]([C@@H](O2)CO)O)O)O)/C=C\C=O,1555,0
C[C@@H]1C2=C(Cc3cccc(c3C2=O)O)C[C@H](O1)CC(=O)O,1556,0
C(=C(\C=C(/C(=O)O)\Cl)/Cl)\C(=O)O,1557,0
Cc1c(c(c(c(c1F)F)COC(=O)C2C(C2(C)C)/C=C(/C(F)(F)F)\Cl)F)F,1558,0
c1cc(c(cc1/C=C/C(=O)O[C@H]2[C@@H]([C@H]([C@@H]([C@H](O2)CO)O)O)O)O)O,1559,0
C[C@@]1(C2=C(Cc3cccc(c3C2=O)O)C[C@@H](O1)CC(=O)[O-])O,1560,0
c1ccc2c(c1)cc3ccc4cccc5c4c3c2C6C5O6,1561,0
CC1=CC[C@H]2[C@@H]1[C@@H](OC=C2C(=O)OC)O[C@H]3[C@@H]([C@H]([C@@H]([C@H](O3)COC(=O)C)OC(=O)C)OC(=O)C)OC(=O)C,1562,0
CCC(COC(=O)C(=C)C)(COC(=O)C(=C)C)COC(=O)C(=C)C,1563,0
C#CCN1c2cc(c(cc2OCC1=O)F)N3C(=O)C4=C(C3=O)CCCC4,1564,0
CCCCC/C=C/C/C=C/C=C\C=C/[C@@H]1[C@@H](O1)CCCC(=O)[O-],1565,0
C[C@@H]1C[C@H]2[C@@H]3CC[C@@H]([C@]3(CC[C@@H]2[C@@]4(C1=CC(=O)CC4)C)C)O,1566,0
C=C(C=O)O,1567,0
CCCCCC(=O)/C=C/[C@@H]1[C@@H](CC(=O)[C@@H]1CCCCCCC(=O)[O-])O,1568,0
C(=C(/C(=O)O)\O)(\C(=O)O)/O,1569,0
C[C@H]1[C@@H](C[C@@H]2[C@@H]1[C@@H](OC=C2C(=O)OC)O[C@@H]3[C@@H]([C@@H]([C@@H]([C@@H](O3)CO)O)O)O)O,1570,0
C[C@@H]([C@H]1CC[C@@]2([C@@]1(CCC3C2=CC(=O)[C@H]4[C@@]3(C[C@@H](C(=O)C4)O)C)C)O)[C@@H](CCC(C)(C)O)O,1571,0
C(COP(=O)(N)N(CCCl)CCCl)C=O,1572,0
CC1=CC(=O)C(=C(C1=O)[O-])O,1573,0
CC1=CC(=O)C(C1(C)C)CC(=O)O,1574,0
C=C/C=C(/C(=O)[O-])\O,1575,0
C/C(=C\C(=O)OC)/C(=O)OC,1576,0
CCCCC/C=C\C/C=C\C/C=C\C=C\[C@@](=O)CCCC(=O)O,1577,0
CO/N=C(/c1nc(sn1)N)\C(=O)N[C@H]2[C@@H]3N(C2=O)C(=C(CS3)C[N+]45CCC(CC4)(CC5)C(=O)N)C(=O)[O-],1578,0
C/C(=C\C=C\C(=C/C=C\C(=C/C=C\C=C(/C)\C=C/C=C(\C)/C=C\C=C(/C)\C=C/C(=O)C(C)(C)OC)\C)\C)/C=C\CC(C)(C)OC,1579,0
c1cc(c(cc1/C=C\C(=O)O[C@@H]2CC(=C[C@@H]([C@@H]2O)O)C(=O)[O-])O)O,1580,0
Cc1nnc(s1)SCC2=C(N3[C@@H]([C@@H](C3=O)NC(=O)Cn4cnnn4)SC2)C(=O)O,1581,0
C([C@H]1[C@H]([C@@H]([C@@H](O1)OP(=O)([O-])[O-])O)O)Cl,1582,0
C[C@H]1[C@@H]2[C@H](C[C@@H](O1)O)C(=CO[C@H]2O[C@H]3[C@@H]([C@H]([C@@H]([C@H](O3)CO)O)O)O)C(=O)OC,1583,0
C[C@]1(C2=C(Cc3cccc(c3C2=O)O)C[C@H](O1)CC(=O)[O-])O,1584,0
CC1=CC(=O)O[C@H]1CC(=O)[O-],1585,0
c1cc(c(cc1c2cc(c(c(c2Cl)Cl)Cl)Cl)Cl)Cl,1586,0
C[C@@H]1C[C@@H](C(=O)[C@]2([C@H]1C[C@@H]3[C@@]4([C@@H]2C(=O)C(=C([C@@H]4CC(=O)O3)C)OC)C)C)O,1587,0
c1cc(c(cc1C[C@@H](C(=O)O)/N=C\C=C\2/C[C@H](NC(=C2)C(=O)O)C(=O)O)O)O,1588,0
COC(=O)C=CC(=O)NC[C@@H](C(=O)[O-])NC(=O)[C@@H](Cc1ccc(cc1)O)[NH3+],1589,0
C[C@@H]1[C@@H]2[C@@H](C[C@@H](O1)CC(=O)[O-])C(=O)c3ccc(c(c3C2=O)O)c4ccc5c(c4O)C(=O)C6=C(C5=O)C[C@@H](O[C@@H]6C)CC(=O)[O-],1590,0
C[C@@H]1CC2=CC(=O)CC[C@@]2([C@@H]3[C@@H]1[C@@H]4CC[C@@H]([C@]4(CC3)C)O)C,1591,0
C[C@@H](C(=C)C(=O)[O-])C(=O)[O-],1592,0
C[C@]12CCC(=O)C=C1[C@@H](C[C@@H]3[C@@H]2CC[C@]4([C@H]3CCC(=O)O4)C)O,1593,0
C[C@]1(CC[C@@H]2[C@@H]([C@@H]3[C@]14[C@H](O4)[C@H]5[C@@]3(O5)C)OC(=O)C2=C)O,1594,0
CCCCC/C=C\C(=O)N(CCCNC(=O)C[C@@](CC(=O)NCCCN(C(=O)C)O)(C(=O)[O-])O)O,1595,0
C(=C\C(=O)O)\C=C(C(=O)O)C(=O)O,1596,0
CC(=O)/C=C/C=C/C=C/C=C/c1ccc(cc1)O,1597,0
CC(=O)N[C@H]1[C@@H]([C@@H]([C@@H](O[C@@H]1O)COS(=O)(=O)[O-])O)O[C@@H]2[C@@H]([C@@H](C=C(O2)C(=O)[O-])O)O,1598,0
C/C(=C\C=C/C=C(/C)\C=C/C=C(\C)/C=C\C=O)/C=C\C=C(/C)\C=C/C=O,1599,0
CC(=C1CC[C@]2([C@@H](C1=O)O2)C)C,1600,0
C[C@@]1(CC(=O)C=C2[C@@H]1[C@@H]([C@@]34[C@@H]2CC[C@@H](C3)C(=C)C4)C(=O)[O-])C(=O)[O-],1601,0
CC(=C)[C@@H]1CCC2(C(C1)O2)C,1602,0
C1[C@@H](NC2=CC(=O)C(=O)C=C21)C(=O)[O-],1603,0
C[C@]12CC[C@H]3[C@H]([C@@H]1CC[C@@H]2O[C@H]4[C@@H]([C@H]([C@@H]([C@H](O4)C(=O)O)O)O)O)CCC5=CC(=O)CC[C@]35C,1604,0
C[C@H]1C2=C(C[C@@H](O1)CC(=O)O)C(=O)c3cccc(c3C2=O)O,1605,0
CC(=O)C1=C(Cc2cccc(c2C1=O)O)CC(=O)CC(=O)[O-],1606,0
C(I)I,1607,0
C=C(C(=O)[O-])O[C@@H]1CC(=C[C@H]([C@@H]1O)OP(=O)([O-])[O-])C(=O)[O-],1608,0
C[C@@]12CC[C@H]3[C@@]45CC[C@@]([C@]6([C@@H]4[C@@H]([C@H]7[C@]3([C@@H]1OC[C@@H]2N(C)C)O7)OC6=O)C)(OC5)O,1609,0
c1ccc(cc1)NC(=O)c2cc(ccc2Cl)[N+](=O)[O-],1610,0
C(C(Cl)(Cl)Cl)(O)O,1611,0
CC[C@@H]1[C@H](/C=C/C=C/C(=O)[C@@H](C[C@@H]([C@@H]([C@H](/C=C/C(=O)O1)C)O[C@H]2[C@@H]([C@H](C[C@H](O2)C)N(C)C)O)C)C)CO,1612,0
CC1=C(C(CCC1)(C)C)/C=C/C(=C/C=C/C(=C/C(=O)O[C@H]2[C@@H]([C@H]([C@@H]([C@H](O2)C(=O)O)O)O)O)/C)/C,1613,0
C[C@H]1[C@@H]2CN3CC[C@]4([C@@H]3C[C@@H]2C(=CO1)C(=O)OC)c5ccccc5NC4=O,1614,0
CC#CC#CC#C/C=C/C(=O)OC,1615,0
COc1cc(ccc1O[C@@H]2[C@@H]([C@@H]([C@@H]([C@@H](O2)CO)O)O)O)/C=C/C=O,1616,0
COC(=O)C1=CO[C@@H]([C@H]([C@@H]1CC=O)C=C)O[C@@H]2[C@@H]([C@@H]([C@@H]([C@@H](O2)CO)O)O)O,1617,0
C[C@H]1[C@@H]2CN3CC[C@]4([C@@H]3C[C@@H]2C(=CO1)C(=O)OC)c5cc(c(cc5NC4=O)OC)OC,1618,0
C/C(=C/C=C/C=C(\C)/C=C\C=O)/C=C\C=C(/C)\C=C/[C@@]12C(C[C@@H](C[C@@]1(O2)C)O)(C)C,1619,0
CC(=O)OC[C@@H]1[C@H]([C@@H]([C@H]([C@@H](O1)O[C@H]2[C@H]3[C@@H]4[C@H](C=C3COC(=O)C)OC(=O)C4=CO2)OC(=O)C)OC(=O)C)OC(=O)C,1620,0
CC(=CC(=O)O[C@H]1C[C@@H]2[C@H](C1=C)[C@@H]3[C@@H](CCC2=C)C(=C)C(=O)O3)C,1621,0
CN1CCC=C(C1)C(=O)O,1622,0
C1=CC(=C[C@@]([C@H]1O)(O)Cl)C(=O)[O-],1623,0
C[C@]12CCC(=O)C=C1CC[C@H]3[C@@H]2CC[C@@]4([C@@H]3CC[C@@]4(C(=O)CO)O)C,1624,0
C[C@@H]1C=C(C(=O)[C@]2([C@H]1C[C@@H]3[C@@]4([C@@H]2[C@H]5[C@H](C([C@@H]4CC(=O)O3)C)OCO5)C)C)OC,1625,0
CC(=CCC/C(=C/CC/C(=C/CC/C=C(\C)/CC/C=C(\C)/CC[C@H]1C(O1)(C)C)/C)/C)C,1626,0
C/C=C\1/C[C@H]([C@@](C(=O)OC/C/2=C/CN(CC[C@H](C2=O)OC1=O)C)(C)O)C,1627,0
C/C(=C\C=C\C=C(/C)\C=C/C=C(\C)/C=C\C(=O)[O-])/C=C\C=C(/C)\C=C/C(=O)[O-],1628,0
c1cc[n+](cc1)CC2=C(N3[C@@H]([C@H](C3=O)NC(=O)Cc4cccs4)SC2)C(=O)[O-],1629,0
COc1cc(ccc1O)/C=C/C(=C/C(=O)/C=C/c2ccc(c(c2)OC)O)/O,1630,0
C(C(Cl)(Cl)Cl)Cl,1631,0
C/C(=C/C(=O)[O-])/C=C(\C(=O)[O-])/Cl,1632,0
CC(=O)S[C@@H]1CC2=CC(=O)CC[C@@]2([C@@H]3[C@@H]1[C@@H]4CC[C@]5([C@]4(CC3)C)CCC(=O)O5)C,1633,0
C(/C(=C\C(=O)O)/C(=O)O)C(=O)O,1634,0
CC(=C)C(=O)OCCOC(=O)NCCC(C)([C])CC(C)([C])CNC(=O)OCCOC(=O)C(=C)C,1635,0
c1ccc2c(c1)C=C[C@@H]3[C@H]2O3,1636,0
c1(c(c(nc(c1Cl)Cl)C(=O)O)Cl)N,1637,0
CO[C@H]1[C@H]([C@H](C=C(O1)C(=O)O)O)O,1638,0
C[C@H]1C[C@H]2[C@H](CC3=C(C(=O)C[C@@H]13)C)C(=C)C(=O)O2,1639,0
C[C@H]1C=CC(=O)N1C(=O)/C=C(\CCNC(=O)CC/C=C/C(C)CC/C(=C/Cl)/CCCC#C)/OC,1640,0
C[C@]12CCC(=O)C=C1CC[C@@H]3[C@@H]2[C@@H](C[C@@]4([C@@H]3CC[C@@H]4C(=O)CO)C=O)O,1641,0
C/C(=C\C=O)/C=C\[C@@]12C(CC(=O)C[C@@]1(O2)C)(C)C,1642,0
C1CN(P(=O)(OC1)NCCCl)CCCl,1643,0
C[C@@H]([C@H]1CC[C@@]2([C@@]1(CC[C@H]3C2=CC(=O)[C@H]4[C@@]3(C[C@@H]([C@@H](C4)O)O)C)C)O)[C@@H](CCC(C)(C)O)O,1644,0
C[C@@H]1C[C@H]([C@]2([C@@H](O1)O[C@@H]3C[C@@H]4CC[C@@H]5[C@@H]([C@]4(C[C@H]3O2)C=O)CC[C@]6([C@@]5(CC[C@@H]6C7=CC(=O)OC7)O)C)O)O,1645,0
C/C(=C\C=C\C=C(/C)\C=C\C=C(/C)\C(=O)C[C@]12C(C[C@@H](C[C@]1(O2)C)O)(C)C)/C=C/C=C(\C)/C=C=C3C(C[C@@H](C[C@@]3(C)O)OC(=O)C)(C)C,1646,0
CC1(O[C@@H]2C[C@H]3[C@@H]4CCC5=CC(=O)C=C[C@@]5([C@]4([C@H](C[C@@]3([C@@]2(O1)C(=O)CO)C)O)F)C)C,1647,0
C[C@H]1CC2=C([C@H](O1)C)C(=O)c3c(cccc3OC)C2=O,1648,0
COc1cc(cc(c1O)O)/C=C/C(=O)O,1649,0
CC1=C(C(C[C@@H](C1=O)O)(C)C)/C=C/C(=C/C=C/C(=C/C=C/C=C(\C)/C=C/C=C(\C)/C=C/C=C(\C)/C=C/[C@@H](C(C)(C)O)O)/C)/C,1650,0
CC(C)CCC[C@H](C)[C@H]1CC[C@@H]2[C@@]1(CC[C@@H]3[C@@H]2CCC4=CC(=O)CC[C@@]34C)C,1651,0
CC(C)CC(=O)O[C@H]1C=C2[C@@H]([C@@]13CO3)[C@@H](OC=C2COC(=O)C)OC(=O)CC(C)C,1652,0
Cc1cc(ccc1/N=N/c2ccccc2C(=O)O)N(CCCl)CCCl,1653,0
C[C@H]1C=C2[C@@H](CCC3=CC(=O)CC[C@@]32C)[C@H]4[C@]1([C@H](CC4)C(=O)C)C,1654,0
CC1=C(N2[C@H]([C@@H](C2=O)NC(=O)[C@@H](C3=CCC=CC3)[NH3+])SC1)C(=O)[O-],1655,0
C[C@@]1(CC[C@@H]2[C@@]1(C[C@@H]([C@H]3[C@H]2CCC4=CC(=O)C=C[C@]34C)O)C)O,1656,0
CCC1=C(N2[C@@H]([C@@H](C2=O)NC)SC1)C(=O)O,1657,0
C(=C(/C=C(\C(=O)[O-])/Cl)\Cl)\C(=O)[O-],1658,0
CC(=O)N/C=C(/C(CO)C(=O)O)\C(=O)O,1659,0
CC(=CCC/C(=C/CC1=CC(=O)C=C(C1=O)OC)/C)C,1660,0
COc1cc(ccc1O)/C=C/C(=O)NCCCCN(CCCNC(=O)/C=C/c2ccc(c(c2)OC)O)C(=O)/C=C\c3ccc(c(c3)OC)O,1661,0
C(C(=O)/C=C(\C(=O)O)/Br)C(=O)O,1662,0
c1c(onc1O)[C@@H](C(=O)O)/N=C\C=C\2/C[C@H](NC(=C2)C(=O)O)C(=O)O,1663,0
CC1=C(C(C[C@@H](C1)O)(C)C)/C=C/C(=C/C=C/C(=C/C=C/C=C(\C)/C=C/C=C(\C)/C=C/C(=O)[C@@]2(C[C@H](CC2(C)C)O)C)/C)/C,1664,0
C[C@@]12CCC[C@@]3([C@@H]1[C@H](OC2)O)COC(=O)[C@]45[C@H]3[C@@H](C[C@H](C4)C(=C)C5=O)O,1665,0
CC(=O)N[C@H]1CC[C@@H]2[C@@]1(CC[C@H]3[C@H]2CCC4=CC(=O)CC[C@]34C)C,1666,0
CC(C)CCC[C@@H](C)[C@@H]1CC[C@@H]2[C@@]1(CC[C@@H]3[C@@H]2[C@@H](CC4=CC(=O)CC[C@@]34C)O)C,1667,0
C=C1C=CC(=O)O1,1668,0
C/C=C/1\C[C@H]([C@@](C(=O)OCC2=CCN3[C@H]2[C@@H](CC3)OC1=O)(CO)O)C,1669,0
C[C@]12CC[C@H]3[C@H]([C@@H]1CC[C@@H]2O)CCC4=CC(=O)C=C[C@]34C,1670,0
C\1=C(C(=O)O/C1=C\C(=O)O)Cl,1671,0
c1cc(ccc1/C=C/C(=O)O[C@@H]2[C@H]([C@@H]([C@H](O[C@H]2O[C@@H]3CCCC[C@@H]3O)CO)O)O)O,1672,0
C(C(CBr)Br)Cl,1673,0
c1ccc(c(c1)C(=O)/C=C/C=C(\C(=O)[O-])/O)N,1674,0
C[C@@H]1CC[C@H]2[C@@H]1[C@@H](OC=C2C(=O)[O-])O,1675,0
c1ccc2c(c1)C(=O)C(=C(C2=O)O)[C@H]3CC[C@@H](CC3)c4ccc(cc4)Cl,1676,0
CC(=CC(=O)O[C@H]1Cc2cc3ccc(=O)oc3cc2OC1(C)C)C,1677,0
CC1=CC(=O)[C@]2(C1=CC(=O)[C@]34[C@@H]2[C@H]([C@H]5[C@]([C@@H]3C(=O)O5)(OC4)C)O)C,1678,0
C([C@H]1[C@H]([C@@H](C(=O)O1)O)O)Cl,1679,0
c1ccc2c(c1)C(=O)c3c(cc(c(c3C2=O)N)S(=O)(=O)O)Nc4ccc(c(c4)S(=O)(=O)O)Nc5nc(nc(n5)Cl)Nc6cccc(c6)S(=O)(=O)O,1680,0
CC(=CCC/C(=C\C=C\C(=C/C=C\C=C(/C)\C=C/C=C(\C)/C=C\C=C(/C)\C(=O)[O-])\C)/C)C,1681,0
CCCCCC(=O)/C=C/[C@H]1[C@@H](CC(=O)[C@@H]1C/C=C\CCCC(=O)O)O,1682,0
C[C@]12CC[C@H]3[C@H]([C@@H]1[C@H](CC(=O)O2)O)CCC4=CC(=O)C=C[C@]34C,1683,0
COC(=O)C1=CO[C@H]([C@@H]([C@@H]1C[C@@H]2c3c(c4ccccc4[nH]3)CCN2)C=C)O[C@@H]5[C@@H]([C@@H]([C@@H]([C@@H](O5)CO)O)O)O,1684,0
Cc1c(c(c(nc1C(=O)O)c2ccc3c(n2)C(=O)C(=C(C3=O)OC)N)N)c4ccc(c(c4O)OC)OC,1685,0
CC/C=C\CC1=C(CCC1=O)C,1686,0
COc1cc(cc(c1O)OC)/C=C/C(=O)O[C@@H](CC(=O)O)C(=O)O,1687,0
CC1=C(C(CCC1)(C)C)/C=C/C(=C/C=C/C(=C/C=C/C=C(\C)/C=C/C=C(\C)/C=C/C23C(CCCC2(O3)C)(C)C)/C)/C,1688,0
C(=C\C(=O)[O-])\C=C(/C(=O)[O-])\O,1689,0
COc1cc(ccc1O)/C=C\C(=O)NCCCCN(CCCNC(=O)/C=C/c2ccc(c(c2)OC)O)C(=O)/C=C\c3ccc(c(c3)OC)O,1690,0
C[C@@](CCO[P@@](=O)([O-])OP(=O)([O-])[O-])(CBr)O,1691,0
CC(=CCC/C(=C\CC/C(=C\CC/C(=C\CC/C(=C\CC/C(=C\CC/C(=C\CC1=CC(=O)c2ccccc2C1=O)/C)/C)/C)/C)/C)/C)C,1692,0
C/C(=C/C(=C\C(=O)O)/O)/O,1693,0
Cc1cc(c2c(c1)O[C@@]3(C2=O)C(=CC(=O)C=C3OC)C(=O)OC)O,1694,0
C[C@@]12CC[C@H]3C(=O)O[C@H](C[C@]3([C@@H]1[C@H]4[C@H]5[C@@H]([C@@]2(C(=O)O4)O)O5)C)c6ccoc6,1695,0
c1cc(ccc1/C=C/C(=O)O[C@H]2CC(=C[C@@H]([C@@H]2O)O)C(=O)[O-])O,1696,0
CCCCCCCCCCCCC/C=C\C=O,1697,0
C[C@]12CC[C@@H]3[C@@H]([C@@H]1CC[C@@H]2C(=O)CO)CCC4=CC(=O)CC[C@@]34C,1698,0
CC1=C(N2[C@@H]([C@@H](C2=O)NC(=O)/C(=N\OC)/c3csc(n3)N)SC1)C(=O)OCOC(=O)C(C)(C)C,1699,0
CSCCC(=O)/C(=C/OP(=O)(O)O)/O,1700,0
C[C@H]1C[C@@H]2[C@H](CC[C@]3([C@H]2CC[C@]3(C)O)C)[C@@]4(C1=CC(=O)CC4)C,1701,0
c1cc(c(cc1/C=C/C(=O)NCCCCN)O)O,1702,0
C(=C\C(=O)[O-])\C(=O)/C=C(\[O-])/Cl,1703,0
CCC(=O)OCC(=O)[C@]1([C@H](C[C@@H]2[C@@]1(C[C@@H]([C@]3([C@H]2CCC4=CC(=O)C=C[C@@]43C)Cl)O)C)C)OC(=O)CC,1704,0
C/C=C/C=C\C(=O)N[C@@H](CC(=O)N[C@@H](C(C)C)/C(=C\1/[C@@H](C(=O)NC1=O)C)/[O-])c2ccccc2,1705,0
c1c(c(c(c(c1Cl)Cl)Cc2c(c(cc(c2Cl)Cl)Cl)O)O)Cl,1706,0
C/C(=C/C=C/C=C(\C)/C=O)/C=C\C=C(/C)\C=C=C1C(C[C@@H](C[C@@]1(C)O)O)(C)C,1707,0
CC(=O)O[C@]12C=CC(=O)C=C1CC[C@@H]3[C@@H]2CC[C@]4([C@H]3CCC4)C,1708,0
CC(=O)OCC1=C(N2[C@@H]([C@H](C2=O)NC(=O)Cc3cccs3)SC1)C(=O)[O-],1709,0
COc1c(ccc2c1O/C(=C\c3ccc(c(c3)O)O)/C2=O)O,1710,0
C1CCN2[C@H](C1)[C@]34C[C@H]2C=CC3=CC(=O)O4,1711,0
C/C/1=C/[C@@H]2[C@@H]([C@@H](C[C@@]3(C=C[C@]1(O3)O)C)OC(=O)C(C)C)C(=C)C(=O)O2,1712,0
C[C@H]1C[C@H]2[C@@H]3CC[C@@]([C@]3(C[C@@H]([C@@H]2[C@@]4(C1=CC(=O)CC4)C)O)C)(C(=O)C)O,1713,0
COC(=O)/C=C/c1ccc(c(c1)O)O,1714,0
C(CC(=O)[O-])/C=C\C(=O)C(=O)[O-],1715,0
CC(=CCCC1=CC(OC1)C2=CC(=O)C=CC2=O)C,1716,0
COC1=CC(=O)O[C@H](C1)/C=C/c2ccccc2,1717,0
C/C=C(/C)\C(=O)O[C@@H]1C[C@@]([C@@H]2[C@@H](C=C([C@@]2([C@@H]3[C@@H]1C(=C)C(=O)O3)O)C)OC(=O)C)(CCl)O,1718,0
C[C@@H]1CCC(=C(C)C)C(=O)C1,1719,0
C[C@H](CCC(=O)O)[C@H]1CC[C@@H]2[C@@]1([C@H](C[C@H]3[C@H]2C=CC4=CC(=O)CC[C@]34C)O)C,1720,0
COc1cc(cc(c1O)OC)/C=C\C(=O)O[C@@H]2[C@@H]([C@@H]([C@@H](O[C@@H]2OC(=O)/C=C/c3cc(c(c(c3)OC)O)OC)CO)O)O,1721,0
c1cc(c(cc1/C=C\2/C(=O)c3c(cc(cc3O2)O[C@H]4[C@@H]([C@H]([C@@H]([C@H](O4)CO)O)O)O)O)O)O,1722,0
C1C=CN(C=C1C(=O)N)[C@@H]2[C@@H]([C@@H]([C@@H](O2)CO)O)O,1723,0
C=C(C(=O)[O-])O[C@H]1CCC=CC(=C1)C(=O)[O-],1724,0
CC(C)[C@@H](C)[C@H]([C@@H]([C@@H](C)[C@@H]1CC[C@@H]2[C@@]1(CC[C@@H]3[C@@H]2CCC4=CC(=O)CC[C@@]34C)C)O)O,1725,0
c1cc(ccc1/N=C\2/C3=C(CCCC3)C(=O)O2)Br,1726,0
CC(=O)OC[C@H]1CC[C@@H]2[C@H]([C@]3([C@]1(C=CC3=O)O)C)OC(=O)C2=C,1727,0
CC(=O)OCC1=C(N2[C@@H]([C@@H](C2=O)NC(=O)CC#N)SC1)C(=O)[O-],1728,0
C([C@@H]1C(=C(C(=O)O1)O)O)O,1729,0
C[C@H]1[C@H]([C@H](C[C@@H](O1)O[C@H]2CC[C@]3([C@@H](C2)CC[C@@H]4[C@@H]3[C@@H](C[C@]5([C@@]4(CC[C@@H]5C6=CC(=O)OC6)O)C)O)C)OC)O,1730,0
c1ccc(cc1)C(=O)C/C=C/C(=O)C(=O)[O-],1731,0
CC(=O)[C@H]1CC[C@H]2[C@@]1(CC[C@@H]3[C@@H]2CCC4=CC(=O)CC[C@@]34C)C,1732,0
C\1=C(C(=O)O/C1=C/C(=O)O)Cl,1733,0
C[C@@H]1C[C@H]2[C@@H]3CCC4=CC(=O)C=C[C@@]4([C@]3([C@H](C[C@@]2(C1=O)C)O)F)C,1734,0
C[C@H]1[C@H](O1)P(=O)([O-])[O-],1735,0
CC(C)CCCC(C)CCCC(C)CCC/C(=C/CC12C(=O)c3ccccc3C(=O)C1(O2)C)/C,1736,0
COc1cc(cc(c1OC)OC)/C=C/C(=O)N2CCC=CC2=O,1737,0
C=C(C(=O)O)O[C@H]1C=CC=C([C@@H]1O)C(=O)O,1738,0
C1=CO[C@H]([C@H]2[C@@H]1[C@@H]([C@H]3[C@@]2(O3)CO)O)O[C@H]4[C@@H]([C@H]([C@@H]([C@H](O4)CO)O)O)O,1739,0
C1C=CCC2C1C(=O)N(C2=O)SC(Cl)(Cl)Cl,1740,0
C[C@@H]1CC=C([C@@H](C1(C)C)/C=C/C(=O)C)C,1741,0
c1c(c(c(c(c1Cl)O)Cl)Cl)O,1742,0
c1c(c(cc(c1Cl)Cl)Cl)c2c(c(c(c(c2Cl)Cl)O)Cl)Cl,1743,0
CC(=C)C(=O)O[C@@H]1/C=C(\C2=CC(=O)[C@](O2)(C[C@H]3[C@H]1C(=C)C(=O)O3)C)/CO,1744,0
C[C@H]1C[C@H]2[C@@H]3CC[C@@H]([C@]3(CC[C@@H]2[C@@]4(C1=CC(=O)CC4)C)C)O,1745,0
CC(C)CNC(=O)/C=C/c1ccc2c(c1)OCO2,1746,0
CC(Cl)(Cl)Cl,1747,0
C[C@H]1C[C@@H]2[C@H](CC[C@]3([C@H]2CC[C@@]3(C(=O)C)O)C)[C@@]4(C1=CC(=O)CC4)C,1748,0
CC1=CC[C@H]([C@]2([C@H]1[C@@H]3[C@@H](CC2)C(=C)C(=O)O3)C)O,1749,0
C(CCCCO)CCC[C@@H]1[C@@H](O1)CCCCCCCC(=O)[O-],1750,0
C/C(=C/C=O)/CC/C=C(\C)/C=O,1751,0
CCCOC(=O)/C=C/c1ccccc1,1752,0
c1cc(c(cc1/C=C/C(=O)c2ccc(cc2O)O)O)O,1753,0
CC1=C(c2c(=O)cc(oc2C(C1=O)(C)C)c3ccccc3)O,1754,0
c1ccc2c(c1)C/C(=C/C=C(/C(=O)O)\O)/C2=O,1755,0
C[C@H]1C2=C(Cc3cccc(c3C2=O)O)C[C@@H](O1)CC(=O)[O-],1756,0
CC1=C(C(C[C@@H](C1)O)(C)C)/C=C/C(=C/C=C/C(=C/C=C/C=C(\C)/C=C/C=C(\C)/C=C/C2=C(C(=O)CCC2(C)C)C)/C)/C,1757,0
CC1(CCC[C@]2([C@H]1CCC3=C2COC3=O)C)C,1758,0
CC(=O)[C@H]1CC[C@@H]2[C@@]1(CC[C@H]3[C@H]2C[C@@H]4C5=CC(=O)CC[C@]35CO4)C,1759,0
c1cc(ccc1[N+](=O)[O-])OC[C@H]2CO2,1760,0
C1=CC(=C([C@H]([C@H]1O)O)C(=O)O)C(=O)O,1761,0
c1(nc(nc(n1)Cl)N)N,1762,0
CCCCCCCCCCCCC/C=C/C(=O)SC,1763,0
C[C@]12CC[C@H]3[C@@H]([C@@H]1CC[C@@H]2C(=O)CO)CCC4=CC(=O)CC[C@@]34C,1764,0
CC(=O)/C=C/C=C/C=C/C=C/c1cccnc1,1765,0
CC(=O)OCC1=C2[C@H](C[C@@](C(=O)CC[C@@]3([C@@H]([C@H]2OC1=O)O3)C)(C)OC(=O)C)OC(=O)C,1766,0
CCCCCCCCCCCCC/C=C\C(=O)[O-],1767,0
C[C@]12CCC(=O)C=C1CC[C@@H]3[C@@]2(C(=O)C[C@]4([C@H]3CCC4=O)C)SC#N,1768,0
c1c2c(cc(c1Cl)S(=O)(=O)N)S(=O)(=O)NC(N2)C(Cl)Cl,1769,0
CC(=C)[C@@H]1[C@@H]2C[C@]3([C@@]4(CO4)[C@H]5[C@@H]([C@]3([C@H]1C(=O)O2)O)O5)C,1770,0
COCC1=C(N2[C@@H]([C@@H](C2=O)NC(=O)/C(=N\OC)/c3csc(n3)N)SC1)C(=O)O,1771,0
C1[C@@H](NC2=CC(=O)C(=O)C=C21)C(=O)O,1772,0
C1=C(O[C@@H]([C@H]([C@@H]1O)O)O[C@@H]2[C@@H]([C@@H]([C@@H](O[C@@H]2C(=O)[O-])O[C@@H]3[C@@H]([C@@H]([C@@H](O[C@@H]3C(=O)[O-])O)O)O)O)O)C(=O)[O-],1773,0
CC1([C@H](O1)COc2c3c(ccc(=O)o3)c(c4c2occ4)OC)C,1774,0
CC1=C(C(=O)c2ccccc2C1=O)C/C=C(\C)/CC/C=C(\C)/CC/C=C(\C)/CC/C=C(\C)/CC/C=C(\C)/CC/C=C(\C)/CCC=C(C)C,1775,0
c1cc(c(cc1C[C@H](C(=O)[O-])OC(=O)/C=C\c2ccc(c(c2)O)O)O)O,1776,0
C(=C/C(=C(\C(=O)[O-])/N)/C(=O)[O-])\C=O,1777,0
c1cc(ccc1N2C(=O)C3=C(C2=O)CCCC3)Br,1778,0
C(=C(/C=O)\C(=O)[O-])\C=C(/C(=O)[O-])\O,1779,0
CN1CC[C@@]23C=CC(=O)C[C@@H]2Oc4c3c(ccc4OC)C1,1780,0
C[C@]12CC[C@H]3[C@H]([C@@H]1CC[C@@H]2O)CCC4=CC(=O)CC[C@H]34,1781,0
CC(C)CCC[C@H](C)[C@@H]1CC[C@@H]2[C@@]1([C@@H](C[C@@H]3[C@@H]2[C@@H](CC4=CC(=O)CC[C@@]34C)O)O)C,1782,0
COc1cc(cc(c1O)OC)/C=C\C(=O)O[C@@H](C/C(=N\OS(=O)(=O)[O-])/S[C@@H]2[C@@H]([C@@H]([C@@H]([C@@H](O2)CO)O)O)O)C=C,1783,0
C/C(=C/C=C/C=C(\C)/C=C\C=O)/C=C\C=C(/C)\C=C=C1C(C[C@@H](C[C@@]1(C)O)O)(C)C,1784,0
Cc1cc(c([nH]c1=O)/C=C/C(=O)C(=O)[O-])[O-],1785,0
CC[C@@H](C)[C@@H]1C(=O)O[C@@H]2N1C3=C(c4c2cc(cc4O)C)C(=O)c5cccc(c5C3=O)O,1786,0
CCC(COC(=O)C=C)(COC(=O)C=C)COC(=O)C=C,1787,0
c1cc(ccc1C[C@@H](C(=O)[O-])OC(=O)/C=C/c2ccc(c(c2)O)O)O,1788,0
CCCCCCCCCCCC(CC1=CC(=O)C=C(C1=O)OC)OC(=O)C,1789,0
C(=C(\C(=O)[O-])/Cl)\C(=O)[C@@H](C(=O)[O-])Cl,1790,0
CC1=C(C(CCC1)(C)C)/C=C/C(=C/C=C/C(=C/C(=O)O)/C)/C,1791,0
CCCCCC(=O)/C=C/[C@@H]1[C@@H](CC(=O)[C@@H]1C/C=C/CCCC(=O)[O-])O,1792,0
CC(C)C(=O)O[C@H](CC=C(C)C)C1=CC(=O)c2c(ccc(c2C1=O)O)O,1793,0
CC(=CCC/C(=C/CC/C(=C/CC/C(=C/CC/C(=C/CC/C(=C/CC/C(=C/CC/C(=C/CC1=CC(=O)C=C(C1=O)OC)/C)/C)/C)/C)/C)/C)/C)C,1794,0
CCC/C(=C\C=C)/C(=O)O,1795,0
CC1=C(C(CCC1)(C)C)/C=C/C(=C/C=C\C(=C/C=C\C=C(/C)\C=C/C=C(\C)/C=C\C=C(/C)\C(=O)[O-])\C)/C,1796,0
C[C@]12CCC(=O)C=C1CC[C@@H]3[C@@H]2CC[C@]4([C@H]3C[C@@H](C4=O)F)C,1797,0
COc1cc(cc(c1O[C@@H]2[C@@H]([C@@H]([C@@H]([C@@H](O2)CO)O)O)O)OC)/C=C/C=O,1798,0
C(CC(=O)O)C(/C=C(/C(=O)O)\O)O,1799,0
C1=CC(=C[C@@]([C@@H]1O)(O)Cl)C(=O)[O-],1800,0
C[C@@]12CC[C@H]3[C@@H]([C@@H]1CC[C@@H]2O)CCC4=CC(=O)CC[C@@]34CO,1801,0
C/C=C(/C)\C(=O)O[C@@H]1CCN2[C@@H]1C(=CC2)COC(=O)[C@@]([C@H](C)O)(C(C)(C)O)O,1802,0
C[C@]12CCC(=O)C=C1CC[C@@H]3[C@@H]2CC[C@]4([C@H]3[C@H](C[C@@H]4O)O)C,1803,0
CC1=C(C(C[C@@H](C1)O)(C)C)/C=C\C(=O)C,1804,0
C/C(=C\C=C/C=C(/C)\C=C/C=O)/C=C\C=O,1805,0
CCNc1nc(nc(n1)Cl)NC(C)(C)C#N,1806,0
COC1=CC(=O)[C@@]2([C@@H]1O)[C@H](C[C@@]34[C@@]2(CCN3)CC(=O)C(=C4OC)OC)Cl,1807,0
CC1=N/C(=C/N[C@@H](C(=O)O)C(C)(C)S)/C(=O)O1,1808,0
C[C@@H]1[C@@H]2CCC(=C3[C@@H]([C@H]2OC1=O)C(=CC3=O)C)C,1809,0
c1ccc2c(c1)ccc(c2O)/C=C/C(=O)C(=O)O,1810,0
C[P@@](=O)([O-])O[C@H]1C=C([C@@H]([C@@H]([C@@H]1O)OC(=O)C(=C)O)F)C(=O)[O-],1811,0
C[C@]12CCC(=O)C=C1CC[C@@H]3[C@@H]2[C@H](C[C@]4([C@H]3CCC4=O)C)O,1812,0
C1=CC(=O)OC1C(C(=O)O)F,1813,0
CC(=CCC/C(=C/C=C/C(=C/C=C/C(=C/C=C/C=C(\C=C\C=C(/C)\C=C\C=C(/C)\CCCC(C)(C)O)/C=O)/C)/C)/C)C,1814,0
C/C(=C\C=C\C=C(/C)\C=C\C=C(/C)\C=C\[C@]12C(C[C@@H](C[C@]1(O2)C)O)(C)C)/C=C/C=C(\C)/C=C/[C@]34C(C[C@@H](C[C@]3(O4)C)O)(C)C,1815,0
CCCC[C@H]1[C@@H]2CCCC=C2C(=O)O1,1816,0
C[C@]12CCC(=O)C=C1CC[C@@H]3[C@@H]2[C@@H]4C[C@]5([C@H]3CC[C@@H]5C(=O)CO)C(O4)O,1817,0
CC(C)/C(=C/C(=O)[C@H](C)CCC[C@]1([C@@H](CC/C(=C\CO)/CO1)O)C)/C,1818,0
C/C=C/C(=O)[O-],1819,0
C/C=C/CC/C(=C/CC/C(=C\CC/C(=C\CC/C(=C\CC/C(=C\CC/C(=C\CC/C(=C\CC1=C(C(=O)C=C(C1=O)OC)C)/C)/C)/C)/C)/C)/C)/C,1820,0
C[C@@H]1c2c(c(c3cc(cc(c3c2O)O)O)c4c(cc(c5c4C(=O)C6=C(C5=O)[C@H](O[C@@H]([C@H]6O)C)C)O)O)[C@@H]([C@H](O1)C)O,1821,0
CC1=C(/C(=C/C(=O)O)/OC1=O)Cl,1822,0
C/C(=C/C(=O)[O-])/C=C/C(=O)[O-],1823,0
C[C@H]1[C@@H]2CN3CCc4c5ccccc5[nH]c4[C@@H]3C[C@@H]2C(=CO1)C(=O)OC,1824,0
CC(=CCC/C(=C/CC/C(=C/CC/C(=C/CC/C(=C/CC/C(=C/CC1=CC(=O)C=C(C1=O)OC)/C)/C)/C)/C)/C)C,1825,0
COc1cc(cc(c1O)OC)/C=C/C(=O)O[C@@H]2[C@@H]([C@@H]([C@@H](O[C@@H]2OC(=O)/C=C/c3cc(c(c(c3)OC)O)OC)CO)O)O,1826,0
C(C(F)(F)F)(OC(F)F)Cl,1827,0
C/C(=C\C=C/C=C(\C)/C=C\C=C(/C)\C(=O)[O-])/C=C\C=C(/C)\C(=O)[O-],1828,0
C[C@H]1[C@@H]([C@H](C[C@@H](O1)O[C@H]2CC[C@]3([C@@H](C2)CC[C@@H]4C3=C(C(=O)[C@]5([C@@]4(CC[C@@H]5C6=CC(=O)OC6)O)C)O)C)OC)O,1829,0
COc1cc(ccc1O)CC/[NH+]=C\C=C\2/C[C@@H](NC(=C2)C(=O)[O-])C(=O)[O-],1830,0
CC(=CCC(C1=CC(=O)c2c(ccc(c2C1=O)O)O)OC(=O)C)C,1831,0
C1=C(C=C([C@@]([C@H]1O)([O-])Cl)Cl)C(=O)[O-],1832,0
C[C@]12CC[C@@H](C[C@H]1CCC3C2CC[C@]4([C@]35[C@H](O5)C[C@@H]4c6ccc(=O)oc6)C)O,1833,0
c1cc(c(cc1/C=C/C(=O)OC[C@@H]2[C@H]([C@@H]([C@H]([C@@H](O2)Oc3cc4c(cc(cc4[o+]c3c5cc(c(c(c5)O)O)O)O)O)O)O)O)O)O,1834,0
C[C@]12CC[C@H]3[C@H]([C@@H]1CC[C@@H]2O)CCC4=CC(=O)CC[C@]34C,1835,0
C[C@@H]1C=C(C(=O)[C@]2([C@H]1C[C@@H]3[C@@]4([C@@H]2[C@@H]([C@H]([C@@]([C@@H]4CC(O3)O)(C)O)OC)O)C)C)OC,1836,0
C/C(=C\CC/C(=C/C=C/C(=C/C=C/C=C(\C)/C=C/C=C(\C)/C=C/C=C(\C)/C=C/C(=O)C(C)(C)OC)/C)/C)/CCCC(C)(C)O,1837,0
C[C@H]1[C@H]([C@@H]2[C@@H](O2)C3=CC(=O)[C@@]4(C[C@]13C)[C@@](O4)(C)C=O)OC(=O)C,1838,0
COC(=O)C=CC(=O)NC[C@@H](C(=O)[O-])NC(=O)[C@@H](CCSC)[NH3+],1839,0
CC(=CCC/C(=C/C=C/C(=C/C=C/C(=C/C=C/C=C(\C)/C=C/C=C(\C)/C=C/C=C(\C)/C(=O)CCC(C)(C)OC)/C)/C)/C)C,1840,0
CO/N=C(/c1nc(sn1)N)\C(=O)N[C@H]2[C@@H]3N(C2=O)C(=C(CS3)C[n+]4ccn5c4cccn5)C(=O)[O-],1841,0
C(=C(\C=C(/C(=O)[O-])\O)/C(=O)[O-])\C(=O)Cl,1842,0
CC(=CCC/C(=C\C=C\C(=C/C=C\C=C(/C)\C=C/C=C(\C)/C=C\C=C(/C)\C=O)\C)/C)C,1843,0
CO[C@@H]1C[C@@]23C(=CCN2CC[C@H]4C3=CC(=O)OC4)C=C1,1844,0
CC(=CCC/C(=C\CC/C(=C\C=O)/C)/C)C,1845,0
COc1cc(cc(c1O)OC)/C=C/C(=O)O,1846,0
c1cc(ccc1/C=C\C(=O)c2ccc(cc2O)O)O,1847,0
CCC(=O)/C=C\C=C(/C(=O)O)\O,1848,0
COc1cc(cc(c1O[C@@H]2[C@@H]([C@@H]([C@@H]([C@@H](O2)CO)O)O)O)OC)/C=C\C=O,1849,0
CC(=O)[C@@H]1CC[C@@H]2[C@@]1(CC[C@@H]3[C@@H]2CCC4=CC(=O)CC[C@@]34C)C,1850,0
CC(C)C1=CC=C([C@H]([C@H]1O)O)C(=O)O,1851,0
CCCCCCCCCCC1=C(C(=O)C(=C(C1=O)OC)OC)C,1852,0
CN(C)c1ccc(c2c1C[C@H]3C[C@H]4[C@@H](C(=C(C(=O)[C@]4(C(=C3C2=O)O)O)C(=O)N)O)N(C)C)O,1853,0
CC1CCC2CC3=C(C(=O)CC13C2(C)C)C,1854,0
c1ccc2c(c1)cc3c4c2ccc5c4c(ccc5)C6C3O6,1855,0
c1cc(ccc1[C@@H]2[C@H](O2)CO)[N+](=O)[O-],1856,0
CCC1=C(C(=O)NC1Cc2c(c(c([nH]2)Cc3c(c(c([nH]3)CC4C(=C(C(=O)N4)CC)C)C)CCC(=O)O)CCC(=O)O)C)C,1857,0
C1C=CN(C=C1C(=O)N)[C@H]2[C@@H]([C@@H]([C@@H](O2)CO)O)O,1858,0
C[C@@H]([C@H]1CC[C@@]2([C@@]1(CC[C@H]3C2=CC(=O)[C@H]4[C@@]3(C[C@@H]([C@H](C4)O)O)C)C)O)[C@@H](CCC(C)(C)O)O,1859,0
C[C@H]1CC[C@H]2[C@@H]1[C@@H](OC=C2C(=O)OC)O[C@H]3[C@@H]([C@H]([C@@H]([C@H](O3)CO)O)O)O,1860,0
CCC(=O)O[C@@H]1C[C@H]2[C@@H]3CCC4=CC(=O)CC[C@@]4([C@H]3CC[C@@]2([C@H]1OC(=O)CC)C)C,1861,0
C=C(C(=O)O)OP(=O)(O)O,1862,0
C(C(=O)O)I,1863,0
C/C(=C\C=C(\C(=O)[O-])/O)/C=O,1864,0
C(/C=C/C(=O)[O-])C(=O)C(=O)[O-],1865,0
CCCCC[C@@H](C/C=C/1\[C@H](C=CC1=O)C/C=C\CCCC(=O)O)O,1866,0
CC(=O)N/C=C(/CC(=O)[O-])\C(=O)[O-],1867,0
c1cc2c(cc1O)O[C@@H](C2=O)[C@@H]3C4(O3)C=CC(=O)C=C4,1868,0
C[C@@H]1C[C@@]2([C@H]3CC[C@]4([C@H]([C@@H]3CCC2=CC1=O)CC[C@@H]4C(=O)C)C)C,1869,0
CC1=C(C(C[C@@H](C1)O)(C)C)/C=C/C(=C\C=C/C(=C\C=C/C=C(\C)/C=C\C=C(/C)\C=C/[C@@]23C(C[C@@H](C[C@@]2(O3)C)O)(C)C)/C)/C,1870,0
CC(C)C1=CC2=C[C@@H]([C@H]3C(CCC[C@@]3(C2=C(C1=O)O)C)(C)C)O,1871,0
COc1cc(c2c(c1)OC(=C)C(=O)N2)C(=O)O,1872,0
CC1=C(C(CCC1=O)(C)C)/C=C/C(=C\C=C/C(=C\C=C/C=C(\C)/C=C\C=C(/C)\C=C/C2=C(C(=O)CCC2(C)C)C)/C)/C,1873,0
C[C@]12CC[C@H]3[C@H]([C@@H]1CC[C@@H]2O)[C@@H](CC4=CC(=O)C=C[C@]34C)O,1874,0
CCCCC/C=C/C=C/1\C(C=CC1=O)C/C=C\CCCC(=O)O,1875,0
CC1=C(C(=O)C(CC1)C(C)C)O,1876,0
CC(=O)N[C@@H]1[C@@H]([C@@H]([C@@H](O[C@@H]1O)CO)O)O[C@@H]2[C@@H]([C@@H](C=C(O2)C(=O)[O-])O)O,1877,0
CCC(=O)O[C@H]1CC[C@@H]2[C@@]1(CC[C@H]3[C@H]2CCC4=CC(=O)[C@@H](C[C@]34C)OC(=O)CC)C,1878,0
c1cc(c(cc1CC/N=C\C=C\2/CC(NC(=C2)C(=O)O)C(=O)O)O)O,1879,0
C/C=C(/C)\C(=O)O[C@@H]1CCN2[C@@H]1C(=CC2)COC(=O)[C@@]3([C@@H](C(=O)O[C@@H]3C)C)O,1880,0
C[C@@]12CCC(=O)C=C1CC[C@@H]3[C@@H]2[C@@H](C[C@@]4([C@@H]3CC[C@@]4(C(=O)CO)O)C)O,1881,0
C[C@@H]1C[C@@]2([C@@H]3[C@@H](CCC2=CC1=O)[C@@H]4CC[C@@]([C@]4(C[C@@H]3O)C)(C(=O)COC(=O)C)O)C,1882,0
CC1=CC(=O)O[C@@H]1[C@@H](C(=O)[O-])Cl,1883,0
c1ccc(c(c1)/C=C/C(=O)O)O,1884,0
CCC(=O)O[C@H]1CC[C@@H]2[C@@]1(CC[C@H]3[C@H]2CCC4=CC(=O)CC[C@]34C)C,1885,0
C[C@@H]1[C@@H](C[C@@H]2[C@@H]1[C@@H](OC=C2C(=O)OC)O[C@@H]3[C@@H]([C@@H]([C@@H]([C@@H](O3)CO)O)O)O)O,1886,0
C(CCl)NCCCl,1887,0
CCC(=O)O[C@H]1CC[C@@H]2[C@@]1(CC[C@H]3[C@H]2CC[C@@H]4[C@@]3(C=CC(=O)C4)C)C,1888,0
C[C@]12CCC(=O)C=C1CC[C@@H]3[C@@]2(C(=O)C[C@]4([C@H]3C[C@H](C4=O)O)C)F,1889,0
CC(=O)OC(C)(C)/C=C/C(=O)[C@@](C)(C1[C@@H](C[C@@]2([C@@]1(CC(=O)[C@@]3(C2CC=C4[C@H]3C[C@@H](C(=O)C4(C)C)O)C)C)C)O)O,1890,0
C=C(CCC(=O)[O-])C(=O)[O-],1891,0
C1[C@H](NC2=CC(=O)C(=O)C=C21)C(=O)O,1892,0
C\1=CC(=O)O/C1=C\C(=O)O,1893,0
C[C@@H]1C[C@]2(C(=CC1=O)CC[C@@H]3[C@@]2([C@H](C[C@]4([C@H]3CC[C@@H]4C(=O)C)C)O)F)C,1894,0
c1cc[n+](cc1)CC2=C(N3[C@@H]([C@@H](C3=O)NC(=O)Cc4cccs4)SC2)C(=O)[O-],1895,0
CC(=O)C(=Cc1cc(c(c(c1)O)O)[N+](=O)[O-])C(=O)C,1896,0
CC1=C(C(=O)C(=C(C1=O)C)CCCCC#CCCCC#CCO)C,1897,0
CC(=CCC/C(=C/C(=O)O)/C)C,1898,0
CC[C@@]1(CC[C@@H]2[C@@]1(CC[C@H]3[C@H]2CC[C@@H]4[C@@]3(C=CC(=O)C4)C)C)O,1899,0
CCCCCCCCC/C=C/C(=O)SC,1900,0
C/C=C\C(=O)[O-],1901,0
c1cc(ccc1/C=C/C(=O)O[C@@H]2C[C@@](C[C@H]([C@H]2O)O)(C(=O)O)O)O,1902,0
C/C=C(/C)\C(=O)O[C@@H]1CCN2[C@@H]1C(=CC2)COC(=O)/C(=C\C)/CO,1903,0
C/C/1=C\[C@H]([C@H]2[C@H](C/C(=C/CC1)/C)OC(=O)C2=C)OC(=O)C,1904,0
CCO[C@@]12/C=C(\C[C@@H]([C@@H]3[C@@H]([C@@H](O1)C(=C2)C)OC(=O)C3=C)OC(=O)C(=C)C)/C,1905,0
c1c2c(cc(c1O)O[C@H]3[C@@H]([C@H]([C@@H]([C@H](O3)CO)O)O)O)/[N+](=C/C=C/4\C[C@H](NC(=C4)C(=O)O)C(=O)O)/[C@@H](C2)C(=O)[O-],1906,0
c1cc(ccc1/C=C\C(=O)O[C@@H]2CC(=C[C@@H]([C@@H]2O)O)C(=O)[O-])O,1907,0
C/C(=C/C=O)/C=C/[C@@]12C(CC(=O)C[C@@]1(O2)C)(C)C,1908,0
COc1cc(ccc1O)/C=C\C(=O)OC2[C@H](CC(C[C@@H]2O)(C(=O)[O-])O)O,1909,0
C(=C(\C(=O)[O-])/Cl)\C=C(\C(=O)[O-])/Cl,1910,0
CCOC(C(F)Cl)(F)F,1911,0
C[C@H](CC(=O)C=C(C)C)[C@@H]1CCC(=CC1)C(=O)OC,1912,0
CC1=CC[C@@H]2[C@@H]([C@@H]3[C@H]1CCC3=C)OC(=O)C2=C,1913,0
CC1=C(C(C[C@@H](C1)O)(C)C)/C=C\C(=C/C=C\C(=C/C=C\C=C(/C)\C=C/C=C(\C)/C=C\C(=O)[C@@]2(C[C@@H](CC2(C)C)O)C)\C)\C,1914,0
CC1=C(C(C[C@@H](C1)O[C@H]2[C@@H]([C@H]([C@@H]([C@H](O2)CO)O)O)O)(C)C)C=O,1915,0
COc1cc(cc(c1O)OC)/C=C\C(=O)O[C@@H]2[C@@H]([C@@H]([C@@H](O[C@@H]2OC(=O)/C=C\c3cc(c(c(c3)OC)O)OC)CO)O)O,1916,0
CC[C@H]1[C@H](O1)C/C=C\C/C=C\C/C=C\C/C=C\CCCC(=O)O,1917,0
C/C=C(\C)/C(=O)c1c2c(c(cc(=O)o2)c3ccccc3)c4c(c1OC)C=CC(O4)(C)C,1918,0
C[C@@H]1C[C@H]([C@]2([C@@H](O1)O[C@@H]3C[C@@H]4C[C@H]5[C@]6(O5)[C@@H]([C@]4(C[C@H]3O2)C)[C@@H](C(=O)[C@]7([C@@]6(CC[C@@H]7C8=CC(=O)OC8)O)C)O)O)O,1919,0
C=C1C[C@@H]([C@@H]2[C@@H]([C@@H]3[C@H]1C[C@@H](C3=C)O)OC(=O)C2=C)OC(=O)C(=C)CO,1920,0
C(COP(=O)(N)N(CCCl)CCCl)C(=O)O,1921,0
C[C@]12CCC(=O)C=C1CC[C@@H]3[C@@H]2CC[C@]4([C@H]3C[C@H](C4=O)O)C,1922,0
C[C@@H]([C@H]1CC[C@@]2([C@@]1(CC[C@H]3C2=CC(=O)[C@H]4[C@@]3(CCC(=O)C4)C)C)O)[C@@H](CCC(C)(C)O)O,1923,0
C1=C[C@H]([C@@H](C(=C1)C(=O)CCC(=O)O)C(=O)O)O,1924,0
C1CCC(CC1)/C=C/C=C/C=C/C(=O)NC2=C[C@]([C@H]3[C@@H](C2=O)O3)(/C=C/C=C/C=C/C(=O)NC4=C(CCC4=O)O)O,1925,0
C(CCCCC(=O)O)CCC/C=C/C=O,1926,0
CC(C)OC(=O)OC(C)OC(=O)C1=C(CS[C@H]2N1C(=O)[C@H]2NC(=O)/C(=N\OC)/c3csc(n3)N)COC,1927,0
C([C@H]1[C@@H]([C@@H]([C@@H](O1)OP(=O)([O-])[O-])O)O)Cl,1928,0
C1=C([C@@H]([C@H]([C@@H](C1=O)O)O)O)COP(=O)([O-])[O-],1929,0
CC1=C(C(CCC1)(C)C)/C=C\C(=C\C=C/C(=C\C(=O)[O-])/C)\C,1930,0
Cc1ccc(c2c1C(=O)C(=C(C2=O)C)O)O,1931,0
CC(=O)[C@H]1CC[C@@H]2[C@@]1([C@@H]3[C@@H](O3)[C@H]4[C@H]2CC[C@H]5[C@@]4(CCC(=O)C5)C)C,1932,0
C[C@@H]1C[C@H]2[C@@H]3CCC4=CC(=O)C=C[C@@]4([C@]3([C@H](C[C@@]2([C@]1(C(=O)CO)O)C)O)F)C,1933,0
C/C(=C/C=O)/CC/C=C(/C)\CO,1934,0
C/C=C\1/CC(=C)[C@@](C(=O)OCC2=CCN3[C@H]2[C@@H](CC3)OC1=O)(CO)O,1935,0
CC(=O)O[C@H]1CC[C@@]2([C@@]1([C@H]3[C@@H](CC[C@@H]2CO)C(=C)C(=O)O3)C)O,1936,0
CC(C)Nc1nc(nc(n1)Cl)NC(C)C,1937,0
c1cc(c(cc1CO)O)/C=C\C(=O)C(=O)O,1938,0
CC1=C(C(OC1=O)C(C(=O)O)Cl)Cl,1939,0
CC1=C2[C@@H]([C@@H]3[C@@H](CC1)C(=C)C(=O)O3)C(=CC2=O)CO,1940,0
C1=C[C@]([C@@H](C=C1C(=O)[O-])O)(C(=O)[O-])O,1941,0
CC1(CCC[C@]2([C@H]1CC(=O)C3=C2C(=O)[C@@H]4[C@](C3)(O4)C(C)(C)O)C)C,1942,0
COc1cc(ccc1O)/C=C/C(=C/C(=O)/C=C/c2ccc(c(c2)OC)O[C@H]3[C@@H]([C@H]([C@@H]([C@H](O3)CO)O)O)O)/O,1943,0
CSC(=O)C1=CCCN1,1944,0
c1c(cc(c(c1O)O)O)/C=C\2/C(=O)c3c(cc(cc3O2)O[C@H]4[C@@H]([C@H]([C@@H]([C@H](O4)CO)O)O)O)O,1945,0
Cc1cc2c(c(c1c3c(cc(c4c3C(=O)C=CC4=O)O)C)O)C(=O)C=CC2=O,1946,0
c1cc(c(cc1/C=C/C(=O)OC[C@@H]2[C@H]([C@@H]([C@H]([C@@H](O2)Oc3cc4c(cc(cc4[o+]c3c5ccc(c(c5)O)O)O)O)O)O)O)O)O,1947,0
CC(=O)C1=C(Cc2cccc(c2C1=O)O)C[C@@H](CC(=O)[O-])O,1948,0
C[C@@H]1[C@H]2CN3CCc4c5ccccc5[nH]c4[C@@H]3C[C@@H]2C(=CO1)C(=O)OC,1949,0
CN1[C@H]([C@](C(=CC1=O)OC)(C#N)O[C@H]2[C@@H]([C@H]([C@@H]([C@H](O2)CO)O)O)O)O,1950,0
C(/C=C/C=C(/C(=O)[O-])\O)C(=O)[O-],1951,0
C[C@H]1[C@@H]2C=CC(=O)[C@]2([C@H]([C@H]3[C@@H](C1=O)OC(=O)C3=C)OC(=O)C=C(C)C)C,1952,0
CC[C@H](CC[C@H](C)[C@@H]1CC[C@@H]2[C@@]1(CC[C@@H]3[C@@H]2CCC4=CC(=O)CC[C@@]34C)C)C(C)C,1953,0
CC(=CCC/C(=C/CC/C(=C/CC/C(=C\CC/C(=C\CC/C(=C\CC/C(=C\CC/C(=C\CC1=CC(=O)C=C(C1=O)OC)/C)/C)/C)/C)/C)/C)/C)C,1954,0
c1c2c(cc(c1O)O)/[N+](=C\C=C\3/C[C@@H](NC(=C3)C(=O)[O-])C(=O)[O-])/[C@@H](C2)C(=O)[O-],1955,0
C[C@]12CC[C@@H]3[C@@H]([C@@H]1CC[C@@H]2[C@@H](C=O)O)CCC4=CC(=O)CC[C@@]34C,1956,0
c1nc(c2c(n1)n(cn2)[C@@H]3[C@H]([C@@H]([C@@H](O3)CCl)O)O)N,1957,0
c1c(c(cc(c1O)O)O)/C=C\C(=O)[O-],1958,0
Cn1c(nnn1)SCC2=C(N3[C@@H]([C@@](C3=O)(NC(=O)C(c4ccc(cc4)O)C(=O)O)OC)OC2)C(=O)O,1959,0
c1ccc(cc1)C(=O)C/C=C\C(=O)C(=O)[O-],1960,0
C1=C[C@H]([C@@H](C(=C1)C(=O)CCC(=O)[O-])C(=O)[O-])O,1961,0
CC(=CCC1[C@@](O1)(C)[C@]2([C@@H](C(=O)CC[C@]23CO3)OC)O)C,1962,0
c1cc(ccc1/C=C\C(=O)O[C@@H](Cc2ccc(c(c2)O)O)C(=O)[O-])O,1963,0
c1cc(ccc1/C=C/C(=O)c2ccc(cc2O)O)O[C@H]3[C@@H]([C@H]([C@@H]([C@H](O3)CO)O)O)O,1964,0
c1ccc(c(c1)/C=C/C(=O)C(=O)[O-])C(=O)[O-],1965,0
C=C(C(=O)[O-])O[C@H]1C=C(C=C[C@H]1O)C(=O)[O-],1966,0
c1ccc(c(c1)CBr)I,1967,0
C[C@]12CC[C@H]3[C@H]([C@@H]1CCC2=O)[C@@H](CC4=CC(=O)CC[C@]34C)O,1968,0
C/C=C\C/C=C\CCC(=O)[C@@H]1[C@@H](O1)C(=O)N,1969,0
CC1=Cc2c(cc(c(c2C(=O)C1=O)C=O)O)C(C)C,1970,0
C/C=C\C=C\C(=O)N[C@@H](CC(=O)N[C@@H](C(C)C)/C(=C\1/[C@@H](C(=O)NC1=O)C)/[O-])c2ccccc2,1971,0
C[C@H]1C[C@@H]2[C@H](CC[C@]3([C@H]2CC[C@@]3(C(=O)C)OC(=O)C)C)[C@@]4(C1=CC(=O)CC4)C,1972,0
c1cc(c(cc1/C=C/C(=O)O[C@@H]2CC(=C[C@@H]([C@@H]2O)O)C(=O)[O-])O)O,1973,0
CC/C=C\C[C@H]1C=CC(=O)[C@H]1CCCCCCCC(=O)O,1974,0
C(=C(\C=C(/C(=O)[O-])\O)/C(=O)[O-])\C=O,1975,0
COC(=O)C1=C2[C@]3(CCN4[C@H]3[C@@]5(C1)CC(=O)O[C@H]5CC4)c6ccccc6N2,1976,0
COc1cc(ccc1O)/C=C/C(=O)OC2[C@@H](CC(C[C@@H]2O)(C(=O)[O-])O)O,1977,0
C/C(=C\C(=O)O)/C(=O)O,1978,0
CC12CCC(=O)C=C1CCC3C2C(CC4(C3CC[C@@]4(C(=O)COS(=O)(=O)O)O)C)O,1979,0
COc1cc(ccc1O)/C=C\C(=O)NCCCCN(CCCNC(=O)/C=C\c2ccc(c(c2)OC)O)C(=O)/C=C\c3ccc(c(c3)OC)O,1980,0
c1c2c(cc(c1O[C@@H]3[C@@H]([C@@H]([C@@H]([C@@H](O3)CO)O)O)O)O)/[N+](=C/C=C\4/C[C@@H](NC(=C4)C(=O)[O-])C(=O)[O-])/[C@@H](C2)C(=O)[O-],1981,0
c1cc(cc(c1)O)/C=C/C(=O)[O-],1982,0
C[C@@H]([C@H]1[C@H]2CC(=C(N2C1=O)C(=O)O)SCCNC(=O)C)OS(=O)(=O)O,1983,0
C[C@]1(c2cccc(c2C(=O)C3=C([C@]4([C@@H](C[C@@H]31)[C@@H](C(=C(C4=O)C(=O)NCN5CCCC5)O)N(C)C)O)O)O)O,1984,0
c1cc(ccc1/C=C/C(=O)O[C@@H](Cc2ccc(c(c2)O)O)C(=O)[O-])O,1985,0
C/C=C(/C)\C(=O)O[C@H]1CCN2[C@@H]1C(=CC2)CO,1986,0
CC1=C(C(=O)c2ccccc2C1=O)C/C=C(\C)/CCC[C@H](C)CCC[C@@H](C)CCCC(C)C,1987,0
c1ccc(cc1)[C@@H]2[C@H](O2)c3ccccc3,1988,0
CCCCC/C=C\C/C=C\C=C/C=C\[C@@H]1[C@@H](O1)CCCC(=O)[O-],1989,0
CC(=O)O[C@H]1C[C@@H]([C@]2([C@@H]3CC[C@@H]4[C@H]([C@@]3([C@@H](C[C@@H]2C1(C)C)O)C(=O)C4=C)O)C)O,1990,0
C1=C([C@H]([C@H]([C@@H](C1=O)O)O)O)CO,1991,0
COc1cc(cc(c1O)OC)/C=C\C(=O)[O-],1992,0
C[C@]12CC(=O)[C@]3([C@H]([C@@H]1CCC(=O)O2)CCC4=CC(=O)C=C[C@@]43C)F,1993,0
C1=CC(=O)O[C@H]1[C@H](C(=O)[O-])Cl,1994,0
CC[C@@H](C)[C@H]1C(=O)O[C@@H]2N1C3=C(c4c2cc(cc4O)C)C(=O)c5cccc(c5C3=O)O,1995,0
C/C(=C\C=C/C=C(\C)/C=C\C=C(/C)\C=C/C=O)/C=C\C=C(/C)\C=C/C=O,1996,0
c1c(c(cc(c1Cl)Cl)Cl)OCC(=O)[O-],1997,0
CCC(=O)O[C@H]1[C@@H](C[C@@H]2[C@@]1(CC[C@H]3[C@H]2CCC4=CC(=O)CC[C@]34C)C)F,1998,0
CO/N=C(\c1ccco1)/C(=O)N[C@@H]2[C@@H]3N(C2=O)C(=C(CS3)COC(=O)N)C(=O)[O-],1999,0
C1=CC(=O)OC1CC(=O)O,2000,0
CN1C(Nc2cc(c(cc2S1(=O)=O)S(=O)(=O)N)Cl)CSCC(F)(F)F,2001,0
c1cc(ccc1/C=C/C(=O)OC[C@H]2[C@@H]([C@@H]([C@@H]([C@@H](O2)Oc3cc4c(cc(cc4[o+]c3c5ccc(c(c5)O)O)O)O)O)O)O)O,2002,0
C[C@@H]1C=C(C(=O)[C@]2([C@H]1C[C@@H]3[C@@]4([C@@H]2[C@@H]([C@H]([C@@H]([C@@]4(CC(=O)O3)O)C)O)O)C)C)OC,2003,0
CCc1cccc(c1N(COCC)C(=O)CCl)C,2004,0
C[C@]12CCC(=O)C=C1CC[C@@H]3[C@@H]2CC[C@]4([C@H]3C[C@H]([C@H]4O)F)C,2005,0
c1ccc(cc1)C2=C(C(=O)c3c2cccc3)c4ccccc4,2006,0
c1ccc(cc1)/C=C/C=O,2007,0
c1cc2c(c(c1)O)C(=O)C=CC2=O,2008,0
C([C@@H](C(=O)[O-])[NH3+])/C(=C/C=O)/C=C(/C(=O)[O-])\O,2009,0
CCC1=C(C(=O)NC1Cc2c(c(c([nH]2)/C=C/3\C(=C(C(=N3)CC4C(=C(C(=O)N4)CC)C)C)CCC(=O)O)CCC(=O)O)C)C,2010,0
c1ccc(cc1)/C=C/C(=O)O,2011,0
C/C(=C\C=C/C=C(\C)/C=C\C=O)/C=C\C=C(/C)\C=C=C1C(C[C@@H](C[C@@]1(C)O)O)(C)C,2012,0
CCCCC[C@@H](/C=C/[C@@H]1[C@H](C=CC1=O)C/C=C\CCCC(=O)O)O,2013,0
C1=CC2C(O2)C=C1,2014,0
C/C(=C/C(=O)[O-])/C(=O)[O-],2015,0
C/C(=C(\C)/C(=O)[O-])/C(=O)[O-],2016,0
CC1C2N(C1=O)C(=C(S2)C)C(=O)O,2017,0
C/C=C\1/[C@H](C(=O)N/C1=C\c2c(c(c([nH]2)/C=C\3/C(=C(C(=N3)C[C@@H]4C(=C(C(=O)N4)C=C)C)C)CCC(=O)O)CCC(=O)O)C)C,2018,0
CC1=C(C(CCC1)(C)C)/C=C/C(=C\C=C/C(=C\C=C/C=C(\C)/C=C\C=C(/C)\C=C/C=C(\C)/C=O)/C)/C,2019,0
CC(=CCC/C(=C/C=C/C(=C\C=C/C=C(\C)/C=C\C=C(/C)\C=C/C=C(\C)/C=O)/C)/C)C,2020,0
CN(C)CCCn1cc(c2c1cccc2)C3=C(C(=O)NC3=O)c4c[nH]c5c4cccc5,2021,0
CC1=CC(=O)[C@H](CC1)C(=C)C,2022,0
C([C@@H](CCl)O)C(=O)C(=O)[O-],2023,0
C1=C(O[C@H]([C@H]([C@@H]1O)O)O[C@@H]2[C@@H]([C@@H]([C@@H](O[C@@H]2C(=O)[O-])O)O)O)C(=O)[O-],2024,0
CC(=O)OCC1=C(N2[C@H]([C@@H](C2=O)NC(=O)CCCC(=O)[O-])SC1)C(=O)[O-],2025,0
CC[C@H]1C[C@H](C(=O)/C=C/C=C/C[C@H](OC(=O)C[C@H]([C@@H]([C@H]1O)OC)O)C)C,2026,0
C[C@@H]1[C@H]([C@@H](C[C@@H](O1)c2ccc3c(c2O)C(=O)C4=C(C3=O)[C@]5(C(=O)C[C@](C[C@]5(C[C@H]4O)O)(C)O)O)O)O,2027,0
C/C=C\1/C[C@H]([C@@](C(=O)OCC2=CC[N+]3([C@H]2[C@@H](CC3)OC1=O)[O-])(C)O)C,2028,0
C/C(=C/C=C\C(=C/C=C\C(=C/C=C\C=C(/C)\C=C/C=C(\C)/C=C\C=C(/C)\C=C/C(=O)C(C)(C)OC)\C)\C)/C=C\CC(C)(C)OC,2029,0
C1=CC(=O)O[C@H]1CC(=O)[O-],2030,0
CC1=C(C(C(=C(N1)C)C(=O)OCCN(C)Cc2ccccc2)c3cccc(c3)[N+](=O)[O-])C(=O)OC,2031,0
CC1(C2CC=C(C1C2)C=O)C,2032,0
CC(=O)[C@H]1C[C@@H]([C@@H]2[C@@]1(C[C@H]([C@H]3[C@H]2CCC4=CC(=O)CC[C@]34C)O)C)O,2033,0
C/C/1=C/[C@@H]2[C@@H]([C@@H](C[C@@]3([C@H](O3)C[C@@H]1OC(=O)C(=C)C)C)OC(=O)C(=C)C)C(=C)C(=O)O2,2034,0
C[C@@]1(CC[C@]2([C@@H]1[C@@H](OC=C2C(=O)OC)O[C@H]3[C@@H]([C@H]([C@@H]([C@H](O3)CO)O)O)O)O)O,2035,0
C([C@@H]([C@@H]1C(=C(C(=O)O1)O)O)O)O,2036,0
C[C@H]1[C@H](C[C@@H]2[C@@H]1[C@@H](OC=C2C(=O)[O-])O[C@@H]3[C@@H]([C@@H]([C@@H]([C@@H](O3)CO)O)O)O)O,2037,0
CC1=C(C(=O)C(=C(C1=O)O)OC)C/C=C(\C)/CCC=C(C)C,2038,0
C[C@H]1C[C@H]2[C@@H]3CC[C@@]([C@]3(C[C@@H]([C@@H]2[C@@]4(C1=CC(=O)CC4)C)O)C)(C(=O)COC(=O)C)O,2039,0
C/C(=C/C(=O)C(=O)[O-])/C(=O)[O-],2040,0
C[C@@H]1[C@@H]2[C@H](CC1=O)C(=CO[C@H]2O[C@H]3[C@@H]([C@H]([C@@H]([C@H](O3)COC(=O)C)OC(=O)C)OC(=O)C)OC(=O)C)C(=O)OC,2041,0
CCCCC[C@@H](/C=C/[C@H]1C=CC(=O)[C@@H]1C/C=C\CCCC(=O)O)O,2042,0
CCC/C=C(\C(=O)[O-])/OP(=O)([O-])[O-],2043,0
CC(=CC(=O)O[C@@H]1c2c(ccc3c2oc(=O)cc3)OC([C@@H]1OC(=O)C)(C)C)C,2044,0
CC1=C[C@]2([C@@H](CC[C@@H]3[C@@H]2CC[C@]4([C@H]3CC[C@@H]4O)C)CC1=O)C,2045,0
CC(=O)O[C@@H]1[C@@H]([C@]2(CCC3C([C@@]24[C@@H]1O4)CC[C@]5([C@@]3(CC[C@@H](C5)O)C)O)C)c6ccc(=O)oc6,2046,0
CC(=O)OC(C)(C)/C=C/C(=O)[C@@](C)([C@H]1[C@@H](C[C@@]2([C@@]1(CC(=O)[C@@]3([C@H]2CC=C4[C@H]3CC[C@@H](C4(C)C)O)CO)C)C)O)O,2047,0
CSC(=O)OCC1=C[C@H]2[C@H]3[C@@H]1[C@@H](OC=C3C(=O)O2)O[C@@H]4[C@@H]([C@@H]([C@@H]([C@@H](O4)CO)O)O)O,2048,0
CC1=C(C(=O)C(=C(C1=O)OC)OC)C/C=C(\C)/CC/C=C(\C)/CC/C=C(\C)/CC/C=C(\C)/CC/C=C(\C)/CC/C=C(\C)/CCC=C(C)C,2049,0
c1cc(c(cc1/C=C/C(=O)NCCCCN(CCCNC(=O)/C=C\c2ccc(c(c2)O)O)C(=O)/C=C\c3ccc(c(c3)O)O)O)O,2050,0
CC(=O)OC[C@@H]([C@@H](c1ccc(cc1)[N+](=O)[O-])O)NC(=O)C(Cl)Cl,2051,0
CC(C)[C@@H]1[C@H]2CC(=C(N2C1=O)C(=O)O)SCCNC(=O)C,2052,0
CC(C1C2CC(=C(N2C1=O)C(=O)O)c3ccc(cc3)c4ccccc4)O,2053,0
c1cc(c(cc1/C=C/C(=O)[O-])O)O,2054,0
CC(C)CC(=O)C1=C(C(C(=O)C(=C1O)CC=C(C)C)(CC=C(C)C)CC=C(C)C)O,2055,0
CCc1cccc(c1N(COC)C(=O)CCl)CC,2056,0
c1ccc2c(c1)Oc3c(c(c(c(c3Cl)Cl)Cl)Cl)O2,2057,0
CC1([C@@H]2CC(=O)[C@@]3([C@@H]([C@]24COC(=O)C[C@@H]4O1)CC[C@@]([C@]35[C@H](O5)C(=O)O)(C)[C@H](c6ccoc6)O)C)C,2058,0
CC(=O)[C@H]1CC[C@@H]2[C@@]1(CC[C@H]3[C@H]2C[C@@H](C4=CC(=O)CC[C@]34C)F)C,2059,0
C[C@@](CCl)(C(=O)O[C@H]1CC(=C)[C@@H]2C[C@@H]([C@]3([C@@H]2[C@@H]4[C@@H]1C(=C)C(=O)O4)CO3)O)O,2060,0
CC(=CC(=O)OC(C)(C)[C@@H]1[C@@H](c2c(ccc3c2oc(=O)cc3)O1)OC(=O)C)C,2061,0
C[C@]12C[C@@H]([C@H]3[C@H]([C@@H]1CC[C@@]2(C(=O)CO)O)C[C@@H](C4=CC(=O)C=C[C@]34C)F)O,2062,0
c12c(c(c(c(c1Cl)Cl)Cl)Cl)nc([nH]2)C(F)(F)F,2063,0
Cn1c(nc(=O)c(n1)[O-])SCC2=C(N3[C@@H]([C@@H](C3=O)NC(=O)/C(=N/OC)/c4csc(n4)N)SC2)C(=O)[O-],2064,0
CC(OC(=O)C)OC(=O)C1=C(CS[C@H]2N1C(=O)[C@H]2NC(=O)/C(=N\OC)/c3ccco3)COC(=O)N,2065,0
COc1cc(cc(c1O)OC)/C=C/C(=O)OCCC/C(=N\OS(=O)(=O)[O-])/S[C@@H]2[C@@H]([C@@H]([C@@H]([C@@H](O2)O)O)O)CO,2066,0
CC12CCCC1C3CCC4=CC(=O)CCC4(C3CC2)C,2067,0
C(=C(\C=O)/Cl)\C=C(/C(=O)O)\O,2068,0
C(/C(=C\C(=O)C(=O)[O-])/COP(=O)([O-])[O-])O,2069,0
CC1=C[C@@H](OC1=O)O/C=C/2\[C@H]3C=C4CCCC(C4([C@H]3OC2=O)O)(C)C,2070,0
CC(C)CC(=O)C1=C(C(=C([C@@](C1=O)(CC=C(C)C)O)O)CC=C(C)C)O,2071,0
CC(=CC(=O)O[C@H]1CC2=C[C@@H](C[C@@]3([C@H](O3)[C@@H]4[C@@H]1C(=C)C(=O)O4)C)OC2=O)C,2072,0
C1=C(C(=C[C@H]([C@@H]1O)O)C(=O)[O-])C(=O)[O-],2073,0
COc1ccc(cc1OC)/C=C/C(=O)N2CCCCC2=O,2074,0
C[P@@](=O)([O-])O[C@@H]1C=C([C@@H]([C@@H]([C@@H]1O)OC(=O)C(=C)O)F)C(=O)[O-],2075,0
c1ccc(c(c1)/C=C\C(=O)[O-])O[C@H]2[C@@H]([C@@H]([C@@H]([C@@H](O2)CO)O)O)O,2076,0
c1cc(ccc1N=C2C=C(C(=O)C(=C2)Cl)Cl)[O-],2077,0
C/C(=C\C=C\C=C(/C)\C=C/C=C(\C)/C(=O)[O-])/C=C\C=C(/C)\C(=O)[O-],2078,0
C[C@]12CC[C@H]3[C@H]([C@@H]1CC[C@@H]2O)CC[C@@H]4[C@@]3(CC(=CC4)C=O)C,2079,0
c1ccc(c(c1)O)OC(=O)/C=C\C=C(/C(=O)O)\O,2080,0
CC1=C(C(CCC1)(C)C)/C=C/C(=C\C=C\C(=C\C(=O)O)\C)/C,2081,0
C[C@H]1[C@@H](C[C@@H]2[C@@H]1[C@@H](OC=C2C(=O)[O-])O[C@@H]3[C@@H]([C@@H]([C@@H]([C@@H](O3)CO)O)O)O)O,2082,0
CC1=C(C(=O)C(=C(C1=O)O)OC)C/C=C(\C)/CC/C=C(\C)/CC/C=C(\C)/CC/C=C(\C)/CC/C=C(\C)/CCC=C(C)C,2083,0
C[C@]12CCC(=O)C(=C1CC[C@@H]3[C@@H]2CC[C@]4([C@H]3CC[C@]4(C)O)C)O,2084,0
c1cc(ccc1C2CCC3=CC(=O)CCC3C2)O,2085,0
CC/C=C/C[C@H]1[C@@H](C=CC1=O)CCCCCCCC(=O)[O-],2086,0
C/C(=C\CC/C(=C/C(=O)O)/C)/CC[C@@H]1C(O1)(C)C,2087,0
Cn1c(nnn1)SCC2=C(N3[C@@H]([C@@H](C3=O)NC(=O)[C@@H](c4ccccc4)O)SC2)C(=O)[O-],2088,0
C/C(=C/C=C\C=C(/C)\C=C/C=O)/C=C\C=C(/C)\C=O,2089,0
C(CCCCC(=O)[O-])CCC/C=C/C=O,2090,0
CC1=C[C@@H]2[C@]([C@@H](C1=O)O)([C@]3([C@@H]([C@H]([C@H]([C@]34CO4)O2)O)O)C)CO,2091,0
COc1cc(cc(c1O)OC)/C=C/C=O,2092,0
CC(C)C1=C(C(=O)C2=C(C1=O)CC[C@@H]3[C@@]2(CCCC3(C)C)C)O,2093,0
CC1=C2C[C@@H](C(C[C@@]2(CCC1=O)C)O)C(=C)C,2094,0
c1cc(ccc1/C=C/C(=O)O)O,2095,0
C/C(=C/C=C/C=C(\C)/C=O)/C=C\C=C(/C)\C(=C1C(C[C@@H](C[C@@]1(C)O)O)(C)C)C,2096,0
c1cc(c(cc1/C=C\C(=O)NCCCCN(CCCNC(=O)/C=C\c2ccc(c(c2)O)O)C(=O)/C=C\c3ccc(c(c3)O)O)O)O,2097,0
C[C@]12CCC(=O)C=C1CC[C@@H]3[C@@H]2C(=O)C[C@@]4([C@@H]3CC[C@@]4(C(=O)CO)O)C,2098,0
CCC1=C(/C(=C/C2=N/C(=C\c3c(c(c([nH]3)/C=C\4/C(=C\C)/C(C(=O)N4)(C)C)C)CCC(=O)[O-])/C(=C2C)CCC(=O)[O-])/NC1=O)C,2099,0
CN(C)[C@H]1[C@@H]2[C@H]([C@@H]3C(=C)c4cccc(c4C(=O)C3=C([C@@]2(C(=O)C(=C1O)C(=O)N)O)O)O)O,2100,0
C[C@]12CC[C@H]3[C@@H]([C@@H]1CC[C@@H]2O)CCC4=CC(=O)CC[C@@]34C=O,2101,0
CC1=CC(=O)CC([C@@]1(/C=C/C(=C\C(=O)O)/C)O)(C)C,2102,0
CC(=C)C(=O)O[C@H]1CC2=C[C@@H](C[C@@]3([C@H](O3)[C@@H]4[C@@H]1C(=C)C(=O)O4)C)OC2=O,2103,0
CC[C@@]1([C@@H](O1)CC/C(=C/CC/C(=C/C(=O)OC)/C)/C)C,2104,0
CCCCCCCCCCCCCCC1CO1,2105,0
C1=C(C=C([C@@H]([C@H]1O)O)Cl)C(=O)[O-],2106,0
COC(=O)C1=CO[C@H]([C@@H]([C@@H]1C[C@H]2c3c(c4ccccc4[nH]3)CCN2)C=C)O[C@H]5[C@@H]([C@H]([C@@H]([C@H](O5)CO)O)O)O,2107,0
CCC(=O)/C=C(/c1c(cc2c(c1O)C(=O)c3c(cccc3O)C2=O)CC(=O)O)\O,2108,0
C[C@H](CCCC(C)(C)O)[C@H]1CC[C@@H]2[C@@]1(CC[C@H]3[C@H]2[C@@H](CC4=CC(=O)CC[C@]34C)O)C,2109,0
c1c(cc(c(c1Oc2c(cc(c(c2Br)Br)Br)Br)Br)Br)Br,2110,0
C1C(=C(N2[C@H](S1)[C@@](C2=O)(NC(=O)CCC[C@H](C(=O)O)N)O)C(=O)O)COC(=O)N,2111,0
C(=C(\C=C(\C(=O)[O-])/O)/C(=O)[O-])\C(=O)Cl,2112,0
C=CC(=O)N,2113,0
C=CC(=O)O,2114,0
C\1[C@@H](NC(=C/C1=C\C=[N+]/2\[C@@H](CC3=CC(=O)C(=O)C=C32)C(=O)[O-])C(=O)[O-])C(=O)[O-],2115,0
CCCCCCCCCCCCCC(CC1=CC(=O)C=C(C1=O)OC)OC(=O)C,2116,0
CCCOCCN(c1c(cccc1CC)CC)C(=O)CCl,2117,0
C\1=CC(=O)O/C1=C/C(=O)O,2118,0
COc1cc(ccc1O)/C=C/C(=O)NCCCCN(CCCNC(=O)/C=C\c2ccc(c(c2)OC)O)C(=O)/C=C\c3ccc(c(c3)OC)O,2119,0
C[C@H]1C=C([C@@H]([C@H]([C@H]2[C@@H]1CC(C2)(C)C)O)C=O)C=O,2120,0
C1=CC(OC1=O)(CC(=O)O)C(=O)O,2121,0
C[C@]12C[C@H]([C@H]3[C@H]([C@@H]1CC[C@@H]2O)CCC4=CC(=O)C=C[C@]34C)O,2122,0
CC(=CCC/C(=C/C=C\C(=C/C=C\C=C(/C)\C=C/C=C(\C)/C=C\C=C(/C)\C(=O)[O-])\C)/C)C,2123,0
COc1ccc(cc1)/C=C/C(=O)c2c(cc(c(c2OC)O)OC)O,2124,0
C[C@H]1C2=C(Cc3cccc(c3C2=O)O)C[C@H](O1)CC(=O)[O-],2125,0
C(=O)C(Cl)(Cl)Cl,2126,0
C(C/C(=C\C(=O)[O-])/C(=O)[O-])CC(=O)[O-],2127,0
c1c2c(c3c(o2)c(c(c(c3Cl)Cl)Cl)Cl)c(c(c1Cl)Cl)Cl,2128,0
c1c(cc(c(c1Br)Oc2cc(c(cc2Br)Br)Br)Br)Br,2129,0
C(=C\Cl)\C(=O)O,2130,0
C1=CC(=O)C(=O)C=C1/C=C\C(=O)[O-],2131,0
CC[C@@H]1CN2CCc3c4c(cccc4OC)[nH]c3[C@@H]2C[C@@H]1/C(=C\OC)/C(=O)OC,2132,0
CC[C@]1([C@H](O1)CC/C(=C/CC/C(=C/C(=O)O)/C)/C)C,2133,0
C1=C[C@H]([C@H](C(=C1)C(=O)[O-])O)O,2134,0
CC1(C[C@H]2[C@H]1CC[C@@]3([C@H](O3)CCC2=C)C)C,2135,0
C[C@]1(C=CC(=O)O1)CC(=O)[O-],2136,0
C/C=C(/C)\C(=O)O[C@H]1[C@H]2[C@@H](CC(=C1[C@@H](C)CCCO)CO)OC(=O)C2=C,2137,0
C[C@@H]1CC(=O)C=C2[C@]1(C[C@@H](CC2)C(=C)C)C,2138,0
c1cc(ccc1CCCC(=O)O)N(CCCl)CCCl,2139,0
COc1cc(ccc1O)/C=C/C(=O)NCCCCN(CCCNC(=O)/C=C/c2ccc(c(c2)OC)O)C(=O)/C=C/c3ccc(c(c3)OC)O,2140,0
c1cc(ccc1COc2ccc(cc2)N3C(=O)C4=C(C3=O)CCCC4)Cl,2141,0
C[C@]12CC(=O)[C@H]3[C@H]([C@@H]1CC[C@@]2(C(=O)CO)O)CCC4=CC(=O)C=C[C@]34C,2142,0
c1cc(ccc1/C=C\C(=O)NCCCCN(CCCNC(=O)/C=C/c2ccc(cc2)O)C(=O)/C=C\c3ccc(cc3)O)O,2143,0
CCOC(=O)/C=C/c1ccc(cc1)OC,2144,0
C[C@@H]1C=C(C(=O)[C@]2([C@H]1C[C@@H]3[C@@]4([C@@H]2[C@@H]([C@H]([C@@H]([C@@H]4CC(=O)O3)C)O)O)C)C)OC,2145,0
c1cc(c(cc1C(=O)[O-])Cl)Cl,2146,0
C[C@@H]1CC[C@@H]2[C@@H]1[C@@H](OC=C2C(=O)OC)O[C@@H]3[C@@H]([C@@H]([C@@H]([C@@H](O3)CO)O)O)O,2147,0
C[C@]1(c2c(ccc(c2C(=O)C3=C([C@]4([C@@H](C[C@@H]31)[C@@H](C(=C(C4=O)C(=O)N)O)N(C)C)O)O)O)Cl)O,2148,0
CN1CC[C@@]23[C@@]1(C[C@@H]([C@@]24[C@@H](C(=CC4=O)OC)O)Cl)CC(=C(C3=O)OC)OC,2149,0
C/C(=C/CO)/CC/C=C(/C)\C=O,2150,0
C[C@@]12CC[C@H]3[C@@H]([C@@H]1CCC2=O)CCC4=CC(=O)CC[C@@]34C=O,2151,0
CCCCC[C@H]1[C@@H](O1)C/C=C\CCCCCCCC(=O)[O-],2152,0
CC(=CCC/C(=C/CC/C(=C/C(=O)[O-])/C)/C)C,2153,0
C[C@H]1CC[C@H]2[C@@H]1[C@@H](OC=C2C(=O)[O-])O[C@@H]3[C@@H]([C@@H]([C@@H]([C@@H](O3)CO)O)O)O,2154,0
C/C=C\CC/C(=C\CC/C(=C\CC/C(=C\CC/C(=C\CC/C(=C\CC/C(=C\CC/C(=C\CC1=C(C(=O)C=C(C1=O)OC)C)/C)/C)/C)/C)/C)/C)/C,2155,0
C(/C=C\C(=O)[O-])C(=O)[O-],2156,0
CC(=O)N[C@@H]1[C@H]([C@@H]([C@@H](O[C@@H]1O)CO)O)O[C@@H]2[C@@H]([C@@H](C=C(O2)C(=O)[O-])O)O,2157,0
C/C(=C\C(=O)[O-])/C=C\C(=O)[O-],2158,0
CO/N=C(/c1ccco1)\C(=O)N[C@H]2[C@@H]3N(C2=O)C(=C(CS3)COC(=O)N)C(=O)[O-],2159,0
c1c(nc(s1)N)/C(=C/CC(=O)O)/C(=O)N[C@H]2[C@@H]3N(C2=O)C(=CCS3)C(=O)O,2160,0
C[C@H]1C2=CN3CCc4c5ccccc5[nH]c4[C@@H]3C[C@@H]2C(=CO1)C(=O)OC,2161,0
C/C=C(/C)\C(=O)O[C@@H]1c2c(ccc3c2oc(=O)cc3)OC([C@@H]1OC(=O)C)(C)C,2162,0
CC1=C(C(CCC1)(C)C)/C=C/C(=C/C=C\C(=C\C=O)\C)/C,2163,0
C1[C@H]([C@@H]([C@@H](C=C1C(=O)O)O)O)O,2164,0
C1[C@H]([C@@H]([C@@H](C=C1C(=O)O)O)O)N,2165,0
COc1cc(ccc1O)/C=C/C(=O)O[C@@H]2[C@@H]([C@@H]([C@@H](O[C@@H]2O)CO)O)O,2166,0
C[C@H]1CCC(=C(C)C)C(=O)C1,2167,0
C(=C\C(=O)[O-])\C(=C\C(=O)[O-])\C(=O)[O-],2168,0
COC(=O)C/C(=C\C(=O)O)/C(=O)O,2169,0
c1c2c(cc(c1O)O)/[N+](=C\C=C/3\C[C@@H](NC(=C3)C(=O)[O-])C(=O)[O-])/CC2,2170,0
C(=C/C=O)\C=C(/C(=O)[O-])\O,2171,0
c1cc(c(c(c1Cl)c2c(cc(c(c2Cl)Cl)O)Cl)Cl)Cl,2172,0
CN1CC[C@@]23C=C(C(=O)C=C2[C@@H]1CCc4c3c(c(c(c4)O)OC)OC)OC,2173,0
C1=CC(=O)OC1CC(=O)[O-],2174,0
CC(=CCCC1=CC(=O)c2c(ccc(c2C1=O)O)O)C,2175,0
CC(C(=C)C(=O)O)C(=O)O,2176,0
c1cc(c(cc1C[C@H](C(=O)O)OC(=O)/C=C/c2ccc(c3c2C(C(O3)c4ccc(c(c4)O)O)C(=O)O)O)O)O,2177,0
CSC(=O)OCC1=C[C@@H]2[C@@H]3[C@@H]1[C@@H](OC=C3C(=O)O2)O[C@@H]4[C@@H]([C@@H]([C@@H]([C@@H](O4)CO)O)O)O,2178,0
CC1=CC(=O)CC([C@@]1(/C=C\C(=C/C=O)\C)O)(C)C,2179,0
C[C@@H]1[C@@](O1)(CC[C@@H](C)[C@H]2CC[C@@H]3[C@@]2(CC[C@H]4[C@H]3CC=C5[C@@]4(CC[C@@H](C5)O)C)C)C(C)C,2180,0
C1=C(C(=O)NC(N1C[C@@H](C(=O)O)N)O)F,2181,0
CC(=C)[C@H]1CC[C@]2([C@@H](C1)O2)C,2182,0
C[C@@]12CC[C@H]3[C@@H]([C@@H]1CC[C@@H]2C(=O)CO)CCC4=CC(=O)CC[C@@]34C,2183,0
C(=C(\C(=O)[O-])/Cl)\C(=C(/C(=O)[O-])\Cl)\Cl,2184,0
CC(=O)N[C@@H]1[C@@H]([C@@H]([C@@H](O[C@@H]1O)CO)OS(=O)(=O)[O-])O[C@@H]2[C@@H]([C@@H](C=C(O2)C(=O)[O-])O)O,2185,0
C/C(=C(/C=C(\C(=O)O)/Cl)\Cl)/C(=O)O,2186,0
CC1([C@@H](CC[C@@]2([C@@H]1CC(=O)C3=C[C@](CC[C@H]32)(C)C=C)C)O)C,2187,0
c1cc2c(cc1/C=C/C=C/C(=O)N3CCCC3)OCO2,2188,0
C(C(=O)/C=C\C(=O)[O-])C(=O)C(=O)[O-],2189,0
C1=C[C@@]([C@@H](C=C1C(=O)[O-])O)(C(=O)[O-])O,2190,0
c1c(cc(c(c1Cl)c2c(cc(c(c2Cl)Cl)O)Cl)Cl)Cl,2191,0
CC([C@@]12CCCN3[C@@H]1[C@@]4(CC3)c5ccccc5NC4=C(C2)C(=O)OC)OC(=O)C,2192,0
C(/C(=C/C(=O)[O-])/C(=O)[O-])C(=O)[O-],2193,0
C1=CC(=C[C@]([C@@H]1O)(O)Cl)C(=O)[O-],2194,0
c1c(cc(c2c1C(=O)C(=C(C2=O)c3c(cc(c4c3C(=O)C(=CC4=O)O)O)O)O)O)O,2195,0
C\1C(NC(=C/C1=C/C=N\C(CC(=O)O)C(=O)O)C(=O)O)C(=O)O,2196,0
Cc1c(c([nH]c1/C=C/2\C(=C(C(=O)N2)C=C)C)Cc3c(c(c([nH]3)/C=C\4/C(=C(C(=O)N4)C)C=C)C)CCC(=O)[O-])CCC(=O)[O-],2197,0
COc1cc(ccc1O)CC/[NH+]=C/C=C\2/C[C@@H](NC(=C2)C(=O)[O-])C(=O)[O-],2198,0
CC(=CC[C@@H]1[C@@](O1)(C)[C@@H]2[C@@H]([C@@H](CC[C@@]23CO3)OC(=O)/C=C\C=C/C=C\C=C/C(=O)[O-])OC)C,2199,0
CCCCCCCCCC(=O)O[C@H]1CC[C@@H]2[C@@]1(CC[C@H]3[C@H]2CCC4=CC(=O)CC[C@H]34)C,2200,0
C=C(C(=O)O)O[C@H]1C=CC=C([C@@H]1N)C(=O)O,2201,0
C=C(C(=O)[O-])O[C@H]1CC(=C[C@H]([C@@H]1O)OP(=O)([O-])[O-])C(=O)[O-],2202,0
C(=C/C=O)\C=C(\C(=O)[O-])/O,2203,0
C[C@@H](CC/C=C(\C)/CCC=C(C)C)/C=C/C(=O)NC[C@@H]1CC[N@+]2([C@@H]1CCCC2)C,2204,0
C(=C\C(=O)O)\C(=C/C(=O)O)\C(=O)O,2205,0
CCc1c(c([nH]c1C[C@@H]2[C@@H](C3=C(N2)/C(=C/4\[C@@H]([C@@H](C(=N4)/C=C\5/C(=C(C(=O)N5)C=C)C)C)CCC(=O)[O-])/C(=C3[O-])C(=O)OC)C)C=O)C,2206,0
C1=C(O[C@H]([C@H]([C@@H]1O)O)O[C@@H]2[C@@H]([C@@H]([C@@H](O[C@@H]2C(=O)[O-])O[C@@H]3[C@@H]([C@@H]([C@@H](O[C@@H]3C(=O)[O-])O)O)O)O)O)C(=O)[O-],2207,0
C\1[C@H](NC(=C/C1=C/C=O)C(=O)O)C(=O)O,2208,0
C/C=C\C/C=C/CCC(=O)[C@@H]1[C@@H](O1)C(=O)N,2209,0
c1cc(c(cc1C[C@@H](C(=O)[O-])OC(=O)/C=C/c2ccc(c(c2)O)O)O)O,2210,0
COc1cc(ccc1O)CC/C=C/C(=O)CCc2ccc(c(c2)OC)O,2211,0
COC(=O)C1=CO[C@@H]([C@H]([C@@H]1C[C@@H]2c3c(c4ccccc4[nH]3)CCN2)C=C)O[C@@H]5[C@@H]([C@@H]([C@@H]([C@@H](O5)CO)O)O)O,2212,0
C=CC1=C(N2[C@@H]([C@@H](C2=O)NC(=O)/C(=N\O)/c3csc(n3)N)SC1)C(=O)O,2213,0
CC[C@H](CC[C@@H](C)[C@@H]1CC[C@@H]2[C@@]1(CC[C@@H]3[C@@H]2CCC4=CC(=O)CC[C@@]34C)C)C(C)C,2214,0
C/C=C(\C)/C(=O)O[C@@H]1CCN2[C@@H]1C(=CC2)COC(=O)[C@](C(C)C)([C@H](C)O)O,2215,0
c1c(c(nc(c1Cl)Cl)OCC(=O)O)Cl,2216,0
C/C(=C\CC/C(=C/C(=O)OC)/C)/CC[C@@H](C(C)(C)O)OP(=O)(O)O,2217,0
CC(=C)[C@@H]1C[C@@H]2[C@@](O2)(C(=O)C1)C,2218,0
C/C(=C\C=C\C=C(\C)/C=C\C=C(/C)\C=C/C(=O)[O-])/C=C\C=C(/C)\C=C/C(=O)[O-],2219,0
CC1=C(C(=O)C[C@]2([C@H]1C[C@@H]3[C@]45[C@@H]2[C@H]([C@@H]([C@]([C@@H]4[C@H](C(=O)O3)OC(=O)C)(OC5)C(=O)OC)O)O)C)O,2220,0
C1=C(C=C([C@H]([C@H]1O)O)Cl)C(=O)[O-],2221,0
CCCCC/C=C\C/C=C\CC1C(O1)C/C=C\CCCC(=O)O,2222,0
c1cc(ccc1/C=C/C2=CC(=O)[C@@H]3[C@@H]([C@H]([C@H]2C3=O)c4cc(cc(c4)O)O)c5ccc(cc5)O)O,2223,0
C=C[C@@H]1[C@@H]2C[C@H]3c4c(cc5ccccc5n4)CN3C(=O)C2=CO[C@H]1O[C@H]6[C@@H]([C@H]([C@@H]([C@H](O6)CO)O)O)O,2224,0
C[C@@]12CCC(=O)C=C1CC[C@@H]3[C@@H]2CC[C@@]4([C@@H]3CC[C@@]4(C(=O)CO)O)C,2225,0
CC(C)C(=O)C1=C(C(C(=C(C1=O)Cc2c(cc(c(c2O)C(=O)c3ccccc3)OCC=C(C)C)O)O)(C)C)O,2226,0
C1C/C(=C\C(=O)C(=O)[O-])/C=C[C@@H]1O,2227,0
COc1ccc(cc1)C(c2ccc(cc2)OC)C(Cl)(Cl)Cl,2228,0
c1cc(ccc1[C@@H]([C@H](CO)NC(=O)C(Cl)Cl)O)[N+](=O)[O-],2229,0
CC(=O)/C=C(/C=C\C(=O)O)\O,2230,0
CC(=O)[C@H]1CC[C@@H]2[C@@]1(CC[C@H]3[C@H]2CCC4=CC(=O)CC[C@]34C)C,2231,0
CC1C2C(C(=O)N2C(=C1SC3NC(CS3)C(=O)Nc4cccc(c4)C(=O)O)C(=O)O)C(C)O,2232,0
CC1=C(N2[C@H]([C@H](C2=O)NC(=O)[C@@H](C3=CCC=CC3)[NH3+])SC1)C(=O)[O-],2233,0
CCCCC/C=C/C(=O)SC,2234,0
Cc1c(c([nH]c1/C=C\2/C(=C(C(=O)N2)C=C)C)Cc3c(c(c([nH]3)/C=C\4/C(=C(C(=O)N4)C)C=C)C)CCC(=O)[O-])CCC(=O)[O-],2235,0
c1cn(c(=O)[nH]c1=O)[C@H]2[C@@H]([C@@H]([C@@H](O2)CI)O)O,2236,0
c1cc(ccc1C[C@@H](C(=O)[O-])OC(=O)/C=C/c2ccc(cc2)O)O,2237,0
C=C1C[C@@H]2[C@]34CO[C@@H]([C@]1([C@H]3C[C@@H](C=C4C(=O)O2)O)C[C@@H](c5ccoc5)O)O,2238,0
CC1=C(C(CCC1)(C)C)/C=C\C(=C/C=C\C(=C/C=C\C=C(/C)\C=C/C=C(\C)/C=C\C2=C(C(=O)[C@@H](CC2(C)C)O)C)\C)\C,2239,0
COc1ccc(cc1)[C@H]2[C@@H](O2)c3ccc(cc3)[N+](=O)[O-],2240,0
C=C[C@]12C[C@H]3[C@H]([C@@H]([C@H]1C(=C)C(=O)OC2)O)C(=C)C(=O)O3,2241,0
C(=C/C(=O)[O-])\C(=C(/C(=O)[O-])\Cl)\Cl,2242,0
C/C(=C\C=C/C=C(\C)/C=C\C=O)/C=C\C=C(/C)\C=O,2243,0
CC1=C(C(=O)C(=C(C1=O)OC)OC)C/C=C(\C)/CC/C=C(/C)\CC/C=C(\C)/CC/C=C(\C)/CC/C=C(\C)/CCC=C(C)C,2244,0
CO/N=C(/c1ccco1)\C(=O)N[C@H]2[C@@H]3N(C2=O)C(=C(CS3)COC(=O)N)C(=O)O,2245,0
C[C@H]1[C@@H]([C@H]([C@H]([C@@H](O1)O[C@H]2CC[C@]3([C@@H](C2)CC[C@@H]4[C@@H]3CC[C@]5([C@@]4(C[C@@H]([C@@H]5C6=CC(=O)OC6)O)O)C)C=O)O)O)O,2246,0
C1=C[C@](OC1=O)(CC(=O)[O-])S(=O)(=O)[O-],2247,0
C[C@H]1[C@H]([C@H]([C@H]([C@@H](O1)O[C@H]2CC[C@@]3([C@@H]4[C@@H](CC[C@@]3(C2)O)[C@]5(CC[C@@H]([C@]5(C[C@H]4O)C)C6=CC(=O)OC6)O)CO)O)O)O,2248,0
COc1cc(ccc1C(=O)/C=C/c2ccc(cc2)O)O,2249,0
C(=C(\C=C(/C(=O)O)\O)/C(=O)O)\C=O,2250,0
C[C@H]1CC[C@@H]2[C@H]([C@]3([C@H]1C=CC3=O)C)OC(=O)[C@]24CO4,2251,0
C(C(CCl)O)Cl,2252,0
C[C@]12CCC(=O)C=C1CC[C@@H]3[C@@H]2CC[C@]4([C@H]3C[C@@H](C4=O)Cl)C,2253,0
C[C@H]1CC(=O)C=C([C@]12CC[C@@H](C2)C(=C)C)CO,2254,0
Cc1c(c([nH]c1/C=C\2/C(=C(C(=O)N2)C=C)C)Cc3c(c(c([nH]3)/C=C/4\C(=C(C(=O)N4)C)C=C)C)CCC(=O)[O-])CCC(=O)[O-],2255,0
C[C@@H]1C=C(C(=O)[C@]2([C@H]1C[C@@H]3[C@@]4([C@@H]2[C@@H](C[C@@]([C@@H]4CC(=O)O3)(C)C(=O)[C@@H]5CC(=O)OC5)O)C)C)OC,2256,0
CN(CC[C@@]1(CCC(=O)C=C1)c2ccc(c(c2)OC)OC)C(=O)OC,2257,0
Cc1cc(ccc1OCC(=O)O)SCc2c(nc(s2)c3ccc(c(c3)F)C(F)(F)F)C,2258,0
c1ccc2c(c1)C(C(C3C2O3)O)O,2259,0
COc1cc(c(c(c1/C=C/C(=O)c2c(c(c(c(c2OC)OC)OC)OC)O)OC)OC)OC,2260,0
c1cc(ccc1/C=C\C(=O)NCCc2c[nH]c3c2cc(cc3)O)O,2261,0
CC/C=C\C[C@@H]1[C@@H](C=CC1=O)CCCCCCCC(=O)[O-],2262,0
C(=C/C(=O)[O-])\C(=C\C(=O)[O-])\S(=O)(=O)[O-],2263,0
C[N+]1(CCCC1)CC2=C(N3[C@@H]([C@@H](C3=O)NC(=O)/C(=N\OC)/c4csc(n4)N)SC2)C(=O)[O-],2264,0
CC1CC/C(=C(/C)\COC2C(C(C(C(O2)CO)O)O)O)/C(=O)C1,2265,0
c1cc(ccc1/C=C/C(=O)O[C@@H]2CC(=C[C@@H]([C@@H]2O)O)C(=O)[O-])O,2266,0
C(C(Cl)(Cl)Cl)O,2267,0
C(C(=O)/C=C\C(=O)O)C(=O)C(=O)O,2268,0
CC(=O)OCC(=O)[C@]1(CC[C@@H]2[C@@]1(CC(=O)[C@H]3[C@H]2CCC4=CC(=O)CC[C@]34C)C)O,2269,0
CC(=O)N[C@@H]1[C@H]([C@H]([C@H](OC1O)CO)OS(=O)(=O)O)O[C@H]2[C@@H]([C@H](C=C(O2)C(=O)O)O)O,2270,0
C[C@H]1C[C@]2([C@H]([C@H]1O)[C@@H](C(=C)CC[C@H]3[C@H](C3(C)C)/C=C(/C2=O)\C)O)O,2271,0
C/C(=C/CO)/CC/C=C(\C)/C=O,2272,0
C(Br)(Br)Br,2273,0
Cc1cc2c(c(c1)O)C(=O)C3=C(C4C(C5C3(C2=O)C6C(C5C47C(=O)c8cc(cc(c8C(=O)C7=C6O)O)C)O)O)O,2274,0
C/C(=C\C=C\C=C(/C)\C=O)/C=C/C=C(\C)/C=C=C1[C@@](C[C@@H](C[C@@]1(C)O)O)(C)C,2275,0
c1ccc(cc1)c2c(ccc(c2Cl)Cl)Cl,2276,0
Cc1cc(c2c(c1)O[C@]3(C2=O)C(=CC(=O)C=C3OC)C(=O)OC)O,2277,0
c1ccc(c(c1)C(=O)/C=C\C=C(\C(=O)[O-])/O)N,2278,0
CCCCCCCCCCCC12O[C@@H]3[C@@H]4[C@H]5[C@](O5)([C@H]([C@]6([C@H]([C@@]4(O1)[C@@H](C[C@@]3(O2)C(=C)C)C)C=C(C6=O)C)O)O)CO,2279,0
C[C@]12CCC(=O)C=C1CC[C@@H]3[C@@H]2[C@H](C[C@]4([C@H]3CC[C@]4(C)O)C)O,2280,0
C[C@H]1CC[C@@H]2[C@@H]1[C@@H](OC=C2C(=O)[O-])O[C@@H]3[C@@H]([C@@H]([C@@H]([C@@H](O3)CO)O)O)O,2281,0
C1=C(C=C([C@@]([C@@H]1O)([O-])Cl)Cl)C(=O)[O-],2282,0
C1=CC(=O)C=CC1=O,2283,0
C[C@H]1C[C@H]2[C@@H]3CC[C@@]([C@]3(C[C@@H]([C@@H]2[C@@]4(C1=CC(=O)C=C4)C)O)C)(C(=O)CF)O,2284,0
COc1cc(cc(c1O)OC)/C=C\C(=O)OCCC/C(=N\OS(=O)(=O)[O-])/S[C@@H]2[C@@H]([C@@H]([C@@H]([C@@H](O2)O)O)O)CO,2285,0
C[C@@]12CCC(=O)C=C1CC[C@H]3[C@@H]2[C@@H](C[C@@]4([C@@H]3CC[C@@H]4C(=O)CO)CO)O,2286,0
c1ccc(cc1)[C@H]2[C@@H](O2)c3ccc(cc3)[N+](=O)[O-],2287,0
CSCCC(=O)/C(=C\OP(=O)([O-])[O-])/O,2288,0
C/C=C/CC/C(=C\CC/C(=C\CC/C(=C\CC/C(=C\CC/C(=C\CC/C(=C\CC/C(=C\CC1=C(C(=O)C=C(C1=O)OC)C)/C)/C)/C)/C)/C)/C)/C,2289,0
C(/C=C/C=C(\C(=O)[O-])/O)C(=O)[O-],2290,0
C/C=C(/C)\C(=O)O[C@@H]1CCN2[C@@H]1C(=CC2)COC(=O)[C@](C(C)C)([C@H](C)O)O,2291,0
CC1([C@@H]2C(=O)[C@@H]([C@@]3([C@@H]([C@]24COC(=O)C[C@@H]4O1)CC[C@@]5([C@]36[C@H](O6)C(=O)O[C@H]5c7ccoc7)C)C)O)C,2292,0
CCC(=O)/C=C(/c1c(cc2c(c1O)C(=O)c3c(cccc3O)C2)CC(=O)O)\O,2293,0
CC(C)C[C@H](C(=O)[O-])NC(=O)[C@@H](CNC(=O)/C=C/C(=O)OC)[NH3+],2294,0
CC[C@H]1CN2CC[C@@]3([C@@H]2C[C@@H]1/C(=C\OC)/C(=O)OC)c4ccccc4NC3=O,2295,0
C([C@@H]1[C@@H]([C@@H]([C@H]([C@H](O1)O[C@]2([C@H]([C@@H]([C@H](O2)CCl)O)O)CCl)O)O)Cl)O,2296,0
C1C(O1)C(=O)CCCCC[C@@H](C(=O)O)N,2297,0
CC(C)CCC[C@@H](C)[C@@H]1CC[C@@H]2[C@@]1(CC[C@@H]3[C@@H]2CCC4=CC(=O)CC[C@@]34C)C,2298,0
CC(=O)OC(C)(C)/C=C/C(=O)[C@@](C)([C@H]1[C@@H](C[C@@]2([C@@]1(CC(=O)[C@@]3([C@H]2CC=C4[C@H]3C=C(C(=O)C4(C)C)O)C)C)C)O)O,2299,0
C[C@]12CCC(=O)C=C1CC[C@@H]3[C@@H]2[C@H](C[C@]4([C@H]3CC[C@@]4(C(=O)CO)O)C)O,2300,0
CC(=O)OCC(=O)[C@]1(CC[C@@H]2[C@@]1(CC[C@H]3[C@H]2CCC4=CC(=O)C=C[C@]34C)C)O,2301,0
C(C=O)Br,2302,0
CN(C)c1ccc2c(c1)oc-3cc(=[N+](C)C)ccc3c2c4ccc(cc4)CCl,2303,0
CC1=C[C@@H]2[C@](CC1)([C@]3([C@@H](C[C@H]([C@]34CO4)O2)OC(=O)C)C)C,2304,0
C/C(=C\C=O)/CC/C=C(\C)/CO,2305,0
CC1=C(C(=O)c2ccccc2C1=O)C/C=C(\C)/CCC[C@@H](C)CCC[C@@H](C)CCCC(C)C,2306,0
C1[C@@H]2N(C1=O)[C@@H](/C(=C\C=O)/O2)C(=O)[O-],2307,0
C([C@H](C(=O)[O-])[NH3+])Cl,2308,0
c1cc(c(cc1/C=C\C(=O)NCCc2c[nH]c3c2cc(cc3)O)O)O,2309,0
C(=C/C(=O)[O-])\C(=O)/C=C(\[O-])/Cl,2310,0
C[C@H]1CC(=O)C2=C([C@@]([C@H]3CC[C@@]12C3)(C)C)C,2311,0
C(C(/C=C\C(=O)C(=O)O)C(=O)O)C(=O)O,2312,0
CO[C@@]1([C@@H]2N(C1=O)C(=C(CS2)COC(=O)N)C(=O)[O-])NC(=O)Cc3cccs3,2313,0
C[C@H]1CC(=O)C=C([C@@]12CC[C@@H](C2)C(=C)C)C,2314,0
c1c(c(cc(c1Br)Br)Br)Oc2cc(c(cc2Br)Br)Br,2315,0
c1cc(ccc1/C=C\C(=O)O[C@@H]2[C@@H]([C@@H]([C@@H](O[C@@H]2O)CO)O)O)O,2316,0
C[C@@H]1[C@H](O1)[P@](=O)(O)[O-],2317,0
c1cn(c(=O)[nH]c1=O)[C@H]2[C@@H]([C@@H]([C@@H](O2)CO[P@@](=O)([O-])O[P@@](=O)([O-])OCC(=O)CCl)O)O,2318,0
C/C(=C\C=C\C=C(/C)\C=C\C=C(/C)\C=C\C(=O)[C@@]1(C[C@H](CC1(C)C)O)C)/C=C/C=C(\C)/C=C/C(=O)[C@@]2(C[C@H](CC2(C)C)O)C,2319,0
C1=C(C(=O)C=C([C@H]1[O-])/C=C\C(=O)[O-])O,2320,0
C(/C(=C\C=C(/C(=O)[O-])\O)/C(=O)[O-])C(=O)[O-],2321,0
C[C@@H]1CC(=O)C=C([C@@]12CCC(=C(C)C)C2)C,2322,0
CC(C)CCCCCCC/C=C\C(=O)O,2323,0
CC(=O)OCC1=C(N2[C@@H]([C@@H](C2=O)N)SC1)C(=O)O,2324,0
C[C@@H]1[C@H](OC=C2C1=C(C(=O)C(=C2O)C(=O)O)C)C,2325,0
CCc1cccc(c1N(C(C)COC)C(=O)CCl)C,2326,0
Cn1c(nnn1)SCC2=C(N3[C@@H]([C@@H](C3=O)NC(=O)[C@@H](c4ccccc4)OC=O)SC2)C(=O)[O-],2327,0
C[C@]12CCC(=O)C=C1CC[C@H]3[C@@H]2[C@@H](C[C@@]4([C@@H]3CC[C@@H]4C(=O)CO)C)O,2328,0
C/C(=C\CO)/CC/C=C(\C)/C=O,2329,0
C/C=C\C=C(/C(=O)O)\O,2330,0
CC(=O)[C@@]12[C@@H](C[C@@H]3[C@@]1(CC[C@H]4[C@H]3CCC5=CC(=O)CC[C@]45C)C)OC(O2)(C)c6ccco6,2331,0
c1cc(ccc1/C=C/C(=O)O[C@H]2[C@@H]([C@@H]([C@@H](O[C@@H]2O)CO)O)O)O,2332,0
COC(=O)C1=CO[C@H]([C@H]2[C@@H]1C[C@H]3O[C@@H]2[C@@H](O3)O)O[C@H]4[C@@H]([C@H]([C@@H]([C@H](O4)CO)O)O)O,2333,0
C/C(=C\C=C\C=C(\C)/C=C\C=C(/C)\C(=O)[O-])/C=C\C=C(/C)\C(=O)[O-],2334,0
COc1cc(ccc1O)/C=C\C(=O)NCCc2ccc(cc2)O,2335,0
CC1=C(C(CCC1)(C)C)/C=C/C(=C/C=C/C(=C/C=C/C=C(\C)/C=C/C=C(\C)/C=C/C2=C(C(=O)CCC2(C)C)C)/C)/C,2336,0
C[C@@H]1C[C@@H](C23[C@@H]([C@@]1(C)[C@@H]4C[C@H]5C=CO[C@H]5O4)C[C@H](C[C@]26CO6)O[C@@H]3OC(=O)C)OC(=O)C,2337,0
C\1[C@@H](NC(=C/C1=C\C=[N+]\2/[C@@H](CC3=CC(=O)C(=O)C=C32)C(=O)[O-])C(=O)[O-])C(=O)[O-],2338,0
C1=C(C(OC1=O)CC(=O)O)C(=O)O,2339,0
C([C@H](C(=O)O)N)Cl,2340,0
CC(=CCc1cc(ccc1O)/C=C\2/C(=C(C(=O)O2)c3ccc(c(c3)CC=C(C)C)O)O)C,2341,0
CO/N=C(/c1csc(n1)N)\C(=O)N[C@H]2[C@@H]3N(C2=O)C(=C(CS3)Cn4ccc(=N)n4CCO)C(=O)O,2342,0
C/C=C(/C)\C(=O)OC[C@@H]1[C@H]2CCCN2C[C@@H]1O,2343,0
CC1(C(=O)[C@@]2([C@]([C@H]3CC[C@]4([C@@H](OC(=O)[C@@H]5[C@@]4([C@@]3([C@@]2(O1)O)C)O5)c6ccoc6)C)(C)/C=C\C(=O)OC)O)C,2344,0
c1cc(c(cc1/C=C/C(=O)O[C@@H]2C[C@](C[C@H]([C@@H]2O)O)(C(=O)O)OC(=O)/C=C/c3ccc(c(c3)O)O)O)O,2345,0
CC1=CCC(=CC1)[C@@H](C)CC(=O)C=C(C)C,2346,0
C/C/1=C\CC/C(=C/[C@@H]2[C@@H]([C@H](C1)O)C(=C)C(=O)O2)/CO,2347,0
CCCCC[C@H]1[C@H](O1)/C=C/[C@H](CCCCCCCC(=O)O)O,2348,0
CC([C@@]12CCCN3[C@@H]1[C@@]4(CC3)c5ccccc5NC4=C(C2)C(=O)OC)O,2349,0
CC(=CCC/C(=C\CC/C(=C\CC/C(=C\CC/C(=C\CC/C(=C\CC/C(=C\CC/C(=C\CC1=CC(=O)C=C(C1=O)OC)/C)/C)/C)/C)/C)/C)/C)C,2350,0
CC[C@@]12CCCN3[C@@H]1c4c(c5ccccc5n4C(=C2)C(=O)OC)CC3,2351,0
C/C(=C\C=C/C=C(/C)\C=C/C=C(\C)/C=C\C(=O)[C@@]1(C[C@@H](CC1(C)C)O)C)/C=C\C=C(/C)\C=C/C(=O)[C@@]2(C[C@@H](CC2(C)C)O)C,2352,0
COc1cc(cc(c1O)O)/C=C/C(=O)[O-],2353,0
c1ccc(cc1)[C@@H]2[C@@H](O2)c3ccccc3,2354,0
C(C(Cl)(Cl)Cl)OP(=O)(O)O,2355,0
c1cc(c(cc1/C=C/C(=O)c2ccc(c(c2O)O)O)O)O,2356,0
C(=C(\C=C(\C(=O)[O-])/Cl)/Cl)\C(=O)[O-],2357,0
CC(=O)/C=C\[C@@]12C(C[C@@H](C[C@@]1(O2)C)O)(C)C,2358,0
CC[C@@]1([C@@H](O1)CC/C(=C/CC/C(=C\C(=O)[O-])/C)/C)C,2359,0
CC1=C[C@@H]2[C@H](CC[C@]3([C@H]2CC(=C)[C@@]3(C(=O)C)OC(=O)C)C)[C@@]4(C1=CC(=O)CC4)C,2360,0
c1cc(c(cc1/C=C/C(=O)NCCCCN(CCCNC(=O)/C=C/c2ccc(c(c2)O)O)C(=O)/C=C/c3ccc(c(c3)O)O)O)O,2361,0
CC1=CC[C@H]2[C@@H]1[C@@H](OC=C2C(=O)O)O[C@H]3[C@@H]([C@H]([C@@H]([C@H](O3)CO)O)O)O,2362,0
C1=C[C@](OC1=O)(CC(=O)[O-])C(=O)[O-],2363,0
C/C/1=C\CC[C@]2([C@@H](O2)[C@@H]([C@@H]([C@H](C1)OC(=O)C)C(C)C)OC(=O)C)C,2364,0
C[C@]1(CC(=O)C=C2[C@H]1[C@@H]([C@@]34[C@@H]2CC[C@@](C3)(C(=C)C4)O)C(=O)[O-])C(=O)[O-],2365,0
C[C@]12CC[C@H]3[C@H]([C@@H]1CC[C@@H]2C(=O)CO)CCC4=CC(=O)[C@H](C[C@]34C)O,2366,0
CCC(CC)O[C@@H]1C=C(C[C@@H]([C@H]1NC(=O)C)N)C(=O)OCC,2367,0
CC(C)OC(=O)C(=C1SCCS1)C(=O)OC(C)C,2368,0
C[C@@H]1C=C(C(=O)[C@]2([C@H]1C[C@@H]3[C@@]4([C@@H]2[C@@H]([C@H]([C@@]([C@@H]4CC(=O)O3)(C)O)OC)O)C)C)OC,2369,0
C(Cl)(Br)Br,2370,0
C(=C(/C(=O)[O-])\Cl)\C(=O)[C@H](C(=O)[O-])Cl,2371,0
c1cn(c(=O)[nH]c1=O)[C@@H]2[C@H]([C@@H]([C@@H](O2)CO[P@@](=O)([O-])O[P@@](=O)([O-])OCC(=O)CCl)O)O,2372,0
C(=C/C(=O)[O-])\C=C(\C(=O)[O-])/Cl,2373,0
CC[C@@]1([C@@H](O1)CC/C(=C/CC/C(=C\C(=O)OC)/C)/C)C,2374,0
CC1(O[C@@H]2C[C@H]3[C@@H]4CCC5=CC(=O)CC[C@@]5([C@]4([C@H](C[C@@]3([C@@]2(O1)C(=O)CO)C)O)F)C)C,2375,0
C(=C(/C=C(\C(=O)[O-])/O)\C(=O)[O-])\C(=O)[O-],2376,0
c1c2c(cc(c1O)O[C@@H]3[C@@H]([C@@H]([C@@H]([C@@H](O3)CO)O)O)O)/[N+](=C\C=C/4\C[C@@H](NC(=C4)C(=O)[O-])C(=O)[O-])/[C@@H](C2)C(=O)[O-],2377,0
CC(C)CCC[C@@H](C)CCC[C@@H](C)CCC/C(=C/C(=O)[O-])/C,2378,0
C1=C(C2C(O2)C(=C1)Br)O,2379,0
C=C[C@H]1[C@@H](OC=C2C1=CCOC2=O)O[C@H]3[C@@H]([C@H]([C@@H]([C@H](O3)CO)O)O)O,2380,0
CC(C)/C=C(\C)/[C@@H]([C@H](C)/C=C(\C)/C=C/C=C\C=C\C=C(/C)\C(=O)N[C@@H](C)CO)O,2381,0
CC(C)(C)NCC(=O)Nc1cc(c2c(c1O)C(=O)C3=C([C@]4([C@@H](C[C@@H]3C2)[C@@H](C(=C(C4=O)C(=O)N)O)N(C)C)O)O)N(C)C,2382,0
c1c2c(cc(c1O)O)/[N+](=C/C=C\3/C[C@@H](NC(=C3)C(=O)[O-])C(=O)[O-])/[C@@H](C2)C(=O)[O-],2383,0
C[C@H]1[C@H]2CN3CC[C@]4([C@@H]3C[C@@H]2C(=CO1)C(=O)OC)c5ccccc5NC4=O,2384,0
C(/C=C/C=C(/C(=O)O)\O)C(=O)O,2385,0
C[C@@H]1C[C@]2([C@H]3[C@H]4[C@]1([C@@H]5C=C(C(=O)[C@]5(CC(=C4)COC(=O)Cc6ccc(cc6)O)O)C)OC(O3)(O2)Cc7ccccc7)C(=C)C,2386,0
CC[C@@H](CC[C@H](C)[C@@H]1CC[C@@H]2[C@@]1(CC[C@@H]3[C@@H]2CCC4=CC(=O)CC[C@@]34C)C)C(C)C,2387,0
C(C(=O)C(=O)[O-])Br,2388,0
CC(=O)C1=CC[C@]2([C@H](C1)CC[C@@H]3[C@@H]2CC[C@]4([C@H]3CC[C@@H]4O)C)C,2389,0
c1c2c(cc(c1O)O[C@@H]3[C@@H]([C@@H]([C@@H]([C@@H](O3)CO)O)O)O)/[N+](=C\C=C\4/C[C@@H](NC(=C4)C(=O)[O-])C(=O)[O-])/[C@@H](C2)C(=O)[O-],2390,0
CC(C)C(=C)C/C=C(/C)\C=O,2391,0
C/C(=C/C=C/C=C(\C)/C=C\C=C(/C)\C=C=C1C(C[C@@H](C[C@@]1(C)O)O)(C)C)/C=C\C=C(/C)\C=C/[C@@]23C(C[C@@H](C[C@@]2(O3)C)O)(C)C,2392,0
C\1[C@H](NC(=C/C1=C/C=N\CC(=O)O)C(=O)O)C(=O)O,2393,0
CS(=O)CCC(C(=O)O)/N=C\C=C\1/CC(NC(=C1)C(=O)O)C(=O)O,2394,0
CC[C@H](C)[C@@H]1C(=O)O[C@@H]2N1C3=C(c4c2cc(cc4O)C)C(=O)c5cccc(c5C3=O)O,2395,0
C[C@@H]1C[C@H]2[C@H](C[C@]3([C@H]1[C@@H]4[C@H]([C@@H]3O)O4)C)C(=C)C(=O)O2,2396,0
CCCCC[C@@H](/C=C/C1=C(C(=O)CC1)CCCCCCC(=O)O)O,2397,0
CC1(CCC[C@]2([C@H]1CC=C([C@@]2(C=O)O)C=O)C)C,2398,0
CC(=CCc1c2c(c(c3c1O[C@@]45C6CC(C=C4C3=O)C(=O)C5(OC6(C)C)C/C=C(/C)\C=O)O)C=CC(O2)(C)C)C,2399,0
C(=C/C(=O)[O-])\C(=C/C(=O)[O-])\S(=O)(=O)[O-],2400,0
CN(c1ccc(cc1)OC(=O)c2ccco2)C(=O)C(Cl)Cl,2401,0
C[C@]12CC[C@H]3[C@H]([C@H]1CC[C@@H]2O)[C@@H](CC4=CC(=O)CC[C@]34C)O,2402,0
C[C@]1([C@H]2[C@@H]([C@@]34CC(=C)[C@@](C3)(CC[C@@H]4C2=CC(=O)[C@@H]1O)O)C(=O)[O-])C(=O)[O-],2403,0
C/C=C(/C(=O)O)\N,2404,0
C[C@@H]1C[C@]([C@@H]([C@H]2[C@]1([C@@H]3C=C(C(=O)[C@]3(CC(=C2)CO)O)C)O)O)(C(=C)C)O,2405,0
CC[C@@]1([C@@H](O1)CC/C(=C\CC/C(=C\C(=O)[O-])/C)/C)C,2406,0
C(C([C@@H]1C(=C(C(=O)O1)O)O)O)OP(=O)(O)O,2407,0
C/C=C(/C)\C(=O)O[C@@H]1CC(=C)[C@@H]2[C@@H]([C@@H]3[C@]([C@@]2([C@@H]4[C@@H]1C(=C)C(=O)O4)O)(O3)C)O,2408,0
C[C@H]1C(=O)N[C@H](C(=O)N(/C(=C\c2ccccc2)/C(=O)NCC(=O)N1C)C)CC(C)C,2409,0
C/C(=C/C=O)/CO,2410,0
c1cc(ccc1/C=C/C(=O)O)O[C@H]2[C@@H]([C@H]([C@@H]([C@H](O2)CO)O)O)O,2411,0
C([C@@H]1[C@H]([C@@H]([C@@H]([C@@H](O1)O)NC(=O)CI)O)O)O,2412,0
C1=C[C@H]([C@@H]([C@@H]1NCC2=C3C(=[NH+]C(=NC3=O)N)N=C2)O)O,2413,0
CC(=CCc1c(cc(c(c1O)C(=O)/C=C\c2ccc(cc2)O)OC)O)C,2414,0
C1=C[C@](OC1=O)(CC(=O)[O-])Cl,2415,0
C/C(=C\C=C\C=C(/C)\C=C\C=C(/C)\C=C\C(=O)O)/C=C/C=C(\C)/C=C/C(=O)O,2416,0
c1ccc(c(c1)C(=O)/C=C\C=C(/C(=O)O)\O)O,2417,0
CC(=O)OCC(=O)[C@]1(CC[C@@H]2[C@@]1(C[C@@H]([C@H]3[C@H]2CCC4=CC(=O)CC[C@]34C)O)C)O,2418,0
CC(=O)[C@H]1CC[C@@H]2[C@@]1(C[C@@H]3[C@]4([C@H]2CCC5=CC(=O)CC[C@@]54C)O3)C,2419,0
CC/C=C/C[C@@H]1[C@@H](C=CC1=O)CCCCCCCC(=O)[O-],2420,0
C[C@@H]1C[C@H]2C(=C1)/C=C(\C(=O)C[C@@H]3C(CC(=O)[C@]3(C2=O)C)(C)C)/C,2421,0
CC(=CCC/C(=C\CC/C(=C/CC/C=C(\C)/CC/C=C(\C)/CC[C@@H]1C(O1)(C)C)/C)/C)C,2422,0
C\1[C@@H](NC(=C/C1=C/C=[N+]\2/[C@@H](CC3=CC(=O)C(=O)C=C32)C(=O)[O-])C(=O)[O-])C(=O)[O-],2423,0
C[C@]12CC[C@H]3[C@H]([C@@H]1CCC2=O)CCC4=CC(=O)CC[C@]34CO,2424,0
CC1=C(C(=O)C(=CC1=O)CC=C(C)C)C,2425,0
C1[C@H]([C@H]([C@@H](C=C1C(=O)[O-])O)O)O,2426,0
c1cc(oc1)/C(=C/c2ccc(o2)[N+](=O)[O-])/C(=O)N,2427,0
CC12CCCC1C3CCC4CC(=O)C=CC4(C3CC2)C,2428,0
C1COP(=O)(NC1=O)N(CCCl)CCCl,2429,0
C/C(=C\C=C/C=C(/C)\C=C/C=C(\C)/C=C\C=C(/C)\C=C/C(=O)C(C)(C)OC)/C=C\C=C(/C)\C=C/C=C(\C)/C=C\C(=O)C(C)(C)OC,2430,0
C[C@]12CC[C@H]3[C@H]([C@@]1(CCC2=O)O)CCC4=CC(=O)C=C[C@]34C,2431,0
C(=C(/C(=O)[O-])\Cl)\C(=C(\C(=O)[O-])/Cl)\Cl,2432,0
C/C(=C\C=O)/CC/C=C(/C)\CO,2433,0
CCCCCCCCCCCCCCCC(=O)OCC(COP(=O)([O-])OCC[N+](C)(C)C)OC(=O)CCCC(/C=C/C=O)O,2434,0
C\1=CC(=O)O/C1=C/C(=O)[O-],2435,0
C=C(C(=O)[O-])O[P@@](=O)(C(=O)[O-])[O-],2436,0
C[C@]12CCC(=O)C=C1CC[C@H]3[C@@H]2[C@@H](C[C@@]4([C@@H]3CC[C@@H]4C(=O)CO)C=O)O,2437,0
C[C@]1(CC(=O)C=C2[C@@H]1[C@@H]([C@@]34[C@@H]2CC[C@@](C3)(C(=C)C4)O)C(=O)[O-])C(=O)[O-],2438,0
C[C@]12CCC(=O)C=C1CC[C@@H]3[C@@H]2[C@@H](C[C@@]4([C@@H]3CC[C@@]4(C(=O)CO)O)C)O,2439,0
Cc1cc2c(c(c1)O)C3=C(C(=O)c4c(cccc4O)C3=O)N5C2OC(=O)[C@@H]5C,2440,0
CC1=C(C(C(=C(N1)C)C(=O)OC)c2ccccc2[N+](=O)[O-])C(=O)OC,2441,0
COc1cc(cc(c1O)OC)/C=C/C(=O)O[C@@H]2[C@H]([C@@H]([C@H](O[C@H]2OC(=O)/C=C/c3cc(c(c(c3)OC)O)OC)CO)O)O,2442,0
c1c(c(c(c(c1Cl)Cl)O)Cl)Cl,2443,0
CC(C)CCC[C@H](C)CCC[C@@H](C)CCC/C(=C\C(=O)[O-])/C,2444,0
C/C(=C\CCC(=C)C=C)/CC/C=C(\C)/C=O,2445,0
CCCCCOC(=O)COc1cc(c(cc1Cl)F)N2C(=O)C3=C(C2=O)CCCC3,2446,0
c1ccc2c(c1)c3cccc4c3c5c2c6c(cc5cc4)[C@H]([C@@H]([C@@H]7[C@H]6O7)O)O,2447,0
C[C@]12CCC(=O)C=C1CC[C@@H]3[C@@H]2[C@H](C[C@]4([C@H]3CC[C@@H]4C(=O)CO)CO)O,2448,0
C[C@@H]([C@@H]1[C@]23[C@H](O2)[C@@H]4[C@H]5[C@]([C@H]([C@@H]6[C@H]([C@@]5(C3=CC(=O)O1)C)O6)O)(C(=O)O4)C)O[C@H]7[C@@H]([C@H]([C@@H]([C@H](O7)CO)O)O)O,2449,0
C[C@@]12[C@@H](C(=O)N[C@@]1(C(=O)O2)[C@@H]([C@@H]3CCCC=C3)O)CCCl,2450,0
CCC(=O)O[C@H]1CC[C@@H]2[C@@]1(CC[C@H]3[C@H]2CCC4=C(C(=O)CC[C@]34C)SC(=O)C)C,2451,0
Cc1c(c([nH]c1/C=C/2\C(=C(C(=O)N2)C)C=C)/C=C\3/C(=C(C(=N3)/C=C\4/C(=C(C(=O)N4)C=C)C)C)CCC(=O)[O-])CCC(=O)[O-],2452,0
C1=C(C=C(O[C@H]1O)C(=O)[O-])C(=O)[O-],2453,0
c1ccc(c(c1)C(=O)/C=C\C=C(/C(=O)O)\O)C(=O)O,2454,0
C1[C@@H](C=CC2=CC(=O)O[C@@H]21)O,2455,0
CCCCCC1=CC(=O)C=C(C1=O)OC,2456,0
CC(=CCC/C(=C/C=C\C(=C/C=C\C=C(/C)\C=C/C=C(\C)/C=C\C=C(/C)\C(=O)O[C@@H]1[C@@H]([C@@H]([C@@H]([C@@H](O1)CO)O)O)O)\C)/C)C,2457,0
COC(=O)C(=C)[C@@H]1[C@H](C[C@@]2(COC(=O)C(=C)[C@@H]2[C@H]1O)C=C)OC(=O)C(=C)CO,2458,0
C1[C@H]([C@@H]([C@@H](C=C1C(=O)[O-])O)O)O,2459,0
C=CC(=O)/C=C/C=C(/C(=O)O)\O,2460,0
CC(C)CCC[C@@H](C)[C@H]1CC[C@@H]2[C@@]1(CC[C@H]3C2C(=O)C=C4[C@@]3(CCC=C4)C)C,2461,0
C[C@@H]1CC[C@H]2[C@@H]1[C@@H](OC=C2C(=O)OC)O[C@@H]3[C@@H]([C@@H]([C@@H]([C@@H](O3)CO)O)O)O,2462,0
CCC(=O)O[C@H]1CC[C@@H]2[C@@]1(CC[C@H]3[C@H]2CCC4=C(C(=O)CC[C@]34C)F)C,2463,0
c1ccc(cc1)/C=C/C(=O)NCCc2c[nH]c3c2cc(cc3)O,2464,0
C[C@H]1[C@@H]2CN3CC[C@@]4([C@@H]3C[C@@H]2C(=CO1)C(=O)OC)c5ccccc5NC4=O,2465,0
C1=C[C@@H]([C@@H]([C@@H]1NCC2=C3C(=[NH+]C(=NC3=O)N)N=C2)O)O,2466,0
CC[C@@]1([C@@H](O1)CC/C(=C\CC/C(=C/C(=O)OC)/C)/C)C,2467,0
C1[C@@H]([C@@H](C(=O)C=C1C(=O)[O-])O)O,2468,0
c1cc(ccc1/C=C/C(=O)O[C@H]2[C@@H]([C@H]([C@@H]([C@H](O2)CO)O)O)O)O,2469,0
c1c2c(cc(c1O)O)/[N+](=C/C=C/3\C[C@H](NC(=C3)C(=O)O)C(=O)O)/[C@@H](C2)C(=O)[O-],2470,0
CC(=O)C1=CC[C@@H]2[C@@]1(CC(=O)[C@H]3[C@H]2CC[C@H]4[C@@]3(CC[C@H](C4)OC(=O)C)C)C,2471,0
C[C@@]12CC[C@H]3[C@@H]([C@@H]1CC[C@@H]2O)CCC4=CC(=O)CC[C@@]34C=O,2472,0
CC(=O)[C@H]1CC[C@@H]2[C@@]1([C@H](C[C@H]3[C@H]2CCC4=CC(=O)CC[C@]34C)O)C,2473,0
C1=C([C@@H]([C@@H]([C@@H](C1=O)O)O)O)CO,2474,0
C[C@]12CC[C@@H]3[C@@H]([C@@H]1CC[C@@H]2O)CCC4=CC(=O)CC[C@@]34C=O,2475,0
CC(=CCC/C(=C/CC/C(=C\CC/C=C(\C)/CC/C=C(\C)/CC[C@@H]1C(O1)(C)C)/C)/C)C,2476,0
C[C@H]1C[C@H]2[C@@H]3CC[C@@H]([C@]3(C[C@@H]([C@@]2([C@@]4(C1=CC(=O)CC4)C)F)O)C)C(=O)C,2477,0
c1cc(ccc1C[C@@H](C(=O)[O-])OC(=O)/C=C\c2ccc(cc2)O)O,2478,0
C[C@]12CCC(=O)C=C1C[C@H]([C@@H]3[C@]24[C@H](O4)C[C@]5([C@H]3CC[C@@]56CCC(=O)O6)C)C(=O)OC,2479,0
C(=C(\C(=O)[O-])/F)\C(=O)[O-],2480,0
C1=CC(OC1=O)(CC(=O)O)F,2481,0
C=C(C(=O)O)O[C@@H]1CC(=C[C@H]([C@H]1O)OP(=O)(O)O)C(=O)O,2482,0
CC(=CC[C@@H](C1=CC(=O)c2c(ccc(c2C1=O)O)O)O)C,2483,0
C/C/1=C/[C@@H]2[C@@H]([C@@H](C[C@@]3([C@H](C[C@]1(O3)O)O)C)OC(=O)C(=C)C)C(=C)C(=O)O2,2484,0
CO/N=C(/c1csc(n1)N)\C(=O)N[C@H]2[C@@H]3N(C2=O)C(=C(CS3)C[n+]4cccc5c4CCC5)C(=O)[O-],2485,0
C/C=C/C=C/C(=O)c1ccccc1,2486,0
C(=C\C(=C(/C(=O)[O-])\N)\C(=O)[O-])\C=O,2487,0
C[C@@]12CCC(=O)C=C1CC[C@@H]3[C@@H]2CC[C@@]4([C@@H]3CCC4=O)C,2488,0
CC(=O)O[C@@H]1CC(=C)[C@@H](CC[C@@]2([C@H](O2)[C@@H]3[C@@H]1C(=C)C(=O)O3)C)OO,2489,0
c1cc(ccc1C(c2ccc(cc2)Cl)(C(Cl)(Cl)Cl)O)Cl,2490,0
C[C@@H]1C[C@]2([C@H]3[C@H]4[C@]1([C@@H]5C=C(C(=O)[C@]5([C@@H]([C@@]6([C@H]4O6)CO)O)O)C)OC(O3)(O2)c7ccccc7)C(=C)C,2491,0
C1C(CC(=O)C=C1O)O,2492,0
Cn1c(nnn1)SCC2=C(N3[C@@H]([C@@](C3=O)(NC(=O)CSCC#N)OC)SC2)C(=O)[O-],2493,0
C[C@@H]1C[C@@]2([C@@H]3[C@@H](CCC2=CC1=O)[C@@H]4CC[C@]([C@]4(C[C@H]3O)C)(C)O)C,2494,0
COC1=CC(=O)C=C(C1=O)OC,2495,0
Cc1c(c([nH]c1/C=C/2\C(=C(C(=O)N2)C)C=C)/C=C/3\C(=C(C(=N3)C[C@@H]4C(=C(C(=O)N4)C=C)C)C)CCC(=O)[O-])CCC(=O)[O-],2496,0
C1C/C(=C\C(=O)C(=O)[O-])/C=C[C@H]1O,2497,0
CC\1=CC(=O)CC(/C1=C\C=C(/C)\C=C\C=C(/C)\C=C\C=C\C(=C\C=C\C(=C\C=C/2\C(=CC(=O)CC2(C)C)C)\C)\C)(C)C,2498,0
C(=C\C=O)\C=C(/C(=O)[O-])\N,2499,0
CC1=C(C(CCC1=O)(C)C)/C=C/C(=C/C=C\C(=C/C=C\C=C(/C)\C=C/C=C(\C)/C=C\C2=C(C(=O)CCC2(C)C)C)\C)/C,2500,0
CC1(CCC2=C(O1)c3ccccc3C(=O)C2=O)C,2501,0
C([C@@H]1[C@H]([C@@H]([C@H]([C@H](O1)OC2=C([C@H](OC2=O)[C@H](CO)O)O)O)O)O)O,2502,0
CC(=CCc1c(ccc(c1O)C(=O)/C=C/c2ccc(cc2)O)O)C,2503,0
c1cc(ccc1C(=O)/C=C\C=C(\C(=O)O)/O)Cl,2504,0
c1cc(c(cc1/C=C\C(=O)O[C@H]2CC(=C[C@@H]([C@@H]2O)O)C(=O)[O-])O)O,2505,0
C1[C@H]([C@H]([C@@H](C=C1C(=O)[O-])OP(=O)([O-])[O-])O)O,2506,0
C[C@]12CCC(=O)C=C1C=C[C@@H]3[C@@H]2CC[C@]4([C@H]3CCC(=O)O4)C,2507,0
C[C@H](CCCC(C)C(=O)O)[C@H]1CC[C@@H]2[C@@]1(CC[C@H]3[C@H]2[C@@H](CC4=CC(=O)CC[C@]34C)O)C,2508,0
C/C(=C/C=C(/C(=O)[O-])\O)/C=O,2509,0
Cc1cc2c(o1)C(=O)C(=CC2=O)OC,2510,0
CC(=O)OCC(=O)[C@]1([C@@H](C[C@@H]2[C@@]1(C[C@@H]([C@]3([C@H]2CCC4=CC(=O)C=C[C@@]43C)F)O)C)OC(=O)C)O,2511,0
COC(=O)C1=CO[C@H]([C@H]([C@@H]1C[C@@H]2c3c(c4ccccc4[nH]3)CCN2)C=C)O[C@@H]5[C@@H]([C@@H]([C@@H]([C@@H](O5)CO)O)O)O,2512,0
CC1=CC(=O)CC([C@@]1(/C=C\C(=C\C(=O)O[C@@H]2[C@@H]([C@@H]([C@@H]([C@@H](O2)CO)O)O)O)\C)O)(C)C,2513,0
C1C(C=CC=C1C(=O)O)N,2514,0
CC(C)/C=C/C=C/[C@@H](C)c1nc(cs1)c2nc(cs2)/C=C\[C@@H]([C@@H](C)/C(=C\C(=O)N)/OC)OC,2515,0
Cc1c(c([nH]c1/C=C\2/C(=C(C(=O)N2)C)C=C)/C=C/3\C(=C(C(=N3)C[C@@H]4C(=C(C(=O)N4)C=C)C)C)CCC(=O)[O-])CCC(=O)[O-],2516,0
CC(=O)[C@H]1CC[C@@H]2[C@@]1(C[C@@H]([C@H]3[C@H]2CCC4=CC(=O)CC[C@]34C)O)C,2517,0
CCCCCC/C=C/C=O,2518,0
CC1=CCCC(C1/C=C/C(=O)C)(C)C,2519,0
C[C@H]1[C@@H]2C[n+]3ccc4c5ccccc5[n-]c4c3C[C@@H]2C(=CO1)C(=O)OC,2520,0
c1(nc(nc(n1)Cl)O)N,2521,0
c1(nc(nc(n1)Cl)O)O,2522,0
c1cc(ccc1/C=C\C(=O)O[C@H]2CC(=C[C@@H]([C@@H]2O)O)C(=O)[O-])O,2523,0
CC1=C(C(C[C@@H](C1=O)O)(C)C)/C=C\C(=C\C=C/C(=C\C=C/C=C(\C)/C=C\C=C(/C)\C=C/C=C(\C)/C=C\C=C(C)C)/C)\C,2524,0
COc1cc(ccc1O)/C=C/C(=O)NCC(=O)O,2525,0
C/C(=C\C=C\C=C(/C)\C=O)/C=C\C=C(/C)\C(=C1C(C[C@@H](C[C@@]1(C)O)O)(C)C)C,2526,0
C(CCl)Cl,2527,0
C/C(=C\C=C\C=C(\C)/C=C\C=O)/C=C\C=O,2528,0
CO[C@@]1([C@@H]2N(C1=O)C(=C(CS2)COC(=O)N)C(=O)O)NC(=O)CCC[C@H](C(=O)O)N,2529,0
C(=C\C(=O)O)\C(=C/C(=O)O)\F,2530,0
C/C(=C\C=C\C=C(/C)\C=C/C=C(\C)/C=C\C(=O)[C@@]1(C[C@@H](CC1(C)C)O)C)/C=C\C=C(/C)\C=C/C(=O)[C@@]2(C[C@@H](CC2(C)C)O)C,2531,0
C(=C\C(=O)O)\C(=C/C(=O)O)\O,2532,0
C1[C@@H]2[C@H]([C@H]([C@@H](O2)n3c4c(c(=O)[nH]c(n4)N)nc3Br)O)OP(=O)(O1)O,2533,0
C1C/C(=C/C(=O)C(=O)[O-])/C=C[C@H]1O,2534,0
CC1=C(C2C(CCC1(C2CO)C)C(C)C)C=O,2535,0
CC1=C2CC=C([C@H]2[C@@H]([C@@H](CC1)[C@H](C)CCC3C(O3)(C)C)O)C,2536,0
C/C(=C\C=C\C=C(/C)\C=C/C=C(\C)/C=C=C1C(C[C@@H](C[C@@]1(C)O)O)(C)C)/C=C\C=C(/C)\C=C/[C@@]23C(C[C@@H](C[C@@]2(O3)C)O)(C)C,2537,0
C([C@H](/C=C/C(=O)C(=O)[O-])C(=O)[O-])C(=O)[O-],2538,0
C([C@@H](C(=O)[O-])[NH3+])Cl,2539,0
C[C@@H]1C=C(C(=O)[C@]2([C@H]1C[C@@H]3[C@@]4([C@@H]2[C@@H]([C@H]([C@@]([C@@H]4CC(=O)O3)(C)O)O)O)C)C)OC,2540,0
c1cc(cc(c1)O)/C=C/C(=O)O,2541,0
CC1(C2=CC[C@H]3[C@@]4(C[C@H]([C@@H]([C@]4(CC(=O)[C@]3([C@@H]2C=C(C1=O)O)C)C)[C@](C)(C(=O)/C=C/C(C)(C)O)O)O)C)C,2542,0
C(C(=O)/C=C\C(=O)[O-])C(=O)[O-],2543,0
C=C(CCC(=O)O)C(=O)O,2544,0
C[C@]12CCC(=O)C=C1CC[C@@H]3[C@@H]2CC[C@]4([C@H]3C[C@H]([C@@H]4C(=O)CO)O)C,2545,0
Cc1ccc2c(c1)C(=O)C(=CC2=O)C,2546,0
C1=CC(=CC2C1O2)Br,2547,0
c1ccc(cc1)[C@H](C(=O)N[C@H]2[C@@H]3N(C2=O)C(=C(CS3)C[n+]4ccc(cc4)C(=O)N)C(=O)[O-])S(=O)(=O)[O-],2548,0
C\1[C@@H](NC(=C/C1=C/C=O)C(=O)[O-])C(=O)[O-],2549,0
c1c2c([n-]c1C(=O)[O-])C3=C(C(=O)C2=O)N=C(C[C@@H]3C(=O)[O-])C(=O)[O-],2550,0
C(/C(=C/C=C(\C(=O)O)/O)/C=O)C(=O)O,2551,0
CC1=C(N2[C@@H]([C@H](C2=O)NC(=O)[C@@H](c3ccc(cc3)O)N)SC1)C(=O)[O-],2552,0
CC1=C(C(C[C@@H](C1=O)O)(C)C)/C=C/C(=C/C=C\C(=C/C=C\C=C(/C)\C=C/C=C(\C)/C=C\C=C(/C)\C=C/C=C(C)C)\C)/C,2553,0
C[C@]12C[C@@H]([C@H]3[C@H]([C@@H]1CC[C@@]2(C(=O)CO)O)CCC4=CC(=O)C=C[C@]34C)O,2554,0
CC1=CC(=O)C[C@@]([C@]1(/C=C/C(=C\C(=O)O)/C)O)(C)C,2555,0
C=C(C(=O)[O-])OP(=O)([O-])[O-],2556,0
C(=C\C(=O)[O-])\C(=C\C(=O)[O-])\S(=O)(=O)[O-],2557,0
C[C@@H]1CC(=O)C=C([C@]12CC[C@@H](C2)C(=C)C)C,2558,0
CC(=O)[C@H]1CC[C@@H]2[C@@]1([C@H]([C@@H]([C@H]3[C@H]2CCC4=CC(=O)CC[C@]34C)O)Br)C,2559,0
C=C1[C@H](C[C@H]2[C@@H]1[C@@H](OC=C2C(=O)O)O[C@H]3[C@@H]([C@H]([C@@H]([C@H](O3)CO)O)O)O)O,2560,0
CCc1c(c([nH]c1/C=c\2/c(c3c(=C([C@H](C3=O)C(=O)OC)C4=N/C(=C\C5C(=C(C(=O)N5)C=C)C)/[C@H]([C@@H]4CCC(=O)O)C)[nH]2)C)C=O)C,2561,0
C(=C/C(=O)/C=C/C(=O)[O-])\C=C(/C(=O)[O-])\O,2562,0
C[C@@H]1[C@](O1)(C)C(=O)O[C@@H]2/C=C(\[C@H](C[C@@H](/C(=C\[C@@H]3[C@@H]2C(=C)C(=O)O3)/C)OC(=O)C)O)/C,2563,0
C(C(=O)/C=C(/C(=O)[O-])\Cl)C(=O)[O-],2564,0
C/C=C/CC/C(=C\CC/C(=C\CC/C(=C\CC/C(=C\CC/C(=C\CC/C(=C\CC/C(=C\CC1=CC(=O)C=C(C1=O)OC)/C)/C)/C)/C)/C)/C)/C,2565,0
c1cc(ccc1CBr)[N+](=O)[O-],2566,0
CC1CCC(CC1)NC(=O)N(CCCl)N=O,2567,0
CC(C)CNC(=O)/C=C/C=C/Cc1ccccc1,2568,0
CC(=O)OC[C@H]([C@H](c1ccc(cc1)[N+](=O)[O-])O)NC(=O)C(Cl)Cl,2569,0
CC1=C(C(C[C@H](C1)O)(C)C)/C=C\C(=O)C,2570,0
CC(C)[C@H](C(=O)[O-])NC(=O)[C@@H](CNC(=O)/C=C/C(=O)OC)[NH3+],2571,0
c1cc2ccc3=CC4C(O4)c5c3c2c(c1)cc5,2572,0
C/C=C/1\[C@H]2[C@@]3(C=C[C@H]4[C@@H]3[C@@H](O2)O[C@@H]([C@H]4C(=O)OC)O)OC1=O,2573,0
C[C@H]1[C@@H](CCC2=CC(=O)[C@]3([C@@H]([C@]12C)O3)C(=C)CO)O,2574,0
CC1=C(C[C@H](O[C@]1(C(Br)Br)O)/C(=C\Cl)/C)Cl,2575,0
CC[C@@H]1[C@@H](/C=C/C(=O)[C@@H](C[C@@H]([C@@H]([C@H](C(=O)O1)C)O)C)C)C,2576,0
C1C(O1)CCl,2577,0
CC[C@@H](C)C[C@@H](C)/C=C(\C)/C=C/C=C/C(=C\1/C(=O)C(NC1=O)C(c2ccc(cc2)O)O)/O,2578,0
C(/C=C\C(=O)[O-])C(=O)C(=O)[O-],2579,0
CC(=C)C(=O)OCC(COc1ccc(cc1)C(C)(C)c2ccc(cc2)OCC(COC(=O)C(=C)C)O)O,2580,0
c1ccc(c(c1)/C=C/C(=O)C(=O)O)O,2581,0
CC(=CCC/C(=C/CC/C(=C\C(=O)[O-])/C)/C)C,2582,0
COC(=O)C1=CO[C@H]([C@@H]([C@@H]1C[C@@H]2c3cc(c(cc3CCN2)O)O)C=C)O[C@H]4[C@@H]([C@H]([C@@H]([C@H](O4)CO)O)O)O,2583,0
CC/C=C\C#CC(=O)c1ccc(o1)/C=C/C(=O)OC,2584,0
CC(=CC(=O)O[C@@H]1[C@@H](c2c(ccc3c2oc(=O)cc3)OC1(C)C)OC(=O)C)C,2585,0
C(COP(=O)(NCCCl)NCCCl)C=O,2586,0
C[C@@H]1C[C@H]2[C@@H]3CCC4=CC(=O)CC[C@@]4([C@]3([C@H](C[C@@]2([C@H]1C(=O)C)C)O)Br)C,2587,0
CC(C)[C@@H](C)[C@@H]([C@@H]([C@@H](C)[C@@H]1CC[C@@H]2[C@@]1(CC[C@@H]3[C@@H]2CCC4=CC(=O)CC[C@@]34C)C)O)O,2588,0
CN1CC[C@]23C=C(C(=O)C=C2[C@H]1Cc4c3cc5c(c4)OCO5)OC,2589,0
C/C(=C\C=O)/CC/C=C(\C)/C=O,2590,0
CC(=O)O[C@H]1CC[C@]2([C@H](C1)CC[C@@H]3[C@@H]2CC[C@]4([C@H]3CC(=C4)C=O)C)C,2591,0
c1ccc(c(c1)/C=C\C(=O)C(=O)[O-])O,2592,0
C[C@]12CCC(=O)C=C1CC[C@@H]3[C@@H]2C(=O)C[C@]4([C@H]3CCC4=O)C,2593,0
CC(=C)C(=O)Oc1ccc(cc1)C(C)(C)c2ccc(cc2)OC(=O)C(=C)C,2594,0
CC1=CC(=O)[C@H]([C@]2([C@H]1C[C@@H]3[C@]45[C@@H]2[C@H]([C@@H]([C@]([C@@H]4[C@H](C(=O)O3)OC(=O)C)(OC5)C(=O)OC)O)O)C)O,2595,0
C[C@]1(C2=C(Cc3cccc(c3C2=O)O)C[C@@H](O1)CC(=O)[O-])O,2596,0
C[C@]12CC[C@]3([C@H]([C@@H]1CCC2=O)CCC4=CC(=O)C=C[C@@]43C)O,2597,0
C[C@@]12CCC(=O)C=C1CC[C@H]3[C@@H]2[C@@H](C[C@@]4([C@@H]3CC[C@@]4(C(=O)CO)O)C)O,2598,0
C1=CC(=C([C@@H]([C@@H]1O)O)C(=O)[O-])C(=O)[O-],2599,0
C[C@H]1[C@@H]([C@H]([C@@H]([C@@H](O1)O[C@H]2CC[C@]3([C@@H](C2)CC[C@@H]4[C@@H]3CC[C@]5([C@@]4(CC[C@@H]5C6=CC(=O)OC6)O)C)C)O)OC)O,2600,0
C(=C(/C(=O)[O-])\Cl)\C(=O)[C@@H](C(=O)[O-])Cl,2601,0
C/C(=C(/C=C(\C(=O)O)/O)\O)/C=O,2602,0
C[C@H]1[C@@H]2[C@@H]([C@@H]3[C@@]4([C@@H](CC(=O)[C@]3([C@H]1C(=O)O2)C)C(=CC(=O)[C@H]4O)C)C)O,2603,0
c1cc2c3c(ccc4c3c1C=CC4=O)C=CC2=O,2604,0
c1c([nH+]c[nH]1)/C=C/C(=O)[O-],2605,0
c1cc2c(cc1C[C@H]\3COC(=O)/C3=C/c4ccc5c(c4)OCO5)OCO2,2606,0
C/C/1=C\C[C@H](/C(=C/[C@H]([C@H]2[C@H](C1)OC(=O)C2=C)OC(=O)C)/C)OC(=O)C,2607,0
C[C@@]1(CO1)[C@H]2Cc3c(cc(c4c3oc5c(c4=O)cccc5O)OC)O2,2608,0
CC1=CC(=O)CC(C1(/C=C/C(=O)C)O)(C)C,2609,0
C(=C/C(=O)[O-])\C(=O)NC=O,2610,0
C([C@@H]([C@@H]1C(=C(C(=O)O1)OP(=O)([O-])[O-])O)O)O,2611,0
C[C@]12CC[C@H]3[C@H]([C@@H]1CC[C@@H]2OC(=O)CCC4CCCC4)CCC5=CC(=O)CC[C@H]35,2612,0
C[C@]12[C@H]3[C@@H](CC[C@H]4[C@@]1([C@@H](CC2=O)OC4)O)C(=C)C(=O)O3,2613,0
CC(=C)[C@@H]1[C@@H]2[C@H]([C@]3([C@@]4(CO4)[C@H]5[C@@H]([C@]3([C@H]1C(=O)O2)O)O5)C)O,2614,0
CC[C@@H](C)C[C@@H](C)/C=C(\C)/C=C/C=C/C(=O)c1c(c(cn(c1=O)O)[C@]2(CC[C@@H](CC2)O)O)O,2615,0
C(=C\C(=C(/C(=O)O)\O)\C(=O)O)\C=O,2616,0
CC(=O)NC(CCCCN)C(=O)CCl,2617,0
C/C(=C/COC(=O)C)/C(=O)O[C@@H]1C[C@]2(CO2)[C@H]3[C@@H]([C@@H]4[C@@H]1C(=C)C(=O)O4)[C@]5([C@@H]([C@H]3O)O5)C,2618,0
C(Cl)(Cl)(Cl)Cl,2619,0
COC(=O)C1=CO[C@H]([C@@H]([C@@H]1C[C@H]2c3cc(c(cc3CCN2)O)O)C=C)O[C@H]4[C@@H]([C@H]([C@@H]([C@H](O4)CO)O)O)O,2620,0
CC1C[C@]2(C(=CC1=O)CC[C@@H]3[C@@]2([C@H](C[C@]4([C@H]3CC[C@]4(C)O)C)O)F)C,2621,0
C[C@]12CC[C@H]3[C@H]([C@@H]1CC[C@@H]2OC(=O)CCc4ccccc4)CCC5=CC(=O)CC[C@H]35,2622,0
CC(=O)[C@]1(CC[C@@H]2[C@@]1(CC[C@H]3[C@H]2CCC4=CC(=O)CC[C@]34C)C)O,2623,0
c1cc(c(cc1O)Cl)c2cc(c(c(c2Cl)Cl)Cl)Cl,2624,0
c1cc(ccc1/C=C\C(=O)O[C@@H]2C[C@@](C[C@@H]([C@@H]2O)O)(C(=O)[O-])O)O,2625,0
C[C@H]1C[C@H]2[C@@H]3CCC4=CC(=O)CC[C@@]4([C@H]3CC[C@@]2([C@H]1C(=O)C)C)C,2626,0
CCC(C)C(=O)O[C@H]1C[C@]([C@H]2[C@@H](C=C([C@H]2[C@H]3[C@@H]1[C@](C(=O)O3)(C)OC(=O)C)C)OC(=O)/C(=C\C)/C)(C)OC(=O)C,2627,0
C(=C(\C=O)/C(=O)[O-])\C=C(/C(=O)[O-])\O,2628,0
CC(C)CC(=O)OCC1=CO[C@H]([C@H]2C1=C[C@@H]([C@]23CO3)OC(=O)C)OC(=O)CC(C)C,2629,0
c1cc(ccc1c2c(c(c(c(c2Cl)Cl)O)Cl)Cl)O,2630,0
CN1C(Nc2cc(c(cc2S1(=O)=O)S(=O)(=O)N)Cl)CCl,2631,0
c1ccc2c(c1)ccc3c2ccc4c3c5c(cc4)C(C(C6C5O6)O)O,2632,0
CC(=O)[C@]1(CC[C@@H]2[C@@]1(CC[C@@H]3[C@@H]2CCC4=CC(=O)CC[C@@]34C)C)O,2633,0
COP(=S)(OC)Oc1c(cc(c(n1)Cl)Cl)Cl,2634,0
C1COP(=O)(NC1SCC(C(=O)NCC(=O)O)NC(=O)CCC(C(=O)O)N)N(CCCl)CCCl,2635,0
CC1([C@@H]2[C@H]1C(=O)[C@@]([C@@H]3[C@H]2O3)(C)O)C,2636,0
CC1=CC(=O)[C@@H](C1(C)C)CC(=O)[O-],2637,0
C[C@H]1C=CC(=O)N1C(=O)/C=C(\CCNC(=O)CC/C=C/C(C)CC/C(=C/Cl)/CCCC#CBr)/OC,2638,0
C/C=C(/C)\C(=O)O[C@]1([C@@H]2[C@H](C/C(=C/CC/C(=C/[C@@H]2OC1=O)/C)/C)OC(=O)C)C,2639,0
C=C[C@H]1[C@@H](OC=C2[C@]1(CCOC2=O)O)O[C@H]3[C@@H]([C@H]([C@@H]([C@H](O3)CO)O)O)O,2640,0
C[C@@H]1CC2=CC(=O)CC[C@@]2([C@@H]3[C@@H]1[C@@H]4CC[C@@H]([C@]4(CC3)C)C(=O)C)C,2641,0
CC(=O)N[C@H]1[C@H]([C@@H]([C@@H](O[C@@H]1O)COS(=O)(=O)[O-])O)O[C@@H]2[C@@H]([C@@H](C=C(O2)C(=O)[O-])O)O,2642,0
C[C@]12CC[C@@H]3[C@@H]([C@@H]1CCC2=O)CCC4=CC(=O)CC[C@@]34CO,2643,0
COC(=O)/C=C/C(=O)NC[C@H](C(=O)N[C@@H](Cc1ccccc1)C(=O)[O-])[NH3+],2644,0
CC12C(=O)c3ccccc3C(=O)C1(O2)C,2645,0
C(Cl)Br,2646,0
CC1([C@H](C[C@H]2[C@]3([C@@H]1[C@@H](OC3)O)[C@@H]4CC[C@@H]5C[C@]4(C(=O)C5=C)C(=O)O2)O)C,2647,0
CC(=O)[C@H]1CC[C@@H]2[C@@]1(CC[C@H]3[C@H]2CCC4=CC(=O)C[C@]34C)C,2648,0
C(CC(=O)O)/C(=C\C(=O)O)/C(=O)O,2649,0
CCO[C@@H]1C[C@@H]2[C@H]([C@H](O1)OCC)[C@@]3([C@H]([C@H]2OC(=O)c4ccc(cc4)O)O3)CO,2650,0
C[C@]12CC[C@H]3[C@H]([C@@H]1CC[C@@H]2OC(=O)CCc4ccccc4)CCC5=CC(=O)CC[C@]35C,2651,0
C[C@H]1C[C@H]2[C@@H]3CC[C@@]([C@]3(C[C@@H]([C@@H]2[C@@]4(C1=CC(=O)C=C4)C)O)C)(C(=O)COC(=O)C)O,2652,0
CC(=O)OC(C)(C)/C=C/C(=O)[C@@](C)([C@H]1[C@@H](C[C@@]2([C@@]1(CC(=O)[C@@]3([C@H]2CC=C4[C@H]3C[C@H]([C@H](C4(C)C)O)O)C)C)C)O)O,2653,0
CC(C)C1=CC=C([C@H]([C@H]1O)O)C(=O)[O-],2654,0
CC[C@@H]1C[C@H]2[C@H](CCC2=O)C(=C1)C(=O)N[C@]3(C[C@@H]3CC)C(=O)O,2655,0
C[C@]12CC[C@H]3[C@H]([C@@H]1CC[C@@H]2O)CCC4=CC(=O)CC[C@]34C=O,2656,0
C[C@]12CC[C@H]3[C@H]([C@@H]1CC[C@]2(C#C)O)CCC4=CC(=O)CC[C@]34O,2657,0
C/C/1=C\[C@@H]2[C@@H]([C@@H](C/C(=C/CC1)/C)O)C(=C)C(=O)O2,2658,0
c1ccc(c(c1)C(=O)/C=C\C=C(/C(=O)O)\O)N,2659,0
C[C@@H]1C(=O)[C@@H]([C@@]2([C@@H]([C@@]13C[C@H](OC3=O)c4ccoc4)CCC[C@]25CO5)COC(=O)C)OC(=O)C,2660,0
c1cc(ccc1C(c2ccc(cc2)Cl)C(Cl)Cl)Cl,2661,0
C1[C@@H]2N(C1=O)[C@@H](/C(=C/C=O)/O2)C(=O)[O-],2662,0
C[C@@]12CC[C@@H]3C(=O)O[C@H](C[C@]3([C@@H]1[C@H]4[C@H]5[C@@H]([C@@]2(C(=O)O4)O)O5)C)c6ccoc6,2663,0
CC(=O)OCC(=O)[C@]1(CC[C@@H]2[C@@]1(CC(=O)[C@H]3[C@H]2CCC4=CC(=O)C=C[C@]34C)C)O,2664,0
C[C@]12CC[C@@H]3[C@@H]([C@@H]1CCC2=O)CCC4=CC(=O)CC[C@@]34C=O,2665,0
C[C@@H]1[C@H]([C@@]2([C@@H](C2(C)C)[C@H]3[C@]1([C@@H]4C=C(C(=O)[C@]4(CC(=C3)CO)O)C)O)O)O,2666,0
C[C@@]1([C@@H]2[C@@H]([C@@]34CC(=C)[C@@](C3)(CC[C@@H]4C2=CC(=O)[C@@H]1O)O)C(=O)[O-])C(=O)[O-],2667,0
C(/C(=C/C(=O)C(=O)[O-])/COP(=O)([O-])[O-])O,2668,0
CC(=O)[C@]1(CC[C@@H]2[C@@]1(C[C@@H]([C@H]3[C@H]2C[C@@H](C4=CC(=O)CC[C@]34C)F)O)C)O,2669,0
C(=C/C(=O)[O-])\C(=C/C(=O)[O-])\Cl,2670,0
C([C@@H](C(=O)[O-])[NH3+])/C(=C\C=O)/C=C(\C(=O)[O-])/O,2671,0
c1cc(c(c(c1)O)O)/C=C\C(=O)[O-],2672,0
COC(=O)C1=CO[C@H]([C@H]2[C@@H]1C[C@@H]([C@@H]2CO)O)O[C@H]3[C@@H]([C@H]([C@@H]([C@H](O3)CO)O)O)O,2673,0
Cn1c(nnn1)SCC2=C(N3[C@@H]([C@@](C3=O)(NC(=O)CSCC#N)OC)SC2)C(=O)O,2674,0
CC/C=C\CC1=C([C@H](CC1=O)OC(=O)[C@@H]2[C@H](C2(C)C)C=C(C)C)C,2675,0
c1c2c(cc(c1O[C@H]3[C@@H]([C@H]([C@@H]([C@H](O3)COS(=O)(=O)[O-])O)O)O)O)/[N+](=C/C=C/4\C[C@@H](NC(=C4)C(=O)O)C(=O)O)/[C@@H](C2)C(=O)O,2676,0
CC(C)CCC[C@@H](C)CCC[C@@H](C)CCC/C(=C\CC1=CC(=O)c2ccccc2C1=O)/C,2677,0
c1ccc(cc1)/C=C\C=O,2678,0
CC#C[C@@]1(CC[C@@H]2[C@@]1(CC[C@H]3[C@H]2C[C@@H](C4=CC(=O)CC[C@]34C)C)C)O,2679,0
CC1=CC(=O)C=CC1=O,2680,0
C[C@@H]1[C@@H]2[C@H](C[C@]3([C@@H](O3)[C@H]4[C@H](O4)C5=C[C@H]2OC5=O)C)OC1=O,2681,0
COc1cc(cc(c1O)OC)/C=C/C(=O)OC(C(=O)O)C(=O)O,2682,0
CCC[C@H]1[C@@H](C(=O)C[C@@H](/C(=C\C)/CC2=C1C(=O)OC2=O)O)O,2683,0
C[C@]12C[C@@H]([C@@H]3c4ccc(cc4CC[C@H]3[C@@H]1CC[C@@H]2O)O)CCl,2684,0
C1CNCC=C1C(=O)O,2685,0
CC(=O)N[C@@H]1[C@H]([C@H]([C@H](OC1O)COS(=O)(=O)O)O)O[C@H]2[C@@H]([C@H](C=C(O2)C(=O)O)O)O,2686,0
CN1CC[C@@]23C=C(C(=O)C=C2[C@@H]1CCc4c3c(c(c(c4)OC)O)OC)OC,2687,0
C[C@]12CC[C@H]3[C@H]([C@@H]1CC[C@]2(C)O)CCC4=CC(=O)CC[C@H]34,2688,0
CC(=CC(=O)OC(C)(C)[C@@H]1Cc2c(ccc3c2oc(=O)cc3)O1)C,2689,0
COC(=O)C1=CO[C@H]([C@@H]([C@@H]1C[C@H]2c3c(c4ccccc4[nH]3)CCN2)C=C)O,2690,0
COc1cc(ccc1O)/C=C/C(=O)OC2[C@H](CC(C[C@@H]2O)(C(=O)[O-])O)O,2691,0
CC1=C2C(=Cc3cccc(c3C2=O)O)C[C@H](O1)CC(=O)O,2692,0
c1cc2c3c(ccc4c3c1C=CC4=O)C(=O)C=C2,2693,0
C1[C@H]([C@@H]([C@@H](C=C1C(=O)[O-])OP(=O)([O-])[O-])O)O,2694,0
CC(=O)OCC1=C(N2[C@@H]([C@@H](C2=O)NC(=O)CCCC(=O)[O-])SC1)C(=O)[O-],2695,0
C=C1C[C@@H]2[C@@]3([C@@H]([C@@]14C[C@H](OC4=O)c5ccoc5)CCC=C3C(=O)O2)CO,2696,0
c1cc(ccc1/C=C\C(=O)O[C@H]2C[C@@](C[C@@H]([C@@H]2O)O)(C(=O)[O-])O)O,2697,0
C[C@@H]1C[C@H]2[C@@H]3C[C@@H](C4=CC(=O)C=C[C@@]4([C@H]3[C@H](C[C@@]2([C@]1(C(=O)CO)O)C)O)C)F,2698,0
c1cc(ccc1C(=C(Cl)Cl)C(=O)O)Cl,2699,0
CC1=C(C(=O)C(=CC1=O)OC)C/C=C(\C)/CC/C=C(\C)/CC/C=C(\C)/CC/C=C(\C)/CC/C=C(\C)/CCC=C(C)C,2700,0
c1cc(c(cc1/C=C/C(=O)NCCCCN(CCCNC(=O)/C=C/c2ccc(c(c2)O)O)C(=O)/C=C\c3ccc(c(c3)O)O)O)O,2701,0
C1=CC(=O)C(=O)C=C1/C=C/C(=O)[O-],2702,0
C[C@@H]1C[C@]2([C@H]3[C@H]4[C@]1([C@@H]5C=C(C(=O)[C@]5(CC(=C4)COC(=O)Cc6ccc(cc6OC)O)O)C)OC(O3)(O2)Cc7ccccc7)C(=C)C,2703,0
C1[C@H]([C@@H](C(=O)C=C1C(=O)O)O)O,2704,0
CC1(CCC(c2c1ccc(c2)C3CCCc4c3cc(o4)/C=C/C(=O)O)(C)C)C,2705,0
C[C@]12CCC(=O)C=C1CC[C@@H]3[C@@]24[C@@H](O4)C[C@]5([C@H]3CCC5=O)C,2706,0
c1cc2c3c(=CC4C2O4)ccc5c3c1ccc5O,2707,0
CC1=C(N2[C@@H]([C@@H](C2=O)NC(=O)[C@@H](C3=CCC=CC3)[NH3+])SC1)C(=O)[O-],2708,0
C[C@]12CC[C@H]3[C@H]([C@@H]1CC[C@@H]2OC(=O)c4ccccc4)CC5=CC(=O)CC[C@]35C,2709,0
C=C[C@@H]1[C@@H]2CCOC(=O)C2=CO[C@H]1O[C@H]3[C@@H]([C@H]([C@@H]([C@H](O3)CO)O)O)O,2710,0
CC(C)CC(=O)C[C@@H](C)[C@@H]1CCC(=CC1)C(=O)OC,2711,0
C(=C(/C(=O)[O-])\Cl)\C(=C(/C(=O)[O-])\Cl)\Cl,2712,0
C/C=C(\C)/C(=O)O[C@H]1CCN2C[C@@H]3C[C@@H]([C@@H]2C1)CN4[C@@H]3CCCC4=O,2713,0
CCCCC[C@@H](/C=C/C=C\C=C\C=C\[C@H]1[C@@H](O1)CCCC(=O)O)O,2714,0
C1=CC(OC1=O)(CC(=O)O)Cl,2715,0
CC(C)C(=O)/C=C\C(=C(/C(=O)O)\O)\C(=O)O,2716,0
c1ccc(c(c1)/C=C/C(=O)[O-])O,2717,0
c1cc(ccc1/C=C/C(=O)NCCCCNC(=N)N)O,2718,0
C[C@@]12CC[C@@H]3C(=CC(=O)[C@@H]4[C@@]3(C[C@@H]([C@@H](C4)O)O)C)[C@@]1(CC[C@@H]2[C@@](C)([C@@H](CCC(C)(C)O)O)O)O,2719,0
C(C(=O)CC(=O)O)C(=O)/C=C\C(=O)O,2720,0
C[C@]12CC[C@@H]3c4ccc(cc4CC[C@H]3[C@@H]1CC[C@@H]2O)OC(=O)N(CCCl)CCCl,2721,0
CC(C)CCC(=O)O[C@H]1CC[C@@H]2[C@@]1(CC[C@H]3[C@H]2CCC4=CC(=O)CC[C@]34C)C,2722,0
CC(=O)OCC1=C(N2[C@H]([C@@H](C2=O)NC(=O)Cc3cccs3)SC1)C(=O)[O-],2723,0
C[C@H]1[C@H](C[C@H]2[C@@H]1[C@@H](OC=C2C(=O)O)O[C@H]3[C@@H]([C@H]([C@@H]([C@H](O3)CO)O)O)O)O,2724,0
c1ccc(cc1)C(=O)/C=C/c2ccc(cc2)Cl,2725,0
CCCCC[C@@H](/C=C/[C@H]1C=CC(=O)[C@@H]1CCCCCCC(=O)O)O,2726,0
C(/C=C/C(=O)O)C(=O)O,2727,0
C[C@]12CCC(=O)C=C1CC[C@@H]3[C@@H]2CC[C@]4([C@H]3CCC4=O)C,2728,0
c1c(cc(=O)oc1C(=O)O)C[C@@H](C(=O)O)/N=C\C=C\2/C[C@H](NC(=C2)C(=O)O)C(=O)O,2729,0
C/C=C\CC/C(=C/CC/C(=C\CC/C(=C\CC/C(=C\CC/C(=C\CC/C(=C\CC/C(=C\CC1=C(C(=O)C=C(C1=O)OC)C)/C)/C)/C)/C)/C)/C)/C,2730,0
C1C=C2C(=CC(=O)O2)C(O1)O,2731,0
c1cc2c(cc1Br)N/C(=C/3\C(=O)c4ccc(cc4N3)Br)/C2=O,2732,0
CCC/C=C/C(=O)/C=C\C=C/CCCCCCCC(=O)[O-],2733,0
C[C@]12[C@H](C(=O)N[C@@]1(C(=O)O2)[C@@H]([C@@H]3CCCC=C3)O)CCCl,2734,0
C[N+](C)(C)c1ccc(cc1)N2C(=O)C=CC2=O,2735,0
COc1cc(cc(c1O)OC)/C=C\C(=O)OCCCC/C(=N/OS(=O)(=O)[O-])/S[C@@H]2[C@@H]([C@@H]([C@@H]([C@@H](O2)CO)O)O)O,2736,0
C/C=C(/C)\C(=O)O[C@@H]1C[C@]2(CO2)[C@@H]3[C@@H](C=C([C@@]3([C@@H]4[C@@H]1C(=C)C(=O)O4)O)C)OC(=O)C,2737,0
CC1=CC(=O)[C@@H](CC1)C(=C)C,2738,0
CC(=C1C[C@@H]2[C@](CC[C@H]([C@@]2(C)O)O)(CC1=O)C)C,2739,0
C[C@]1(CC(=O)C=C2[C@@H]1[C@@H]([C@@]34[C@@H]2CC[C@@H](C3)C(=C)C4)C(=O)[O-])C(=O)[O-],2740,0
COC(C(Cl)Cl)(F)F,2741,0
CCCCCCCCCCC/C=C/C(=O)SC,2742,0
CC1(CC(=CC(=O)O1)C2c3ccccc3C(=O)O2)C,2743,0
CC[C@](C)(C(=O)O[C@H]1[C@@H](C[C@@H]2[C@@](C(=C[C@@H]([C@]2([C@@]13CO3)COC(=O)C)OC(=O)C)C)(C)[C@@H]4C[C@H]5C=CO[C@H]5O4)O)OC(=O)C,2744,0
CC(=O)/C=C/C=C(\C(=O)[O-])/O,2745,0
CC[C@@H]1[C@@H](/C=C/C(=O)[C@@H](C[C@@H]([C@@H]([C@H](C(=O)[C@H](C(=O)O1)C)C)O[C@H]2[C@@H]([C@H](C[C@H](O2)C)N(C)C)O)C)C)C,2746,0
CC(=O)OCC1=C(N2[C@H]([C@H](C2=O)NC(=O)Cc3cccs3)SC1)C(=O)[O-],2747,0
CC(=O)O[C@H]1C[C@H]2[C@@]3(C[C@H]4[C@H](C[C@]2(C1=C)O)C(=C)C(=O)O4)CO3,2748,0
CC1=C[C@H]([C@H]2[C@@H](C1=O)C2(C)C)O,2749,0
c1ccc(cc1)c2c(c(cc(c2Cl)Cl)Cl)Cl,2750,0
C(/C(=C/C(=O)C(=O)[O-])/C(=O)[O-])C(=O)[O-],2751,0
CC(=CCC/C(=C\CC/C(=C/CC/C(=C\CC/C(=C\CC/C(=C\CC/C(=C\CC1=CC(=O)c2ccccc2C1=O)/C)/C)/C)/C)/C)/C)C,2752,0
c1cc(ccc1/C=C/C(=O)NCCc2c[nH]c3c2cc(cc3)O)O,2753,0
COc1cc(ccc1O[C@H]2[C@@H]([C@@H]([C@@H]([C@@H](O2)CO)O)O)O)/C=C\C=O,2754,0
C[C@@H]1[C@@H]([C@@H](C[C@@H](O1)O[C@H]2CC[C@@]3([C@H]4CC[C@@]5([C@H]([C@H](C[C@@]5([C@@H]4CC[C@@]3(C2)O)O)O)C6=CC(=O)OC6)C)C=O)OC)O,2755,0
C[C@@]12CC[C@@H]3[C@@H]([C@@H]1CCC2=O)CCC4=CC(=O)CC[C@@]34CO,2756,0
C[C@H]1[C@H]2[C@@H](C[C@@]3([C@@]2(CC(=O)[C@@]4([C@H]3CC=C5[C@H]4C=C(C(=O)C5(C)C)O)C)C)C)O[C@@H](CC1=O)C(C)(C)O,2757,0
CC(=O)OCC1=C(N2[C@@H]([C@@H](C2=O)NC(=O)CCCC(=O)O)SC1)C(=O)O,2758,0
C/C(=C/C(=O)O)/C=C/[C@@]1([C@@]2(CC(=O)C[C@]1(OC2)C)C)O,2759,0
c1c(c(c(c(c1Cl)O)Cl)Cl)c2cc(c(c(c2Cl)Cl)Cl)Cl,2760,0
CC(=O)C1=CC[C@@H]2[C@@]1(CC[C@H]3[C@H]2CCC4=CC(=O)CC[C@]34C)C,2761,0
COc1cc(cc(c1O)OC)/C=C/C(=O)OCCCC/C(=N/OS(=O)(=O)[O-])/S[C@@H]2[C@@H]([C@@H]([C@@H]([C@@H](O2)CO)O)O)O,2762,0
COc1cc(c(cc1O)O)/C=C\C(=O)[O-],2763,0
C[C@]12CCC(=O)C=C1CC[C@@H]3[C@@H]2[C@H](C[C@]4([C@H]3CC[C@@]4(C(=O)COC(=O)CCC(=O)[O-])O)C)O,2764,0
CC1=CC(=O)C(=CC1=O)O,2765,0
C[C@@]12C[C@@H]3[C@H](C[C@H]1C(=C)C(=O)C=C2)[C@@](C(=O)O3)(C)O,2766,0
COc1c2c(cc3c1OCO3)[C@@]45CC[N@@](C2)[C@@H]4C[C@H]([C@H]6[C@@H]5O6)O,2767,0
C/C=C\C=C/C(=O)N[C@@H](CC(=O)N[C@@H](C(C)C)/C(=C\1/[C@@H](C(=O)NC1=O)C)/[O-])c2ccccc2,2768,0
C[C@H]1Cc2c(c3c(c(c2O1)O)[C@]4(CCC(=C(C4=CC3=O)C)C)C)O,2769,0
C[C@H]1[C@@H]2CC[C@]3(C=CC(=O)C(=C3[C@H]2OC1=O)C)C,2770,0
CC1=C(C(C[C@@H](C1=O)O)(C)C)/C=C/C(=C\C=C/C(=C\C=C/C=C(\C)/C=C\C=C(/C)\C=C/C=C(\C)/C=C\C=C(C)C)/C)/C,2771,0
C1=C(C(=O)[C@H]([C@@H]([C@H]1O)O)[O-])O,2772,0
c1cc(c(cc1[N+](=O)[O-])[N+](=O)[O-])F,2773,0
C1=CC(=O)O[C@H]1[C@@H](C(=O)[O-])Cl,2774,0
C(=C/C(=O)[O-])\C=C/C(=O)[O-],2775,0
c1ccc(cc1)C(=O)/C=C\C=C(\C(=O)O)/O,2776,0
C(CCCCO)CCC[C@H]1[C@@H](O1)CCCCCCCC(=O)[O-],2777,0
CC1CC(=O)C=C(C12C(=O)c3c(cc(c(c3O2)Cl)OC)OC)SC,2778,0
COC(=O)/C(=C\O)/[C@@H](C[C@H]1c2c(c3ccccc3[nH]2)CCN1)[C@@H](C=C)C=O,2779,0
C(=C\C(=O)O)\C(=C/C(=O)O)\Cl,2780,0
C/C(=C/C=C(\C(=O)O)/O)/C=O,2781,0
COc1cc(ccc1O)CC/[NH+]=C/C=C/2\C[C@@H](NC(=C2)C(=O)[O-])C(=O)[O-],2782,0
C([C@H]1[C@H]([C@@H]([C@@H]([C@@H](O1)O)NC(=O)CI)O)O)O,2783,0
c1c(c(cc(c1Cl)Cl)Cl)OCC(=O)O,2784,0
C[C@@H]1[C@H](OC2=CC(=O)C(=C[C@]12OC)CC=C)c3ccc(c(c3)OC)OC,2785,0
CC1=C(C(=O)c2ccccc2C1=O)C/C=C(\C)/CCC=C(C)C,2786,0
CC(C)C[C@@H](C(=O)[O-])NC(=O)[C@@H](CNC(=O)/C=C\C(=O)OC)[NH3+],2787,0
C1COP(=O)(NC1O)N(CCCl)CCCl,2788,0
C[C@]12CCC(=O)C=C1CC[C@@H]3[C@@]2(C(=O)C[C@]4([C@H]3CC[C@]4(C)O)C)Br,2789,0
C/C(=C/C=O)/C=C/[C@@]12C(C[C@@H](C[C@@]1(O2)C)O)(C)C,2790,0
COc1ccc(cc1)/C(=C/c2ccncc2)/C(=O)O,2791,0
CC(=O)[C@H]1C[C@H]([C@@H]2[C@@]1(CC[C@H]3[C@H]2[C@@H](CC4=CC(=O)CC[C@]34C)SC(=O)C)C)O,2792,0
CC1=CC(=O)CC(C1)(C)C,2793,0
C/C=C/C1=C(N2[C@@H]([C@@H](C2=O)NC(=O)[C@@H](c3ccc(cc3)O)N)SC1)C(=O)O,2794,0
C(C(Cl)(Cl)Cl)O[C@H]1[C@@H]([C@H]([C@@H]([C@H](O1)C(=O)O)O)O)O,2795,0
c1c2c([n-]c1C(=O)[O-])C3=C(C(=O)C2=O)N=C(C[C@H]3C(=O)[O-])C(=O)[O-],2796,0
C(=C(\C(=O)O)/Cl)\C(=O)C(C(=O)O)Cl,2797,0
C/C/1=C\[C@@H]2[C@@H](CCC(=C)[C@@H](CC1)O)C(=C)C(=O)O2,2798,0
C(C([C@@H]1C(=C(C(=O)O1)OS(=O)(=O)O)O)O)O,2799,0
C[C@]12CCC(=O)C=C1CC[C@@H]3[C@@H]2CC[C@]4([C@H]3CC[C@]4(C#C)O)C,2800,0
CC(C)CCC[C@H](C)[C@@H]1CC[C@@H]2[C@@]1(CC[C@@H]3[C@@H]2[C@@H](CC4=CC(=O)CC[C@@]34C)O)C,2801,0
C(/C(=C/C(=O)O)/C(=O)O)C(=O)O,2802,0
C/C/1=C/[C@@H]2[C@@H]([C@@H](C[C@@]3([C@H](C[C@]1(O3)O)O)C)OC(=O)C(C)C)C(=C)C(=O)O2,2803,0
C/C(=C\C=C\C=C(/C)\C=C\C=C(\C)/C=C/[C@]12[C@@](C[C@@H](C[C@]1(O2)C)O)(C)C)/C=C/C=C(\C)/C=C/[C@]34[C@@](C[C@@H](C[C@]3(O4)C)O)(C)C,2804,0
C(=C\C(=O)O)\C(=C/C=O)\O,2805,0
c1cc(ccc1NC(=O)CBr)O[P@@](=O)([O-])O[P@@](=O)([O-])OC[C@@H]2[C@@H]([C@@H]([C@@H](O2)n3ccc(=O)[nH]c3=O)O)O,2806,0
CC/C=C\C[C@@H]1[C@@H](C=CC1=O)CCCCCCCC(=O)O,2807,0
C([C@H]1[C@@H]([C@@H]([C@@H]([C@@H](O1)O)NC(=O)CI)O)O)O,2808,0
c1cc(c(c(c1c2cc(c(c(c2Cl)Cl)O)Cl)Cl)Cl)Cl,2809,0
C/C/1=C/[C@@H]2[C@@H]([C@@H](C[C@@]3(C(=O)C=C1O3)C)OC(=O)C(=C)C)C(=C)C(=O)O2,2810,0
c1cc(ccc1/C=C/C(=O)c2c(cc(cc2O)O[C@H]3[C@@H]([C@H]([C@@H]([C@H](O3)CO)O)O)O)O)O,2811,0
C1=C[C@@H]([C@H](C(=C1)C(=O)[O-])O)O,2812,0
C(C(=O)O)Cl,2813,0
CCCCC/C=C\C=C\C(=O)CCCCCCCC(=O)O,2814,0
CC(=O)N[C@H]1[C@@H]([C@@H]([C@@H](O[C@@H]1O)CO)OS(=O)(=O)[O-])O[C@@H]2[C@@H]([C@@H](C=C(O2)C(=O)[O-])O)O,2815,0
C1C=CN(C=C1C(=O)N)[C@H]2[C@@H]([C@@H]([C@H](O2)CO)O)O,2816,0
C1=CC(=O)C(=O)C=C1C[C@@H](C(=O)[O-])[NH3+],2817,0
C(CC(=O)N[C@@H](CSC(C(Cl)Cl)O)C(=O)NCC(=O)O)[C@@H](C(=O)O)N,2818,0
C1C=CN(C=C1C(=O)N)[C@H]2[C@H]([C@@H]([C@@H](O2)COP(=O)([O-])[O-])O)O,2819,0
C[C@]12CC[C@H]3[C@H]([C@@H]1CC[C@@]24CCC(=O)O4)CCC5=CC(=O)C=C[C@]35C,2820,0
CC(=O)OC[C@@H]1[C@H]([C@@H]([C@H]([C@@H](O1)O[C@H]2[C@H]3[C@H](CCC3=C)C(=CO2)C(=O)OC)OC(=O)C)OC(=O)C)OC(=O)C,2821,0
CC1=C(C(=O)c2ccccc2C1=O)C/C=C(/C)\CC/C=C(\C)/CC/C=C(\C)/CC/C=C(\C)/CC/C=C(\C)/CC/C=C(\C)/CCC=C(C)C,2822,0
C\1=C(C(=O)O/C1=C/C(=O)[O-])Cl,2823,0
C(=C\C(=O)[O-])\C(=C/C(=O)[O-])\C(=O)[O-],2824,0
C1=C(C(=O)[C@H]([C@@H]([C@@H]1O)O)[O-])O,2825,0
C=C(C(=O)O)N,2826,0
CC1=C(C(CCC1=O)(C)C)/C=C/C(=C/C=C\C(=C/C=C\C=C(/C)\C=C/C=C(\C)/C=C\C2=C(C(=O)[C@@H](CC2(C)C)O)C)\C)/C,2827,0
C1C/C(=C/C(=O)C(=O)[O-])/C=C[C@@H]1O,2828,0
COc1cc(cc(c1O)C(=O)/C=C(/C=C(/C(=O)[O-])\O)\C(=O)[O-])C(=O)[O-],2829,0
C/C=C/C=C/C(=O)N[C@@H](CC(=O)N[C@@H](C(C)C)/C(=C\1/[C@@H](C(=O)NC1=O)C)/[O-])c2ccccc2,2830,0
C1C(=C(N2[C@H](S1)[C@@H](C2=O)NC(=O)CCC[C@H](C(=O)O)N)C(=O)O)CO,2831,0
COC(=O)C1=CCCNC1,2832,0
CC(=O)[C@H]1CC[C@@]2([C@@]1(CC[C@H]3C2=CC(=O)[C@H]4[C@@]3(C[C@@H]([C@@H](C4)O)O)C)C)O,2833,0
C[C@@H]1C[C@H]2[C@@H]3[C@H]([C@]4([C@H]1C=CC4=O)C)OC([C@@]3(C(=O)O2)C)(C)O,2834,0
CC(C=C)(C(/C=C/C(=C\Cl)/C=O)Cl)Cl,2835,0
c1cc(ccc1/C=C\C(=O)[O-])O,2836,0
CCCCC/C=C\CC1[C@@H](O1)/C=C/C(C/C=C\CCCC(=O)O)O,2837,0
CC1=CC(=O)C(=CC1=O)[O-],2838,0
C/C=C/C/C=C\CCC(=O)[C@@H]1[C@@H](O1)C(=O)N,2839,0
C/C=C(\C)/C(=O)O[C@@H]1CC2CCC(C1)N2C,2840,0
c1cc(c(cc1/C=C/C(=O)O[C@H]2C[C@@](C[C@@H]([C@@H]2O)O)(C(=O)[O-])O)O)O,2841,0
CC(=O)[C@H]1C[C@@H]([C@@H]2[C@@]1(CC[C@H]3[C@H]2CCC4=CC(=O)CC[C@]34C)C)O,2842,0
C[C@]12CCC(=O)C=C1[C@H](C[C@@H]3[C@@H]2[C@H](C[C@]4([C@H]3CC[C@@]4(C(=O)CO)O)C)O)O,2843,0
CC1=C[C@@H](OC1=O)O/C=C/2\[C@H]3CC4=C([C@H]3OC2=O)C(CC[C@@H]4O)(C)C,2844,0
CC(=O)[C@H]1CC[C@@H]2[C@@]1([C@H]3[C@H](O3)[C@H]4[C@H]2CCC5=CC(=O)CC[C@]45C)C,2845,0
C[C@H]1CC[C@H]2[C@H](C(=O)O[C@H]2[C@]3([C@]1(C=CC3=O)O)C)C,2846,0
c1ccc2c(c1)c3ccc(cc3oc2=O)N4C(=O)C=CC4=O,2847,0
c1cc(c(cc1/C=C/C(=O)O[C@@H]2C[C@@](C[C@@H]([C@@H]2O)O)(C(=O)[O-])O)O)O,2848,0
C[C@H](CCC(=O)[O-])[C@H]1CC[C@@H]2[C@@]1([C@@H](C[C@@H]3[C@@H]2C=CC4=CC(=O)CC[C@@]34C)O)C,2849,0
C[C@H]1CC[C@@H]2[C@H]([C@]3([C@]1(CCC3=O)O)C)OC(=O)C2=C,2850,0
C=C(C(=O)O)O[C@H]1C=C[C@@H]([C@H]([C@@H]1O)C(=O)O)C(=O)CCC(=O)O,2851,0
C[C@H](C(=C)C(=O)[O-])C(=O)[O-],2852,0
CC1=C(C(C(=C(N1)C)C(=O)OCc2ccncc2)C3=C(SCCS3)C)C(=O)OCc4ccncc4,2853,0
CC(C)(c1ccc(cc1)OCC2CO2)c3ccc(cc3)OCC4CO4,2854,0
C[N+]1(CCCC1)CC2=C(N3[C@@H]([C@@H](C3=O)NC(=O)/C(=N\OC)/c4csc(n4)N)SC2)C(=O)O,2855,0
c1cc(c(cc1C[C@H](C(=O)O)OC(=O)/C=C/c2ccc(c(c2)O)O)O)O,2856,0
c1cc(c(cc1/C=C/C(=O)O[C@@H]2C[C@@](C[C@H]([C@H]2O)O)(C(=O)O)O)O)O,2857,0
C/C(=C\C=C\C=C(\C)/C=C\C=C(/C)\C=C/C=O)/C=C\C=C(/C)\C=C/C=O,2858,0
C/C(=C\C/C=C(\C)/C=C)/CC/C=C(\C)/C=O,2859,0
CN1C(=C(c2ccccc2S1(=O)=O)O)C(=O)Nc3ccccn3,2860,0
Cc1c(c([nH]c1/C=C/2\C(=C(C(=O)N2)C)C=C)/C=C\3/C(=C(C(=N3)C[C@@H]4C(=C(C(=O)N4)C=C)C)C)CCC(=O)[O-])CCC(=O)[O-],2861,0
c1ccc(cc1)[C@H](C(=O)NC2C3CCC(=C(N3C2=O)C(=O)O)Cl)N,2862,0
C1[C@@H]([C@H](C(=O)C=C1C(=O)[O-])O)O,2863,0
CC(=O)N[C@@](=C)C(=O)NC,2864,0
c1ccc(cc1)/C=C(/C(=O)[O-])\O,2865,0
CC(=CCC/C(=C/C(=O)[O-])/C)C,2866,0
CC1=C(C(CCC1)(C)C)/C=C/C(=C/C=C/C(=C/C=C/C=O)/C)/C,2867,0
CC1([C@H]2C[C@@H]1C3(C(C2)O3)C)C,2868,0
c1cc(ccc1/C=C/C(=O)c2c(cc(cc2O[C@H]3[C@@H]([C@H]([C@@H]([C@H](O3)CO)O)O)O)O)O)O,2869,0
C1COP(=O)(N(C1=O)CCCl)NCCCl,2870,0
C[C@]12CCC(=O)C=C1C[C@H]([C@@H]3[C@@H]2CC[C@]4([C@H]3CCC(=O)O4)C)O,2871,0
CC(C)[C@H](C)C[C@H]([C@@H](C)[C@@H]1CC[C@@H]2[C@@]1(CC[C@@H]3[C@@H]2CCC4=CC(=O)CC[C@@]34C)C)O,2872,0
COc1cc(ccc1O)/C=C\C(=O)O[C@H]2[C@@H]([C@@H]([C@@H](O[C@@H]2O)CO)O)O,2873,0
CC1=C2CC[C@@H]3[C@@H]([C@H]2CCC1=O)CC[C@]4([C@H]3CC[C@@H]4O)C,2874,0
CC1=C(C(C(=C(N1)C)C(=O)OC(C)C)c2cccc(c2)[N+](=O)[O-])C(=O)OCCOC,2875,0
CC(C)CCC[C@@H](C)[C@H]1CC[C@@H]2[C@@]1(CC[C@H]3[C@H]2C[C@@H]4[C@]5([C@@]3(CC[C@@H](C5)O)C)O4)C,2876,0
C[C@H]1C[C@H]2[C@@H]3CC[C@@]([C@]3(C[C@@H]([C@@]2([C@@]4(C1=CC(=O)C=C4)C)F)O)C)(C(=O)COC(=O)C)O,2877,0
Cc1ccc(cc1)S(=O)(=O)N[C@@H](Cc2ccccc2)C(=O)CCl,2878,0
C1C=CN(C=C1C(=O)N)[C@H]2[C@@H]([C@@H]([C@@H](O2)COP(=O)([O-])[O-])O)O,2879,0
C[C@@]12CC[C@H]3[C@@H]([C@@H]1CC[C@@H]2O)CCC4=CC(=O)CC[C@@]34C,2880,0
C[C@]12CC[C@H]3C(=CC(=O)[C@@H]4[C@@]3(C[C@@H]([C@@H](C4)O)O)C)[C@@]1(CC[C@@H]2[C@@](C)([C@@H](CCC(C)(C)O)O)O)O,2881,0
CC(=O)[C@]1([C@@H](C[C@@H]2[C@@]1(CC[C@H]3[C@H]2CCC4=CC(=O)CC[C@]34C)C)O)O,2882,0
c1cc(c(cc1/C=C/C(=O)OC(C(CC(=O)O)C(=O)O)C(=O)O)O)O,2883,0
CC1=C(C(CCC1)(C)C)/C=C/C(=C/C=C\C(=C/C=O)\C)/C,2884,0
CC(C)OC(=O)C(=C1SCCS1=O)C(=O)OC(C)C,2885,0
c1ccc(cc1)/C(=C\C=C\C(=O)C(=O)[O-])/O,2886,0
C[C@@H]1[C@@H]2[C@H](C(=O)N2C(=C1SC3Cn4cnc[n+]4C3)C(=O)[O-])[C@@H](C)O,2887,0
CC1=C(C(C[C@@H](C1=O)O)(C)C)/C=C/C(=C/C=C/C(=C/C=C/C=C(\C)/C=C/C=C(\C)/C=C/C2=C(C(=O)[C@H](CC2(C)C)O)C)/C)/C,2888,0
COc1cc(cc(c1O)C(=O)/C=C(\C=C(/C(=O)O)\O)/C(=O)O)C(=O)O,2889,0
Cc1cn(c(=O)[nH]c1=O)[C@H]2C[C@@H]([C@H](O2)COP(=O)(O)OP(=O)(O)O[C@@H]3C=C(C(=O)[C@@H](O3)C)O)O,2890,0
CC(=CCC1[C@@](O1)(C)[C@H]2[C@@H]([C@@H](CC[C@]23CO3)OC(=O)/C=C/C=C/C=C/C=C/C(=O)O)OC)C,2891,0
COc1cc(cc2c1O[C@H]([C@@H]2C(=O)NCCCCNC(=N)N)c3ccc(cc3)O)/C=C/C(=O)NCCCCNC(=N)N,2892,0
C/C=C(\C)/C(=O)O,2893,0
c1ccc(cc1)CCOC(=O)/C=C/c2ccc(c(c2)O)O,2894,0
CC1(C=CC(=O)O1)CC(=O)O,2895,0
CCC1=C([C@@H](NC1=O)CC2=N/C(=C/[C@@H]3C(=C(C(=N3)/C=C\4/C(=C\C)/[C@@H](C(=O)N4)C)C)CCC(=O)[O-])/C(=C2C)CCC(=O)[O-])C,2896,0
CC(C)[C@@H](C(=O)[O-])NC(=O)[C@@H](CNC(=O)/C=C/C(=O)OC)[NH3+],2897,0
C[C@]1\2C[C@@H]([C@H]3[C@H]([C@@H]1CC/C2=C/CO)CCC4=CC(=O)C=C[C@]34C)O,2898,0
CCC/C(=C\CC)/C(=O)O,2899,0
CC(C)[C@H](C)[C@@H]([C@@H]([C@@H](C)[C@@H]1CC[C@@H]2[C@@]1(CC[C@@H]3[C@@H]2CCC4=CC(=O)CC[C@@]34C)C)O)O,2900,0
COC(=O)C=CC(=O)NC[C@H](C(=O)N[C@@H](Cc1ccccc1)C(=O)[O-])[NH3+],2901,0
CC1=CC(=O)C[C@@]([C@@]1(/C=C\C(=C\C(=O)[O-])\C)O)(C)CO,2902,0
CC(C)CCC[C@H](C)[C@@H]1CC[C@@H]2[C@@]1(CC[C@@H]3[C@@H]2CCC4=CC(=O)CC[C@@]34C)C,2903,0
C[C@H](CC[C@H]1C(O1)(C)C)[C@H]2CC[C@@H]3[C@@]2(CC[C@H]4[C@H]3C[C@H]5[C@@]6([C@@]4(CC[C@@H](C6)O)C)O5)C,2904,0
C(=C\C(=O)[O-])\C(=C/C(=O)[O-])\Cl,2905,0
C[C@]12CCC(=O)C=C1CC[C@@H]3C2=CC[C@]4([C@H]3CCC4=O)C,2906,0
C[C@@]1(C[C@@]([C@H](C[C@H]1Cl)Cl)(CBr)Cl)/C=C/Cl,2907,0
C/C(=C\C=C/C=C(\C)/C=C\C=C(/C)\C=C/C(=O)[O-])/C=C\C=C(/C)\C=C/C(=O)[O-],2908,0
CCCCCC(=O)/C=C/[C@@H]1[C@H]([C@H](CC1=O)O)C/C=C\CCCC(=O)O,2909,0
CC1=CC(=O)CC([C@@]1(/C=C\C(=C/C(=O)[O-])\C)O)(C)C,2910,0
COc1cc(cc(c1O)OC)/C=C\C(=O)O[C@@H]2[C@@H]([C@@H]([C@@H]([C@@H](O2)CO)O)O)O,2911,0
CCCC[C@@H](C)/C=C(\C)/C=C(\C)/C(=O)NC1=C[C@]([C@H]2[C@@H](C1=O)O2)(/C=C/C=C/C=C/C(=O)NC3=C(CCC3=O)O)O,2912,0
CO/N=C(/c1ccco1)\C(=O)N[C@@H]2[C@@H]3N(C2=O)C(=C(CS3)COC(=O)N)C(=O)[O-],2913,0
CC1=C[C@@H](OC1=O)O/C=C/2\[C@H]3CC4=C([C@H]3OC2=O)C(CCC4)(C)C,2914,0
C/C=C/1\[C@@H](C(=O)N\C1=C\c2c(c(c([nH]2)/C=C\3/C(=C(C(=N3)/C=C\4/C(=C(C(=O)N4)C=C)C)C)CCC(=O)[O-])CCC(=O)[O-])C)C,2915,0
CCC(C)/C=C(\C)/[C@@H]([C@H](C)/C=C(\C)/C=C/C=C\C=C\C=C(/C)\C(=O)N[C@@H](C)CO)O,2916,0
C/C(=C\C=C\C=C(/C)\C=C\C=C(\C)/C=C/C(=O)OC)/C=C/C=C(\C)/C=C/C(=O)O,2917,0
CCCCCCCCCCCCCCCC(=O)OCC(COP(=O)([O-])OCC[N+](C)(C)C)OC(=O)CCCC(/C=C/C(=O)O)O,2918,0
C/C(=C(\C)/C(=O)O)/C(=O)O,2919,0
C[C@H]1CC[C@]2([C@H](C1=C)CC=C([C@@]2(C=O)O)C=O)C,2920,0
C/C=C\1/CC(=C)[C@@](C(=O)OC[C@H]2[C@@H](CN3[C@H]2[C@@H](CC3)OC1=O)O)(C)O,2921,0
CCCC(=O)c1c(c(c(c(c1O)CC2=C(C(C(=C(C2=O)C(=O)CCC)O)(C)C)O)O)CC3=C(C(C(=C(C3=O)C(=O)CCC)O)(C)C)O)O,2922,0
C/C(=C\C(=O)[O-])/C(=O)[O-],2923,0
C/C=C\CC1=C([C@H](CC1=O)OC(=O)[C@@H]2[C@H](C2(C)C)/C=C(\C)/C(=O)OC)C,2924,0
C(/C=C\C=C(\C(=O)[O-])/O)C(=O)[O-],2925,0
C/C(=C/Cl)/[C@@H](C/C(=C(/C)\[C@@H](CBr)O)/Cl)Cl,2926,0
C/C(=C\C=C/C=C(\C)/C=O)/C=C\C=C(/C)\C(=C1C(C[C@@H](C[C@@]1(C)O)O)(C)C)C,2927,0
c1ccc(cc1)C[C@H](C(=O)N2CCC[C@@H]2C(=O)N[C@H](CCCNC(=N)N)C(=O)CCl)N,2928,0
CC(=C)C(=O)OC,2929,0
C[C@@H](CCC(=O)[O-])[C@H]1CC[C@@H]2[C@@]1([C@@H](C[C@@H]3[C@@H]2[C@@H](CC4=CC(=O)CC[C@@]34C)O)O)C,2930,0
C1[C@H](C=C(S1)C(=O)[O-])[NH3+],2931,0
C1=CC(=O)O[C@@H]1CC(=O)[O-],2932,0
C/C=C(/C)\C(=O)O[C@@H]1/C=C(\[C@H](C[C@@H](/C(=C\[C@@H]2[C@@H]1C(=C)C(=O)O2)/CO)OC(=O)C)O)/C,2933,0
CCCC(=O)O[C@@]12[C@@H](C1(C)C)[C@@H]3C=C(C[C@]4([C@H]([C@]3([C@@H]([C@H]2O)C)O)C=C(C4=O)C)O)CO,2934,0
COc1cc(ccc1O)/C=C/C(=O)O,2935,0
CC(=O)[C@]12[C@H](O1)C[C@@H]3[C@@]2(CC[C@H]4[C@H]3CC=C5[C@@]4(CC[C@@H](C5)OC(=O)C)C)C,2936,0
Cn1c(nc(=O)c(n1)[O-])SCC2=C(N3[C@H]([C@@H](C3=O)NC(=O)/C(=N\OC)/c4csc(n4)N)SC2)C(=O)[O-],2937,0
C[C@]12CC[C@H]3[C@H]([C@@H]1CCC(=O)O2)CCC4=CC(=O)C=C[C@]34C,2938,0
C/C=C(/C)\C(=O)O[C@@H]1CC(=C2C[C@@H]3[C@]([C@@H]2[C@@H]4[C@@H]1C(=C)C(=O)O4)(O3)C)CO,2939,0
C[C@H]1[C@@H]2CC[C@@]3([C@@H]([C@H]2OC1=O)[C@](C=CC3=O)(C)O)C,2940,0
CC1=CC(=O)CC([C@@]1(/C=C/C(=C/C(=O)O[C@@H]2[C@@H]([C@@H]([C@@H]([C@@H](O2)CO)O)O)O)/C)O)(C)C,2941,0
C(=O)C(Cl)Cl,2942,0
Cc1c2c(c(c3c1c(ccc3O)Cl)O)C(=O)[C@]4([C@@H](C2)[C@@H](C(=C(C4=O)C(=O)N)O)N)O,2943,0
CC1=C(C(CCC1=O)(C)C)/C=C/C(=C/C=C/C(=C/CO)/C)/C,2944,0
C(=C/C(=O)[O-])\C=C\C(=O)[O-],2945,0
C[C@@H]1C[C@H]2[C@@H]3CCC4=CC(=O)C=C[C@@]4([C@]3([C@H](C[C@@]2([C@H]1O)C)O)F)C,2946,0
C/C(=C\C=C\C=C(/C)\C=C/C=O)/C=C\C=C(/C)\C=O,2947,0
CCCCCC(/C=C/C1C(O1)CCCCCCCC(=O)O)O,2948,0
C[C@H]1C2=C([C@H]3[C@@H](O1)CC(=O)O3)C(=O)c4c(c(c5c(c4O)[C@H]6C[C@H]([C@@]5([C@H](O6)C)O)O)O)C2=O,2949,0
C[C@@H]1C[C@@H]([C@]2([C@@H](O1)O[C@@H]3C[C@@H]4CC[C@@H]5[C@@H]([C@]4(C[C@H]3O2)C=O)CC[C@]6([C@@]5(CC[C@@H]6C7=CC(=O)OC7)O)C)O)OC(=O)C,2950,0
C/C=C(\C(=O)[O-])/OP(=O)([O-])[O-],2951,0
C[C@H]1[C@@H]2CN3CCc4c5cc(c(cc5[nH]c4[C@H]3C[C@@H]2C(=CO1)C(=O)OCCN(C)C)OC)OC,2952,0
CC1=C2[C@H](C(C=C2C(=O)[C@](C13CC3)(C)O)(C)C)O,2953,0
C(CC(=O)[O-])/C(=C/C(=O)[O-])/C(=O)[O-],2954,0
C(CC(=O)[O-])/C(=C\C(=O)[O-])/C(=O)[O-],2955,0
CSC(=O)OCC1=C[C@H]2[C@H]3[C@@H]1[C@@H](OC=C3C(=O)O2)O[C@H]4[C@@H]([C@H]([C@@H]([C@H](O4)CO)O)O)O,2956,0
CC1(CCC[C@]2([C@H]1[C@H](C=C([C@@]2(C=O)O)C=O)O)C)C,2957,0
c1ccc(c(c1)/C=C\C(=O)C(=O)[O-])C(=O)[O-],2958,0
C[C@H]([C@H]1[C@@H](O1)C[C@H]2CO[C@H]([C@@H]([C@@H]2O)O)C/C(=C/C(=O)OCCCCCCCCC(=O)O)/C)[C@H](C)O,2959,0
CC1C(C(C(C(O1)OC2C(C(C(OC2OCCc3ccc(c(c3)O)O)CO)O)OC(=O)/C=C/c4ccc(c(c4)O)O)O)O)O,2960,0
CC(=O)[C@H]1CC[C@@H]2[C@@]1(CC[C@@H]3[C@@H]2CCC4=CC(=O)CC[C@@]34C)C,2961,0
C([C@@H](CCl)O)O,2962,0
C/C=C/1\[C@@H](C(=CO[C@H]1O[C@H]2[C@@H]([C@H]([C@@H]([C@H](O2)CO)O)O)O)C(=O)OC)CC(=O)OCCc3ccc(c(c3)O)O,2963,0
C/C(=C/C(=O)O)/C=C\C(=O)O,2964,0
C(C(=O)[O-])Cl,2965,0
C(=C/C(=O)[O-])\C(=O)[C@H](C(=O)[O-])Cl,2966,0
C[C@](CCO[P@@](=O)([O-])OP(=O)([O-])[O-])(CBr)O,2967,0
C[C@@]12CCC(=O)C=C1CC[C@H]3[C@@H]2C(=O)C[C@@]4([C@@H]3CC[C@@]4(C(=O)CO)O)C,2968,0
c1cc(ccc1CC/N=C\C=C\2/CC(NC(=C2)C(=O)O)C(=O)O)O,2969,0
C[C@H]1[C@H]2[C@@H](C[C@@H](O1)CC(=O)[O-])C(=O)c3ccc(c(c3C2=O)O)c4ccc5c(c4O)C(=O)C6=C(C5=O)C[C@@H](O[C@@H]6C)CC(=O)[O-],2970,0
c1cc(ccc1C(c2ccc(c(c2O)O)Cl)C(Cl)(Cl)Cl)Cl,2971,0
CC1=C(C(CCC1=O)(C)C)/C=C/C(=C/C=C\C(=C/C=C\C=C(/C)\C=C/C=C(\C)/C=C\C=C(/C)\C=C/C=C(C)C)\C)/C,2972,0
CC[C@]12CC(=C3[C@@]4([C@H]1N(CC4)CC5C2O5)c6ccccc6N3)C(=O)OC,2973,0
C1=C(C(=C[C@@H]([C@H]1O)O)C(=O)[O-])C(=O)[O-],2974,0
C[C@]12CCC(=O)C=C1CC[C@H]3[C@@H]2CC[C@@]4([C@@H]3CCC4=O)C,2975,0
C1=C(C(=O)[C@@H]([C@H]([C@@H]1O)O)O)O,2976,0
CC(=O)[C@H]1CC[C@@H]2[C@@]1(CC[C@H]3[C@H]2CCC4=CC(=O)C=C[C@]34C)C,2977,0
C1=C[C@@H]([C@H]([C@@H]1NCC2=C3C(=[NH+]C(=NC3=O)N)N=C2)O)O,2978,0
C1=C(C(=O)[C@H]([C@H]([C@@H]1O)O)[O-])O,2979,0
C(=C(\C(=O)[O-])/Cl)\C(=O)[C@H](C(=O)[O-])Cl,2980,0
CC1=C(C(CCC1)(C)C)/C=C/C(=C\C=C/C(=C\C(=O)[O-])/C)/C,2981,0
C/C(=C\C=C\C=C(/C)\C=C/C=C(\C)/C=O)/C=C\C=C(/C)\C=O,2982,0
CO/N=C(\c1ccco1)/C(=O)N[C@H]2[C@@H]3N(C2=O)C(=C(CS3)COC(=O)N)C(=O)[O-],2983,0
C[C@H]1[C@@H]([C@H](C[C@@H](O1)O[C@H]2CC[C@]3([C@@H](C2)CC[C@@H]4[C@@H]3[C@@H](C[C@]5([C@@]4(CC[C@@H]5C6=CC(=O)OC6)O)C)O)C)OC)O,2984,0
COc1cc(cc(c1O)C(=O)/C=C(\C=C(\C(=O)[O-])/O)/C(=O)[O-])C(=O)[O-],2985,0
COC(=O)CCCCCCCCCCC1CCC2C1O2,2986,0
CC(=O)O[C@@H]1C[C@]2([C@@H](CCC2=O)C3=C1[C@@]4(c5c(coc5C3=O)C(=O)O[C@@H]4COC)C)C,2987,0
C\1(=C(C(=O)O/C1=C(\C(=O)O)/Cl)Cl)Cl,2988,0
c1cc(ccc1/C=C/C(=O)O[C@H]2C[C@@](C[C@@H]([C@@H]2O)O)(C(=O)[O-])O)O,2989,0
CC1=CC(=O)CC([C@@]1(/C=C/C(=C\C=O)/C)O)(C)C,2990,0
C/C=C(/C)\C(=O)O[C@H]1c2cc(c(c(c2-c3c(cc4c(c3OC)OCO4)C[C@@H]([C@]1(C)O)C)OC)OC)OC,2991,0
CCCCCCCCCCCCCCC/C=C/C(=O)[O-],2992,0
CC(C)C(=O)/C=C\C=C(/C(=O)O)\O,2993,0
C(CC(=O)O)C(=O)/C=C\C=C(/C(=O)O)\O,2994,0
CCCCC[C@@H]1[C@@H](O1)C/C=C/CCCCCCCC(=O)[O-],2995,0
CC(=CCC/C(=C\C=C/C(=C\C=C/C=C(\C)/C=C\C=C(/C)\C=C/C=C(\C)/C=O)/C)/C)C,2996,0
CC1=CC(=O)CC([C@@]1(/C=C\C(=C/C(=O)O[C@@H]2[C@@H]([C@@H]([C@@H]([C@@H](O2)CO)O)O)O)\C)O)(C)C,2997,0
c1cc(ccc1CC(C(=O)O)N)N(CCSC[C@@H](C(=O)NCC(=O)O)NC(=O)CC[C@@H](C(=O)O)N)CCCl,2998,0
C/C/1=C\C(=O)/C=C(\[C@@H]([C@@H]2[C@@H]([C@H](C1)OC(=O)C(=C)C)C(=C)C(=O)O2)O)/C,2999,0
CC(=O)C1=C([C@H]([C@@H]2Cc3cc4cc(cc(c4c(c3C(=O)[C@@]2(C1=O)O)O)O)O)O)O,3000,0
C[C@@H]1[C@H]2CN3CC[C@@]4([C@@H]3C[C@@H]2C(=CO1)C(=O)OC)c5ccccc5NC4=O,3001,0
CC(=CCC/C(=C\CC/C(=C/C(=O)[O-])/C)/C)C,3002,0
CC(=O)[C@@]12[C@@H](C[C@@H]3[C@@]1(CC[C@H]4[C@H]3CCC5=CC(=O)CC[C@]45C)C)OC(O2)(C)c6ccccc6,3003,0
c1cc(ccc1C(c2ccc(cc2)Cl)C(Cl)(Cl)Cl)Cl,3004,0
CC1=C(C(=O)C(=C(C1=O)OC)OC)C/C=C(/C)\CC/C=C(\C)/CC/C=C(\C)/CC/C=C(\C)/CC/C=C(\C)/CCC=C(C)C,3005,0
c1c(nc([nH]1)S)/C=C/C(=O)O,3006,0
C\1=C(C(=O)O/C1=C(\C(=O)O)/Cl)Cl,3007,0
c1cc(ccc1C[C@@H](C(=O)O)N)N(CCCl)CCCl,3008,0
C1=C[C@H]([C@H]([C@@H]1NCC2=C3C(=[NH+]C(=NC3=O)N)N=C2)O)O,3009,0
C[C@H]1[C@@H]([C@H]([C@H]([C@@H](O1)O[C@H]2CC[C@]3([C@@H](C2)CC[C@@H]4[C@@H]3[C@@H](C[C@]5([C@@]4(CC[C@@H]5C6=CC(=O)OC6)O)C)O)C)O)O)O,3010,0
c1c(cc(c(c1Cl)Cl)Cl)c2cc(c(cc2Cl)Cl)Cl,3011,0
C[C@H]1[C@@H]([C@H]2[C@@H](CCC3=CC(=O)CC[C@]23C)[C@H]4[C@]1([C@H](CC4)O)C)O,3012,0
CCc1c(c([nH]c1C[C@@H]2[C@@H](C3=C(N2)/C(=C/4\[C@@H]([C@@H](C(=N4)/C=C/5\C(=C(C(=O)N5)C=C)C)C)CCC(=O)[O-])/C(=C3[O-])C(=O)OC)C)C=O)C,3013,0
C(=O)(C(Cl)(Cl)Cl)O,3014,0
CC(=CCC/C(=C\CC/C(=C/C=O)/C)/C)C,3015,0
C[C@]12CCC(=O)C=C1CC[C@@H]3[C@@H]2CC[C@]4([C@H]3C[C@H](C4=O)F)C,3016,0
c1cc2ccc3cc4c(c5c3c2c(c1)cc5)C=CC6C4O6,3017,0
CC1=C[C@@H](CC([C@@H]1/C=C/C(=C/C=C\C(=C/C=C\C=C(/C)\C=C/C=C(\C)/C=C\C2=C(C(=O)[C@@H](CC2(C)C)O)C)\C)/C)(C)C)O,3018,0
c1ccc(cc1)CBr,3019,0
c1cc(c(cc1CC/[NH+]=C\C=C\2/C[C@@H](NC(=C2)C(=O)[O-])C(=O)[O-])O)O,3020,0
CCCCC/C=C\C=C\C(=O)OCC,3021,0
C1C(O1)(Cl)Cl,3022,0
CCc1c(c([nH]c1C[C@@H]2[C@@H](C3=C(N2)/C(=C\4/[C@@H]([C@@H](C(=N4)/C=C\5/C(=C(C(=O)N5)C=C)C)C)CCC(=O)[O-])/C(=C3[O-])C(=O)OC)C)C=O)C,3023,0
CCCCC/C=C\C/C=C\C=C\C=C\[C@H]1[C@@H](O1)CCCC(=O)O,3024,0
CC1=C(C(CCC1)(C)C)/C=C/C(=C/C=C\C(=C/C(=O)[O-])\C)/C,3025,0
C[C@@H]1C=C(C(=O)[C@]2([C@H]1C[C@@H]3[C@@]4([C@@H]2[C@@H]([C@H]([C@@]([C@@H]4CC(=O)O3)(C)O)OC)OC(=O)C)C)C)OC,3026,0
Cc1ccc(c(c1C)C)/C=C/C(=C/C=C/C(=C/C=C/C=C(\C)/C=C/C=C(\C)/C=C/C=C(\C)/C(=O)CCC(C)(C)OC)/C)/C,3027,0
CCCCCC(=O)/C=C/[C@H]1[C@@H](C[C@@H]([C@@H]1C/C=C\CCCC(=O)O)O)O,3028,0
C/C=C(\CO)/C(=O)OC/C(=C\C)/C(=O)O[C@@H]1C[C@]2(CO2)[C@@H]3[C@@H](C=C([C@@H]3[C@@H]4[C@@H]1C(=C)C(=O)O4)C)OC(=O)C,3029,0
c1cc(ccc1/C=C\C(=O)N[C@H](CC(=O)[O-])C(=O)[O-])O,3030,0
CC1([C@@H]2CC(=O)[C@@]3([C@@H]([C@]2([C@@H](O1)CC(=O)O)CO)CC[C@@]4([C@]35[C@H](O5)C(=O)O[C@H]4c6ccoc6)C)C)C,3031,0
C[C@@]1([C@H]2[C@@H]([C@@]34CC(=C)[C@@](C3)(CC[C@@H]4C2=CC(=O)[C@@H]1O)O)C(=O)[O-])C(=O)[O-],3032,0
Cn1c(nnn1)SCC2=C(N3[C@@H]([C@@](C3=O)(NC(=O)C4SC(=C(C(=O)N)C(=O)O)S4)OC)SC2)C(=O)O,3033,0
CCCCC/C(=C/C(=O)/C=C/c1ccc(cc1)O)/O,3034,0
CC1=C(C(CCC1)(C)C)/C=C\C(=C/C=C\C(=C/C=O)\C)\C,3035,0
CC1=C(C(CCC1)(C)C)/C=C\C(=C/C=C\C(=C/C=C\C=C(/C)\C=C/C=C(\C)/C=C\C=C(/C)\C(=O)[O-])\C)\C,3036,0
CC1=CC(=O)C[C@@]([C@@]1(/C=C/C(=C\C(=O)[O-])/C)O)(C)CO,3037,0
CC1=C(C(=O)C(=CC1=O)OC)C/C=C(\C)/CCC=C(C)C,3038,0
C1CN(P(=O)(OC1)N)CCCl,3039,0
C(=C\NC(=O)N)\C(=O)[O-],3040,0
CC1=CO[C@H]([C@H]2[C@@H]1[C@@H]([C@H]3[C@@H]2O3)OC(=O)C)O[C@H]4[C@@H]([C@H]([C@@H]([C@H](O4)COC(=O)C)OC(=O)C)OC(=O)C)OC(=O)C,3041,0
CCCCCCCC[C@@H]1[C@H](O1)CCCCCCCC(=O)[O-],3042,0
c1ccc2c(c1)-c3ccccc3C4C2O4,3043,0
CC1=C(C(=O)C(=C(C1=O)OC)OC)C/C=C(/C)\CC/C=C(/C)\CC/C=C(\C)/CC/C=C(\C)/CC/C=C(\C)/CC/C=C(\C)/CCC=C(C)C,3044,0
COC1=CC(=O)C(=CC1=O)c2coc3cc(ccc3c2=O)O,3045,0
CC(=O)[C@H]1CC[C@@H]2[C@@]1(C=C[C@H]3[C@H]2CCC4=CC(=O)CC[C@]34C)C,3046,0
CC1=C(C(CCC1)(C)C)/C=C/C(=C\C=C/C(=C\C=O)/C)/C,3047,0
C/C(=C/C=C(/C(=O)O)\O)/C(=O)CC[C@H]1[C@@H]2CCC(=O)[C@]2(CCC1=O)C,3048,0
CC(=O)[C@H]1CC[C@@H]2[C@@]1(CC[C@H]3[C@H]2CC[C@@]45[C@@]3(CCC(=O)[C@@H]4O5)C)C,3049,0
c1cc(c(cc1/C=C/C(=O)O[C@@H]2C[C@](C[C@H]([C@@H]2O)O)(C(=O)O)O)O)O,3050,0
C[C@]12C=CC3=C4CCC(=O)C=C4CC[C@H]3[C@@H]1CC[C@@H]2O,3051,0
C[C@@H]1C[C@H]2[C@@H]3C[C@@H](C4=CC(=O)C=C[C@@]4([C@]3([C@H](C[C@@]2([C@]1(C(=O)CO)O)C)O)F)C)F,3052,0
CC(=O)N[C@@H]1[C@H](C=C(O[C@H]1C(C(CO)O)O)C(=O)O)O,3053,0
CCCCCCC/C=C/C(=O)SC,3054,0
CC(=O)[C@]1(CC[C@@H]2[C@@]1(CC([C@H]3[C@H]2CCC4=CC(=O)CC[C@]34C)O)C)O,3055,0
CC[C@@H]1[C@H](/C=C/C=C/C(=O)[C@@H](C[C@@H]([C@@H]([C@H](/C=C/C(=O)O1)C)O[C@H]2[C@@H]([C@H](C[C@H](O2)C)N(C)C)O)C)C)C,3056,0
C(=C(/C=C(/C(=O)[O-])\Cl)\Cl)\C(=O)[O-],3057,0
C1=CC(=O)O[C@H]1CC(=O)O,3058,0
COc1cc(c(cc1O)O)/C=C/C(=O)[O-],3059,0
c1cc(c(cc1/C=C/C=O)O)O,3060,0
CN1CC[C@]23c4c5ccc(c4O[C@H]2C(=O)C=C[C@H]3[C@H]1C5)OC,3061,0
C[C@]12C[C@@H]([C@H]3[C@H]([C@@H]1CC[C@@]2(C(=O)COC(=O)CCC(=O)[O-])O)CCC4=CC(=O)C=C[C@]34C)O,3062,0
CC(=CCC/C(=C/CC/C(=C/C(=O)O)/C)/C)C,3063,0
C(=C/C(=O)[O-])\C=C(\C(=O)[O-])/O,3064,0
CCCC(=O)c1c(c(c(c(c1OC)C)O)CC2=C(C(C(=C(C2=O)C(=O)CCC)O)(C)C)O)O,3065,0
C[C@]12CC[C@H]3[C@H]([C@@H]1CC[C@@H]2O)CC(=C(Br)Br)C4=CC(=O)CC[C@]34C,3066,0
c1cc(ccc1/C=C/C(=O)O[C@@H]2[C@@H]([C@@H]([C@@H](O[C@@H]2O)CO)O)O)O,3067,0
COc1cc(ccc1O)CC/[NH+]=C\C=C/2\C[C@@H](NC(=C2)C(=O)[O-])C(=O)[O-],3068,0
C\1=C(C(=O)O/C1=C(/C(=O)[O-])\Cl)Cl,3069,0
Cc1ncc(c(n1)N)CNC(=O)N(CCCl)N=O,3070,0
COc1ccc(cc1)C(c2ccc(cc2)O)C(Cl)(Cl)Cl,3071,0
C1=C[C@H]([C@@H](C(=C1)C(=O)[O-])O)O,3072,0
C(CCl)OCCCl,3073,0
CC1=C(C(CCC1=O)(C)C)/C=C/C(=C\C=C/C(=C\C=C/C=C(\C)/C=C\C=C(/C)\C=C/C2=C(C(=O)[C@@H](CC2(C)C)O)C)/C)/C,3074,0
COC(=O)C1=CO[C@H]([C@H]2[C@@H]1CC(O[C@H]2CO)O)O[C@H]3[C@@H]([C@H]([C@@H]([C@H](O3)CO)O)O)O,3075,0
CC(=O)OCC(C(c1ccc(cc1)[N+](=O)[O-])O)NC(=O)C(Cl)Cl,3076,0
C[C@H](CCC(=O)[O-])[C@@H]1CC[C@@H]2[C@@]1([C@@H](C[C@@H]3[C@@H]2[C@@H](CC4=CC(=O)CC[C@@]34C)O)O)C,3077,0
c1cc(c(c(c1)C(=O)O)O)/C=C\C(=O)C(=O)O,3078,0
CN(CCCl)CCCl,3079,0
CCCCCC(/C=C/C=O)O,3080,0
C[C@]12CC[C@H]3[C@H]([C@@H]1CC[C@]2(C#C)O)CCC4=CC(=O)CC[C@H]34,3081,0
CCCCCCCCCCCC1=C(C(=O)c2ccccc2C1=O)C,3082,0
C[C@]12CCC(=O)C=C1CC[C@@H]3[C@@]2([C@H](C[C@]4([C@H]3CC[C@]45C(=O)CO5)C)O)F,3083,0
C/C(=C/C=O)/CC/C=C(/C)\C=O,3084,0
CN(C)c1ccc(cc1)c2ccc(cc2)CN(c3cccc(c3)/C=C/C(=O)OC)C(=O)C4CCCCC4,3085,0
CC1=CC(=O)[C@H]([C@]2([C@H]1C[C@@H]3[C@]45[C@@H]2[C@]([C@@H](C(=C)[C@@H]4CC(=O)O3)O)(OC5)O)C)O,3086,0
C(=C(/C=C(\C(=O)[O-])/O)\C(=O)[O-])\C=O,3087,0
CC(C)CCC[C@@H](C)CCC[C@@H](C)CCC/C(=C/C[C@@]12C(=O)c3ccccc3C(=O)[C@@]1(O2)C)/C,3088,0
C=C/C(=C(\C(=O)O)/O)/Cl,3089,0
C[C@]12CC[C@H]3[C@@H]([C@@H]1CC[C@@H]2O)CCC4=CC(=O)CC[C@@]34CO,3090,0
CC1=C(C(=O)C(=C(C1=O)OC)OC)C/C=C(\C)/CC/C=C(/C)\CC/C=C(\C)/CC/C=C(\C)/CC/C=C(\C)/CC/C=C(\C)/CCC=C(C)C,3091,0
COc1cc(ccc1O)/C=C/C(=O)O[C@H]2[C@@H]([C@H]([C@@H]([C@H](O2)CO)O)O)O,3092,0
C[C@H]1[C@@H](C[C@H]2[C@@H]1[C@@H](OC=C2C(=O)O)O[C@H]3[C@@H]([C@H]([C@@H]([C@H](O3)CO)O)O)O)O,3093,0
CC(C)[C@@]12[C@@H](O1)[C@H]3[C@@]4(O3)[C@]5(CCC6=C([C@@H]5C[C@H]7[C@]4([C@@H]2O)O7)COC6=O)C,3094,0
Cn1c(nnn1)SCC2=C(N3[C@H]([C@@H](C3=O)NC(=O)[C@@H](c4ccccc4)O)SC2)C(=O)[O-],3095,0
c1ccc2cc(ccc2c1)N(CCCl)CCCl,3096,0
CCC/C=C\1/C2=C(C=CCC2)C(=O)O1,3097,0
C(/C=C\Cl)Cl,3098,0
C1[C@@H]2N(C1=O)[C@H](/C(=C/C=O)/O2)C(=O)O,3099,0
CBr,3100,0
CC(=C)[C@@H]1[C@@H]2[C@@H]3[C@@]4([C@]([C@H]1C(=O)O2)(C[C@@H]5[C@]4(O5)C(=O)O3)O)C,3101,0
C[C@H]1CC[C@@H]2[C@H]([C@]3([C@]1(C=CC3=O)O)C)OC(=O)C2=C,3102,0
C/C(=C\CC/C(=C/C(=O)OC)/C)/CC[C@@H]1C(O1)(C)C,3103,0
CC[C@H](C)[C@H]1C(=O)O[C@@H]2N1C3=C(c4c2cc(cc4O)C)C(=O)c5cccc(c5C3=O)O,3104,0
c1cc(c(cc1/C=C/C(=O)O[C@@H](CC(=O)O)C(=O)O)O)O,3105,0
C[C@]1(c2cccc(c2C(=O)C3=C([C@]4([C@@H](C[C@@H]31)[C@@H](C(=C(C4=O)C(=O)N)O)N(C)C)O)O)O)O,3106,0
CCCCC/C=C/C/C=C\C=C/C=C\[C@@H]1[C@@H](O1)CCCC(=O)[O-],3107,0
C\1=C(C(=O)O/C1=C(\C(=O)[O-])/Cl)Cl,3108,0
CC1=C[C@@H]2[C@](C[C@@H]1OC(=O)CC(C)C)([C@]3([C@@H]([C@H]([C@H]([C@]34CO4)O2)O)OC(=O)C)C)COC(=O)C,3109,0
C[C@@H]1CC2=CC(=O)CC[C@@]2([C@@H]3[C@@H]1[C@@H]4CC[C@]([C@]4(CC3)C)(C)O)C,3110,0
CC(=CCC/C(=C/C=O)/C)C,3111,0
CCCCCCCCCCC[C@H]1[C@H](O1)CCCCC(=O)O,3112,0
C[C@@H]1CC[C@H]2[C@@H]1[C@@H](OC=C2C(=O)OC)O[C@H]3[C@@H]([C@H]([C@@H]([C@H](O3)CO)O)O)O,3113,0
C/C(=C(\CC(=O)[O-])/C(=O)[O-])/C(=O)[O-],3114,0
Cc1c(c(c2c(c1O)[C@]3(C(=CC(=C(C3=O)C(=O)C)O)O2)C)C(=O)C)O,3115,0
CC(C)CCC[C@@H](C)[C@H]1CC[C@@H]2[C@@]1(CC[C@@H]3[C@@H]2CCC4=CC(=O)CC[C@@]34C)C,3116,0
COc1cc(cc(c1O)c2cc(cc(c2O)OC)/C=C/C(=O)O)/C=C/C(=O)O,3117,0
c1cn(c(=O)[nH]c1=O)[C@@H]2[C@@H]([C@@H]([C@@H](O2)CO[P@@](=O)([O-])O[P@@](=O)([O-])OCC(=O)CCl)O)O,3118,0
C(=C/C(=O)[O-])\C(=C\C(=O)[O-])\C(=O)[O-],3119,0
CC(C(=O)/C=C\C(=O)O)C(=O)O,3120,0
Cc1c(c([nH]c1/C=C\2/C(=C(C(=O)N2)C=C)C)Cc3c(c(c([nH]3)/C=C\4/C(=C(C(=O)N4)C)C=C)C)CCC(=O)O)CCC(=O)O,3121,0
CC1=C2[C@@H]([C@@H]3[C@@H]([C@H](C1)OC(=O)Cc4ccc(cc4)O)C(=C)C(=O)O3)C(=CC2=O)CO,3122,0
CC(C)CCC[C@H](C)CCC[C@@H](C)CCC/C(=C/C(=O)[O-])/C,3123,0
CN1CCc2cc3c(c4c2[C@@H]1C[C@@]45C=CC(=O)C=C5)OCO3,3124,0
C/C=C(/C)\C(=O)O[C@H]1[C@H]2[C@@H]([C@@H]([C@H]([C@H]3[C@]1(C(=O)C=C3)C)C)O)OC(=O)C2=C,3125,0
C(=C(\C=C(\C(=O)[O-])/O)/C(=O)[O-])\C=O,3126,0
CC[C@]12CC[C@H]3[C@H]([C@@H]1CC[C@]2(C#C)O)CCC4=CC(=O)CC[C@H]34,3127,0
c1cc2c(cc1/C=C/C(=O)O)OCO2,3128,0
Cc1cn(c(=O)[nH]c1=O)[C@H]2C[C@@H]([C@H](O2)COP(=O)(O)OP(=O)(O)O[C@@H]3C=C(C(=O)[C@H](O3)C)O)O,3129,0
c1cc(ccc1/C=C\C(=O)O[C@H]2[C@@H]([C@@H]([C@@H](O[C@@H]2O)CO)O)O)O,3130,0
C[C@H]1C[C@@H](O[C@@]12CC[C@]3([C@H]2C/C=C(\[C@@H]4[C@H](C3)[C@](CC4=O)(C)O)/C=O)C)C=C(C)C,3131,0
CC(C)[C@@H]1C2=C[C@@H]3[C@H]4[C@]([C@H]([C@H]5[C@@H]([C@@]4(C2=CC(=O)O1)C)O5)O)(C(=O)O3)C,3132,0
CC(C)CCC[C@H](C)CCC[C@@H](C)CCC/C(=C/C[C@@]12C(=O)c3ccccc3C(=O)[C@@]1(O2)C)/C,3133,0
CC1=CC(=O)CC(C1(/C=C/C(C)O)O)(C)C,3134,0
CC(=O)C1=CCC2[C@@]1(CC[C@H]3[C@H]2CC=C4[C@@]3(CC[C@@H](C4)O)C)C,3135,0
CCCCCC(=O)/C=C/[C@H]1[C@@H](CC(=O)[C@@H]1CCCCCCC(=O)[O-])O,3136,0
C1[C@@H]([C@H]([C@@H](C=C1C(=O)[O-])OP(=O)([O-])[O-])O)O,3137,0
C[C@@]1([C@@H]2CC(=O)[C@@]3([C@@H]([C@]2([C@@H](O1)CC(=O)O)CO)CC[C@@]([C@]34[C@H](O4)C(=O)O)(C)[C@H](c5ccoc5)O)C)C,3138,0
CC(=CC[C@@H]1C[C@@]2(C(=C(C(=O)[C@@](C2=O)(C1(C)C)CC=C(C)C)C(=O)c3ccc(c(c3)O)O)O)C[C@H](CC=C(C)C)C(=C)C)C,3139,0
CCC/C(=N\OCC)/C1=C(CC(CC1=O)C2CCCSC2)O,3140,0
c1ccc(cc1)[C@H](C(=O)N[C@H]2[C@@H]3N(C2=O)C(=C(CS3)Cl)C(=O)O)N,3141,0
C([C@@H]1[C@@H]([C@@H]([C@@H](O1)OP(=O)([O-])[O-])O)O)Cl,3142,0
C1CC=C(C(=O)C1)O,3143,0
C/C(=C\C=C\C=C(/C)\C=O)/C=C\C=C(/C)\C=C=C1C(C[C@@H](C[C@@]1(C)O)O)(C)C,3144,0
CC1=C2CC[C@@]([C@H]([C@@H]2OC1=O)O)(C)O,3145,0
CC(C)C1=CC=C([C@@H]([C@@H]1O)O)C(=O)[O-],3146,0
C1COP(=O)(N(C1O)CCCl)NCCCl,3147,0
c1c(c(c(c(c1Cl)Cl)[O-])Cl)Cl,3148,0
C=C[C@]12C[C@@H]([C@@H]3[C@@H]([C@H]1C(=C)C(=O)OC2)OC(=O)C3=C)O,3149,0
c1cc(ccc1/C=C/C(=O)NCCCCN(CCCNC(=O)/C=C/c2ccc(cc2)O)C(=O)/C=C\c3ccc(cc3)O)O,3150,0
C[C@@]12CC[C@@H]3[C@@H]([C@H]1[C@]4([C@H](O4)C[C@@H]2O)C)OC(=O)C3=C,3151,0
C(CO)COP(=O)(N)N(CCCl)CCCl,3152,0
c1cc2ccc3cc4c(c5c3c2c(c1)cc5)[C@@H]6[C@@H](O6)[C@H]([C@@H]4O)O,3153,0
C(/C(=C\C(=O)O)/C(=O)O)C(=O)C(=O)O,3154,0
CCCCC[C@@H]1/C(=C\C=C/CCCCCCCC(=O)O)/O1,3155,0
c1cc[c@](c(c1)C(c2ccc(cc2)Cl)C(Cl)(Cl)Cl)Cl,3156,0
C=C[C@@H]1[C@@H]2C[C@H]3c4c(c(=O)c5ccccc5[nH]4)CN3C(=O)C2=CO[C@H]1O[C@H]6[C@@H]([C@H]([C@@H]([C@H](O6)CO)O)O)O,3157,0
C[C@H](CCCC(C)(C)O)[C@H]1CC[C@@]2([C@@]1(CC[C@H]3C2=CC(=O)[C@H]4[C@@]3(CC[C@@H](C4)O)C)C)O,3158,0
CC(=O)N[C@]1(C2N(C1=O)C(=C(CS2)COC(=O)N)C(=O)O)C,3159,0
CC1=C(N2[C@@H]([C@@H](C2=O)NC(=O)CCC[C@H](C(=O)O)N)SC1)C(=O)O,3160,0
CC(C)CCC[C@@H](C)[C@H]1CC[C@@H]2[C@@]1([C@@H](C[C@@H]3[C@@H]2[C@@H](CC4=CC(=O)CC[C@@]34C)O)O)C,3161,0
c1cc(ccc1/C=C/C(=O)OC[C@@H]2[C@H]([C@@H]([C@H]([C@@H](O2)Oc3cc4c(cc(cc4[o+]c3c5ccc(cc5)O)O)O)O)O)O)O,3162,0
C[C@]12CCCC(=C)[C@@H]1[C@@H]3[C@@H](CC2)C(=C)C(=O)O3,3163,0
C/C(=C\C=C\C=C(/C)\C=C/C=O)/C=C\C=C(/C)\C=C=C1C(C[C@@H](C[C@@]1(C)O)O)(C)C,3164,0
C[C@]12CC[C@H]3[C@H]([C@@H]1CC[C@@H]2O)CCC4=CC(=O)CC[C@]34CCl,3165,0
CC(=O)C1=CC[C@@H]2[C@@]1(CC[C@H]3[C@H]2CC=C4[C@@]3(CC[C@@H](C4)OC(=O)C)C)C,3166,0
c1cc(c(cc1Br)Br)Oc2cc(c(cc2Br)Br)Br,3167,0
C1=C(O[C@@H]([C@@H]([C@H]1O)O)O[C@@H]2[C@@H]([C@H]([C@@H](O[C@@H]2C(=O)O)O)O)O)C(=O)O,3168,0
CC(C)CCC[C@@H](C)CCC[C@@H](C)CCC/C(=C\C(=O)[O-])/C,3169,0
C(=C\C(C(=O)C(=O)[O-])C(=O)[O-])\C=O,3170,0
C[C@]12CCC(=O)C(=C1CC[C@@H]3[C@@H]2CC[C@]4([C@H]3CC[C@]4(C)O)C)Cl,3171,0
C(C=O)C(=O)C=CC(=O)[O-],3172,0
C(=C/C(=O)[O-])\C=C(/C(=O)[O-])\O,3173,0
C=C(C(CO)O)C(=O)O[C@H]1[C@@H]([C@H]([C@@H]([C@H](O1)CO)O)O)O,3174,0
CC(=O)OCC1=C(N2[C@@H]([C@@H](C2=O)NC(=O)CCCC(=O)C(=O)O)SC1)C(=O)O,3175,0
CN1CC[C@]23C=C(C(=O)C=C2[C@H]1Cc4c3c(c(cc4)OC)O)OC,3176,0
C[C@]12CCC(=O)C=C1CC[C@@H]3[C@@H]2[C@H](C[C@]4([C@H]3CC[C@@H]4C(=O)CO)C)O,3177,0
CC(=O)O[C@H]1CC[C@@H]2[C@@]1(CC[C@H]3[C@H]2C[C@H](C4=CC(=O)CC[C@]34C)OC(=O)C)C,3178,0
CC(C)CC(=O)C1=C([C@]2(C(=O)C[C@H]3[C@]2(C1=O)C[C@@H](C3(C)C)C(=C)C)O)O,3179,0
C/C=C(/C)\C(=O)O[C@@H]1CCC2=CC(=O)[C@@H](C[C@@]2([C@H]1C)C)C(=C)C,3180,0
CC/C=C\C/C=C\C=C/1\C(O1)CCCCCCCC(=O)O,3181,0
c1cc2c(c(c1)O)C(=O)C(=CC2=O)O,3182,0
C[C@H]1c2cccc(c2C(=O)C3=C([C@]4([C@@H]([C@H]([C@H]13)O)[C@@H](C(=C(C4=O)C(=O)N)O)N(C)C)O)O)O,3183,0
C=C[C@]12C[C@@H]([C@@H]3[C@@H]([C@H]1C(=C)C(=O)OC2)OC(=O)C3=C)OC(=O)C(=C)CO,3184,0
C(/C(=C/C=C(\C(=O)O)/O)/C(=O)O)C(=O)O,3185,0
CC(=O)[C@]1(CC[C@@H]2[C@@]1(CC(=O)[C@H]3[C@H]2CCC4=CC(=O)CC[C@]34C)C)O,3186,0
C[C@H]1CC[C@@H]2[C@@H]1[C@@H](OC=C2C(=O)OC)O[C@@H]3[C@@H]([C@@H]([C@@H]([C@@H](O3)CO)O)O)O,3187,0
CC1=C(C(CCC1=O)(C)C)/C=C/C(=C/C=C/C(=C/C(=O)O)/C)/C,3188,0
CC(=O)/C=C\C=C(/C(=O)[O-])\O,3189,0
CC/C=C\C[C@H]1/C(=C/C=C\CCCCCCCC(=O)O)/O1,3190,0
c1ccc(cc1)[C@@H]2CO2,3191,0
C[C@@H]1C[C@H]2[C@@H]3CCC4=CC(=O)CC[C@@]4([C@]3([C@H](C[C@@]2([C@H]1C(=O)C)C)O)F)C,3192,0
CC(=C)C(CCC(C)(C)O)Cc1c(cc(c(c1O)C(=O)/C=C/c2ccc(cc2O)O)OC)O,3193,0
C[C@]12CCC(=O)C=C1CC[C@@H]3[C@@]2([C@H](C[C@]4([C@H]3C[C@H]([C@@]4(C(=O)CO)O)O)C)O)F,3194,0
C[C@]1(CC(=O)C=C2[C@H]1[C@@H]([C@@]34[C@@H]2CC[C@@H](C3)C(=C)C4)C(=O)[O-])C(=O)[O-],3195,0
c1cc(c(cc1/C=C\C(=O)[O-])O)O,3196,0
c1ccc(cc1)/C=C/C(=O)c2ccc(cc2)O,3197,0
C[N+](C)(C)CCOC(=O)/C=C/c1cc(c(c(c1)OC)O)OC,3198,0
C[C@H]1[C@@H]([C@H]([C@H]([C@@H](O1)O[C@H]2CC[C@]3([C@H](C2)CC[C@@H]4[C@@H]3CC[C@]5([C@@]4(CC[C@@H]5C6=CC(=O)OC6)O)C)C=O)O)O)O,3199,0
C(=C\C(=O)[O-])\C(=C/C(=O)[O-])\S(=O)(=O)[O-],3200,0
C[C@@H]([C@H]1[C@H]2CC(=C(N2C1=O)C(=O)O)S/C=C/NC(=O)C)OS(=O)(=O)O,3201,0
C[C@@]12CC[C@H]3[C@@H]([C@@H]1CCC2=O)CCC4=CC(=O)CC[C@@]34CO,3202,0
c1cc(ccc1[C@@H]([C@@H](CO)NC(=O)C(Cl)Cl)O)[N+](=O)[O-],3203,0
C(C=O)C(=O)/C=C\C(=O)[O-],3204,0
CCC1=C(CN(C1=O)C(=O)NCCc2ccc(cc2)S(=O)(=O)NC(=O)NC3CCC(CC3)C)C,3205,0
CCCCC/C=C\C[C@@]\1(C=CC(=O)/C1=C\C=C\[C@@H](CCC(=O)OC)OC(=O)C)OC(=O)C,3206,0
CC1=C[C@@H](CC([C@@H]1/C=C/C(=O)C)(C)C)O,3207,0
CC1=C(C(CCC1)(C)C)/C=C/C(=C\C=C/C(=C\C=C/C=C(\C)/C=C\C=C(/C)\C=C/C=C(\C)/C(=O)[O-])/C)/C,3208,0
C/C/1=C\C/C(=C(\C)/CO)/C(=O)C/C(=C/CC1)/C,3209,0
C(CO)COP(=O)(NCCCl)NCCCl,3210,0
CC1=CC(=O)C[C@@]([C@]1(/C=C/C(=C\C(=O)O[C@H]2[C@@H]([C@H]([C@@H]([C@H](O2)CO)O)O)O)/C)O)(C)C,3211,0
Cc1c(c([nH]c1/C=C\2/C(=C(C(=O)N2)C)C=C)/C=C\3/C(=C(C(=N3)/C=C\4/C(=C(C(=O)N4)C=C)C)C)CCC(=O)O)CCC(=O)O,3212,0
c1c(c(cc(c1Cl)Cl)Cl)c2cc(c(c(c2Cl)Cl)O)Cl,3213,0
C(/C(=C/C(=O)O)/C=C/C(=O)O)C(=O)O,3214,0
CN1[C@@H]2C[C@H](C[C@H]1C3C2O3)OC(=O)[C@H](CO)c4ccccc4,3215,0
C([C@@H]([C@@H]([C@@H](C=O)O)O)O)Cl,3216,0
C\1[C@H](NC(=C/C1=C/C=N\[C@@H](CCC(=O)O)C(=O)O)C(=O)O)C(=O)O,3217,0
C(=C\C(=O)[O-])\C=C(C(=O)[O-])C(=O)[O-],3218,0
CCCCC[C@@H](/C=C/C1=C(C(=O)CC1)C/C=C\CCCC(=O)O)O,3219,0
c1cc(c(cc1O)Cl)c2c(c(cc(c2Cl)Cl)Cl)Cl,3220,0
CC(CS(=O)(=O)c1ccc(cc1)F)(C(=O)Nc2ccc(c(c2)C(F)(F)F)C#N)O,3221,0
CC1=C(C(=O)C[C@]2([C@H]1C[C@@H]3[C@]45[C@@H]2[C@H]([C@@H]([C@]([C@@H]4[C@H](C(=O)O3)OC(=O)/C=C(\C)/C(C)C)(OC5)C(=O)OC)O)O)C)O,3222,0
C(=CC(=O)[O-])C(=O)NC=O,3223,0
C/C=C(\C(=O)N[C@@H](C)C(=O)O)/N,3224,0
C[C@H]1[C@@H]2[C@@H](C[C@@H](O1)CC(=O)[O-])C(=O)c3ccc(c(c3C2=O)O)c4ccc5c(c4O)C(=O)C6=C(C5=O)C[C@@H](O[C@@H]6C)CC(=O)[O-],3225,0
C=C(C(=O)[O-])O[C@H]1C=CC=C([C@H]1O)C(=O)[O-],3226,0
c1ccc(cc1)/C=C/C(=O)c2ccccc2O,3227,0
CCC/C=C/C(=O)SC,3228,0
C1C=CN(C=C1C(=O)N)[C@@H]2[C@@H]([C@@H]([C@@H](O2)COP(=O)([O-])[O-])O)O,3229,0
C(=C/C(=O)[O-])\C(=O)[C@@H](C(=O)[O-])Cl,3230,0
C([C@@H]1[C@@H]([C@@H](C(=O)O1)O)O)Cl,3231,0
CCOC1=C([C@H](OC1=O)[C@H](CO)O)O,3232,0
C/C(=C/C=C/C=C(\C)/C=C\C=O)/C=C\C=C(/C)\C=O,3233,0
CC(C)[C@@H](C)CC[C@@H](C)[C@@H]1CC[C@@H]2[C@@]1(CC[C@@H]3[C@@H]2CCC4=CC(=O)CC[C@@]34C)C,3234,0
C[C@@H]1[C@@H]2[C@H](C(=O)N2C(=C1Sc3nc(cs3)c4cc[n+](cc4)CC(=O)N)C(=O)O)[C@@H](C)O,3235,0
C1(C(O1)(Cl)Cl)Cl,3236,0
CC[C@H]1CN2CCc3c4ccccc4[nH]c3[C@@H]2C[C@@H]1/C(=C/OC)/C(=O)OC,3237,0
C(=C(/C(=O)O)\O)\C(=O)O,3238,0
C[C@H]1C[C@H]2[C@@H]3CC[C@]([C@]3(CC(=O)[C@@]2([C@@]4(C1=CC(=O)CC4)C)F)C)(C)O,3239,0
c1ccc2cc(c(cc2c1)/C=C/C(=O)O)C(=O)O,3240,0
c1cc(ccc1/C=C/C(=O)Cc2cc(cc(=O)o2)O)O,3241,0
C1CC(=O)NC=C1C(=O)[O-],3242,0
C[C@H]1[C@@H]([C@H]([C@H]([C@@H](O1)O[C@H]2CC[C@@]3([C@H]4C[C@H]([C@@]5([C@H](CC[C@@]5([C@@H]4CC[C@@]3(C2)O)O)C6=CC(=O)OC6)C)O)C)O)O)O,3243,0
C[C@@H]1CC2=CC(=O)CC[C@@H]2[C@@H]3[C@@H]1[C@@H]4CC[C@]([C@]4(CC3)C)(C)O,3244,0
CC1=C(C(CCC1O)(C)C)/C=C/C(=C/C=C/C(=C/C(=O)O)/C)/C,3245,0
CC(C#C)Oc1cc(c(cc1Cl)F)N2C(=O)C3=C(C2=O)CCCC3,3246,0
COC(=O)C=CC(=O)NC[C@@H](C(=O)N[C@@H](Cc1ccccc1)C(=O)[O-])[NH3+],3247,0
COC(=O)/C(=C\C(=O)[O-])/CC(=O)[O-],3248,0
CC#CC#CC#C/C=C\C(=O)OC,3249,0
CN1CC[C@@]23[C@@]1(CCc4c2c(c(cc4)OC)OC)C(=C(C(=O)C3)OC)OC,3250,0
c1cc(ccc1/C=C/C(=O)O[C@@H]2C[C@@](C[C@@H]([C@@H]2O)O)(C(=O)[O-])O)O,3251,0
CC(C)C(=O)/C=C/C=C(/C(=O)O)\O,3252,0
COc1cc-2c(cc1OC)[C@@H]3C[C@H]([C@H]4CCCCN4C3)OC(=O)/C=C\c5ccc(c2c5)O,3253,0
CN1CC[C@@]23c4c5ccc(c4O[C@@H]2[C@]6(C[C@@H]3[C@@H]1C5)C(=O)C7=C8N6CCc9c8c(c(cc9)OC)Oc1c7ccc(c1O)OC)OC,3254,0
CCCCCCCCCC(=O)O[C@H]1CC[C@@H]2[C@@]1(CC[C@H]3[C@H]2CCC4=CC(=O)CC[C@]34C)C,3255,0
CC(C)C1=CC=C([C@@H]([C@H]1O)O)C(=O)[O-],3256,0
C1=CC(=O)C(=O)C=C1C[C@@H](C(=O)O)N,3257,0
C[N+](C)(C)Cc1ccc(cc1)N2C(=O)C=CC2=O,3258,0
CCCCCC(=O)/C=C\[C@@H]1[C@@H](CC(=O)[C@@H]1C/C=C/CCCC(=O)[O-])O,3259,0
C[C@@H]([C@@H]1[C@H]2CC(=C(N2C1=O)C(=O)O)S/C=C/NC(=O)C)O,3260,0
CC(=CC[C@H]1C[C@]2(C(=C(C(=O)[C@](C2=O)(C1(C)C)CC=C(C)C)C(=O)c3ccc(c(c3)O)O)O)C[C@@H](CCC(=C)C)C(=C)C)C,3261,0
CCCCC/C=C\C[C@@]\1(C=CC(=O)/C1=C/C=C\[C@@H](CCC(=O)OC)OC(=O)C)OC(=O)C,3262,0
C(CBr)Br,3263,0
COc1cc(ccc1OCc2ccc(cc2C(F)(F)F)C(F)(F)F)/C=C(\C#N)/C(=O)Nc3nnc(s3)C(F)(F)F,3264,0
COc1cc(ccc1O)/C=C/C(=O)NCCc2ccc(cc2)O,3265,0
C[C@H]1CC[C@@]2(C3(C[C@]4([C@@](C(=CC3=O)C(C)C)(C(=O)[C@]2([C@@H]1O)O4)C)O)C)O,3266,0
C[C@@]12CCC(=O)C=C1CC[C@H]3[C@@H]2CC[C@@]4([C@@H]3CC[C@@]4(C(=O)CO)O)C,3267,0
c1ccc2c(c1)c3c([nH]2)C4=C/C(=C\5/C=C6c7c(c8ccccc8[nH]7)C[C@H](N6C5=O)C(=O)O)/C(=O)N4[C@@H](C3)C(=O)O,3268,0
CCCCCC1C(O1)CC(C(CCCCCCCC(=O)O)O)O,3269,0
CCC(=O)S[C@@H]1CC2=CC(=O)CC[C@@]2([C@@H]3[C@@H]1[C@@H]4CC[C@@H]([C@]4(CC3)C)O)C,3270,0
C[C@]12CCC(=O)C=C1CC[C@H]3[C@@H]2C(=O)C[C@@]4([C@@H]3CC[C@@]4(C(=O)CO)O)C,3271,0
CCCCCCCC[C@H]1[C@H](O1)CCCCCCCC(=O)[O-],3272,0
C[C@H](CCC(=O)[O-])[C@H]1CC[C@@H]2[C@@]1([C@@H](C[C@@H]3[C@@H]2[C@@H](CC4=CC(=O)CC[C@@]34C)O)O)C,3273,0
c1nc(c2c(n1)n(cn2)[C@@H]3[C@@H]([C@@H]([C@@H](O3)CCl)O)O)N,3274,0
c1cc(cc(c1)O)c2cc(c(c(c2Cl)Cl)Cl)Cl,3275,0
CC(=O)[C@H]1CC[C@@H]2[C@@]1(C[C@@H]([C@]3([C@H]2CCC4=CC(=O)CC[C@@]43C)F)O)C,3276,0
CN1CCc2cc(c(c3c2[C@H]1C[C@@]34C=CC(=O)C=C4)O)OC,3277,0
CC(=O)O[C@@H]1[C@@H]([C@]2(CC[C@H]3[C@H]([C@@]24[C@@H]1O4)CC[C@H]5[C@@]3(CC[C@@H](C5)O)C)C)c6ccc(=O)oc6,3278,0
Cc1nc(cs1)/C=C(\C)/[C@@H]2C[C@H]3[C@](O3)(CCC[C@@H]([C@@H]([C@H](C(=O)C([C@H](CC(=O)O2)O)(C)C)C)O)C)C,3279,0
C[C@H]1CCCC2=C[C@H]3[C@@H](C[C@]12C)C(=C)C(=O)O3,3280,0
CC(=CCC/C(=C/CC1=CC(=O)c2ccccc2C1=O)/C)C,3281,0
CC1=C(C(=O)c2ccccc2C1=O)C/C=C(/C)\CCC[C@@H](C)CCC[C@@H](C)CCCC(C)C,3282,0
CCC1=C(/C(=C/C2=N/C(=C\c3c(c(c([nH]3)/C=C\4/C(=C\C)/[C@H](C(=O)N4)C)C)CCC(=O)O)/C(=C2C)CCC(=O)O)/NC1=O)C,3283,0
C([C@@H](C1=C(C(=O)C(=O)O1)[O-])O)O,3284,0
COC(=O)C1=CO[C@H]([C@H]2[C@@H]1CC=C2CO)O[C@H]3[C@@H]([C@H]([C@@H]([C@H](O3)CO)O)O)O,3285,0
CC1=C(C(=O)C[C@]2([C@H]1C[C@@H]3[C@]45[C@@H]2[C@H]([C@@H]([C@]([C@@H]4[C@H](C(=O)O3)OC(=O)/C=C(\C)/C(C)(C)OC(=O)C)(OC5)C(=O)OC)O)O)C)O,3286,0
c1ccc(cc1)/C=C/C(=O)c2c(cc(cc2O)O)O,3287,0
C1CC(=O)NC=C1C(=O)O,3288,0
C1=C[C@@](OC1=O)(CC(=O)[O-])Cl,3289,0
CC1=CC[C@@H](CC1=O)[C@@](C)(C/C=C/C(C)(C)O)O,3290,0
C[C@@H]1C[C@@]2([C@@H]3[C@@H](CCC2=CC1=O)[C@@H]4CC[C@@H]([C@]4(CC3=O)C)C(=O)C)C,3291,0
CC1=CC(=O)[C@H](C1(C)C)CC(=O)[O-],3292,0
CCC/C=C\C=O,3293,0
C[C@]12C[C@H]([C@H]3[C@H]([C@@H]1CCC2=O)CCC4=CC(=O)C=C[C@]34C)O,3294,0
CC(C)/C=C/C=C\[C@@H](C)c1nc(cs1)c2nc(cs2)/C=C\[C@@H]([C@@H](C)/C(=C\C(=O)N)/OC)OC,3295,0
c1ccc2c(c1)-c3ccccc3[C@H]4[C@@H]2O4,3296,0
C[C@@H]([C@@H]1[C@H]2CC(=C(N2C1=O)C(=O)O)SCCNC(=O)C)O,3297,0
COC(=O)C1=CO[C@@H]([C@@H]([C@@H]1CC=O)C=C)O[C@@H]2[C@@H]([C@@H]([C@@H]([C@@H](O2)CO)O)O)O,3298,0
COc1cc2c(cc1O)[C@H]3C[C@H]4[C@H]([C@@H](OC=C4C(=O)N3CC2)O[C@H]5[C@@H]([C@H]([C@@H]([C@H](O5)CO)O)O)O)C=C,3299,0
COc1cc(cc(c1O)OC)/C=C/C(=O)OCCC/C(=N/OS(=O)(=O)[O-])/S[C@@H]2[C@@H]([C@@H]([C@@H]([C@@H](O2)O)O)O)CO,3300,0
CC1(C2=CC[C@H]3[C@@]4(C[C@H]([C@@H]([C@]4(CC(=O)[C@]3([C@@H]2C[C@@H](C1=O)O)C)C)[C@](C)(C(=O)/C=C/C(C)(C)O)O)O)C)C,3301,0
C/C(=C\C(=O)[O-])/C=C/C(=O)[O-],3302,0
COc1cc(cc(c1O[C@H]2[C@@H]([C@@H]([C@@H]([C@@H](O2)CO)O)O)O)OC)/C=C/C=O,3303,0
C[C@]12CC[C@H]3[C@H]([C@@H]1CC[C@@H]2O)CCC4=CC(=O)CC[C@]34CO,3304,0
C1CN(CCN1C(=O)CCBr)C(=O)CCBr,3305,0
C=C(C(=O)[O-])O[C@@H]1C=C(C=C[C@@H]1O)C(=O)[O-],3306,0
C(=C/C(=O)[O-])\C(=C\C(=O)C(=O)[O-])\O,3307,0
c1cc(c(c(c1)O)O)/C=C/C(=O)O,3308,0
c1cc2ccc3c4cc(ccc4cc5c3c2c(c1)C6C5O6)O,3309,0
CC1=C[C@@H]2[C@H](CC[C@]3([C@H]2CC[C@@]3(C(=O)C)O)C)[C@@]4(C1=CC(=O)CC4)C,3310,0
C/C=C(\C)/C(=O)O[C@H]1C/C(=C/C(=O)/C=C(\[C@@H]([C@@H]2[C@@H]1C(=C)C(=O)O2)O)/C)/C,3311,0
C1=C(C(=O)[C@H]([C@H]([C@H]1O)O)[O-])O,3312,0
C(=C/C(=O)[O-])\C(=O)[O-],3313,0
c1cc(c(c(c1Cl)c2c(ccc(c2Cl)Cl)Cl)Cl)Cl,3314,0
CC(=CCC/C(=C\C=C\C(=C/C=C\C(=C/C=C\C=C(/C)\C=C/C=C(\C)/C=C\C=C(/C)\C(=O)[O-])\C)\C)/C)C,3315,0
CCCCC/C=C\C/C=C\C/C=C\CC1[C@@H](O1)CCCC(=O)O,3316,0
CC1=C(C([C@@H](CC1=O)O)(C)C)/C=C/C(=C/C=C/C(=C/C=C/C=C(\C)/C=C/C=C(\C)/C=C/C=C(\C)/C=C/CC(C)(C)O)/C)/C,3317,0
C[C@]12CC[C@@H]3C(=CC(=O)[C@@H]4[C@@]3(C[C@@H]([C@@H](C4)O)O)C)[C@@]1(CC[C@@H]2[C@@](C)([C@@H](CCC(C)(C)O)O)O)O,3318,0
C/C=C(/C)\C(=O)O[C@H]1C[C@]([C@H]2CC=C([C@H]2[C@H]3[C@@H]1[C@](C(=O)O3)(C)OC(=O)C)C)(C)O,3319,0
Cn1c(nc(=O)c(n1)[O-])SCC2=C(N3[C@H]([C@@H](C3=O)NC(=O)/C(=N/OC)/c4csc(n4)N)SC2)C(=O)[O-],3320,0
C/C=C\1/C[C@H]([C@@](C(=O)OCc2ccn3c2[C@H](CC3=O)OC1=O)(C)OC(=O)C)C,3321,0
C/C(=C\C=C\C(=C\C=C\C(=C\C=C\C=C(/C)\C=C\C=C(/C)\C=C\C=C(/C)\C=C\C(=O)C(C)(C)OC)\C)\C)/C=C/CC(C)(C)OC,3322,0
CC(C)/C(=C\C(=O)[O-])/C(=O)[O-],3323,0
C1CCC(=CC1)C(=O)O,3324,0
C[C@H]1[C@H]([C@H]2[C@@H](CC(=C1CCCOC(=O)C)C)OC(=O)C2=C)O,3325,0
C1CO1,3326,0
CC(C)CC[C@H]([C@@](C)([C@H]1CC[C@@]2([C@@]1(C[C@H]([C@H]3C2=CC(=O)[C@H]4[C@@]3(C[C@@H]([C@@H](C4)O)O)C)O)C)O)O)O,3327,0
C/C=C/1\C[C@H]([C@@](C(=O)OCC2=CCN3[C@H]2[C@@H](CC3)OC1=O)(C)O)C,3328,0
CC(=C1C[C@@H]2[C@H]([C@@]2(CC1=O)C)CCC(=O)C)C,3329,0
C[C@H]1[C@@H]2C=CC(=O)[C@]2([C@H]([C@@H]3[C@@H](C(=O)O[C@@H]3[C@@H]1O)C)OC(=O)C(=C)C)C,3330,0
c1(c(c(c(c(c1Cl)Cl)O)Cl)Cl)O,3331,0
c1cc2ccc3cc(c(c4c3c2c(c1)cc4)O)/C=C\C(=O)C(=O)O,3332,0
c1cc(ccc1C[C@H](C(=O)[O-])OC(=O)/C=C\c2ccc(c(c2)O)O)O,3333,0
C/C/1=C\CCC(=C)[C@H]2CC([C@@H]2[C@H](C1=O)OC(=O)C)(C)C,3334,0
CC1=C(C(=O)c2ccccc2C1=O)CC=C(C)C,3335,0
c1ccc\2c(c1)CC(=O)/C2=C\C=C(/C(=O)O)\O,3336,0
CC(=O)[C@]1(CC[C@@H]2[C@@]1(C[C@@H]([C@]3([C@H]2CCC4=CC(=O)CC[C@@]43C)F)O)C)OC(=O)C,3337,0
CC(=CCC/C(=C/C=C/C(=C/C=C/C=C(\C)/C=C/C=C(\C)/C=C/C=C(\C)/C(=O)O[C@H]1[C@@H]([C@H]([C@@H]([C@H](O1)CO)O)O)O)/C)/C)C,3338,0
CS(=O)(=O)c1ccc(cc1)C2=C(C(=O)OC2)c3ccccc3,3339,0
COC(=O)/C=C/C(=O)NC[C@H](C(=O)[O-])NC(=O)[C@@H](Cc1ccc(cc1)O)[NH3+],3340,0
C[C@@H]1C[C@@H]([C@@]2([C@@H]([C@@]1(C)[C@@H]3C[C@H]4C=CO[C@H]4O3)CCC[C@]25CO5)COC(=O)C)OC(=O)C,3341,0
c1cc(c(cc1O)O)/C=C\C(=O)[O-],3342,0
C1CNP(=O)(OC1)N(CCCl)CCCl,3343,0
CCOC(=O)C1=C(NC(=C(C1c2cccc(c2)[N+](=O)[O-])C(=O)OC)C)C,3344,0
C(=C/O)\C(=O)O,3345,0
C[C@@H]1C2=C(C[C@H](O1)CC(=O)O)C(=O)c3c(cc(c(c3C2=O)O)c4cc(c5c(c4O)C(=O)C6=C(C5=O)C[C@H](O[C@@H]6C)CC(=O)O)O)O,3346,0
c1c2c(cc(c1O[C@H]3[C@@H]([C@H]([C@@H]([C@H](O3)CO)O)O)O)O)/[N+](=C/C=C/4\C[C@H](NC(=C4)C(=O)O)C(=O)O)/[C@@H](C2)C(=O)[O-],3347,0
c1cc(c(cc1c2c(cc(c(c2Cl)Cl)Cl)Cl)Cl)O,3348,0
C=C1CC[C@@]2([C@@H]([C@@H]3[C@H]1CCC3=C)OC(=O)C2=C)O,3349,0
CCCCCC#C/C=C/C=C/CC/C=C/C(=O)NCC(C)C,3350,0
C(=C/C(=O)/C=C\C(=O)[O-])\C=C(/C(=O)[O-])\O,3351,0
C=C(C[C@@H](C(=O)O)N)C(=O)O,3352,0
CN1C2C[C@@H](CC1[C@@H]3[C@H]2O3)OC(=O)C(=C)c4ccccc4,3353,0
C=C(C[C@@H](C(=O)O)N)C(=O)N,3354,0
CC1C(=C2CCOC(=O)C2=CN1)C=O,3355,0
C[C@H]1CC[C@H]2[C@@H]1[C@@H](OC=C2C(=O)O)O[C@H]3[C@@H]([C@H]([C@@H]([C@H](O3)CO)O)O)O,3356,0
C(=C/C(=O)[O-])\C=C(/C(=O)[O-])\Cl,3357,0
C[C@H]1C[C@H]2[C@@H]3CC[C@@]([C@]3(C[C@@H]([C@@]2([C@@]4(C1=CC(=O)C=C4)C)F)O)C)(C(=O)CO)O,3358,0
COc1cc(cc(c1O)C(=O)/C=C(/C=C(\C(=O)[O-])/O)\C(=O)[O-])C(=O)[O-],3359,0
CN1C2CCC1C[C@@H](C2)OC(=O)C(=C)c3ccccc3,3360,0
c1cc(c(cc1/C=C/C(=O)NCCc2c[nH]c3c2cc(cc3)O)O)O,3361,0
c1cc(c(cc1/C=C/C(=O)O)O[C@H]2[C@@H]([C@H]([C@@H]([C@H](O2)CO)O)O)O)O,3362,0
Cc1c(n2c(c(c(=O)n2c1=O)C)CCl)C,3363,0
CC1=CC(=O)[C@@H]2c3cc4cccc(c4c(c3C(=O)C[C@@]2(C1)O)O)O,3364,0
CC(C)/C=C/C=C/[C@H](C)c1nc(cs1)c2nc(cs2)/C=C/[C@@H]([C@@H](C)/C(=C\C(=O)N)/OC)OC,3365,0
CCCCCCCC[C@H]1[C@@H](O1)CCCCCCCC(=O)[O-],3366,0
C1=C[C@@H]([C@@H](C(=C1)C(=O)[O-])O)O,3367,0
c1cc(ccc1C[C@@H](C(=O)[O-])OC(=O)/C=C\c2ccc(c(c2)O)O)O,3368,0
c1cc(c(cc1/C=C/C(=O)O[C@@H]2C[C@@](C[C@H]([C@H]2OC(=O)/C=C/c3ccc(c(c3)O)O)O)(C(=O)O)O)O)O,3369,0
C(=C(\C(=O)O)/Cl)\C=C(/C(=O)O)\Cl,3370,0
C/C=C(\C)/C(=O)OC(C)(C)[C@@H]1Cc2cc3ccc(=O)oc3cc2O1,3371,0
C(/C(=C/C(=O)[O-])/C(=O)[O-])C(=O)C(=O)[O-],3372,0
CC[C@@H]1C[C@H]2[C@H](CCC2=O)C(=C1)C(=O)O,3373,0
C(=C(/C=C(/C(=O)[O-])\O)\C(=O)[O-])\C=O,3374,0
COC(=O)/C(=C/C(=O)O)/CC(=O)O,3375,0
CC(=CCC/C(=C/C[C@@]1(C(=C(C(=C(C1=O)C(=O)c2ccccc2)O)CC=C(C)C)O)CC=C(C)C)/C)C,3376,0
C[C@H]1CCC[C@]2(C1=C[C@H]3[C@@H](C2)OC(=O)C3=C)C,3377,0
c1cc(cc(c1)Cl)c2cc(c(c(c2Cl)Cl)Cl)Cl,3378,0
CC(=O)OC[C@@H]1[C@H]([C@@H]([C@H]([C@@H](O1)O[C@H]2[C@H]3[C@H](CC=C3COC(=O)C)C(=CO2)C(=O)OC)OC(=O)C)OC(=O)C)OC(=O)C,3379,0
C/C(=C\C=C/C=C(\C)/C=O)/C=C\C=C(/C)\C=C=C1C(C[C@@H](C[C@@]1(C)O)O)(C)C,3380,0
CC(=O)O[C@H]1CC[C@@H]2[C@@]1(C[C@H]([C@H]3[C@H]2CCC4=CC(=O)CC[C@]34C)OC(=O)C)C,3381,0
COP(=O)(OC)O/C(=C\Cl)/c1cc(c(cc1Cl)Cl)Cl,3382,0
C([C@H](C1=C(C(=O)C(=O)O1)[O-])O)O,3383,0
C[C@H]1C2=C(C[C@H](O1)CC(=O)[O-])C(=O)c3cccc(c3C2=O)O,3384,0
CCC/C=C(/C(=O)[O-])\OP(=O)([O-])[O-],3385,0
COc1cc(cc(c1OC(=O)[C@@H](CC(=O)[O-])O)OC)/C=C\C(=O)[O-],3386,0
C1C=C(C(=O)[C@@H]([C@H]1CO)O)O,3387,0
C[C@]12CC[C@H]3[C@H]([C@@H]1CC[C@@H]2O)CC[C@@H]4[C@@]3(C=CC(=O)C4)C,3388,0
CC/C=C(\C)/[C@@H]([C@H](C)/C=C(\C)/C=C/C=C\C=C\C=C(/C)\C(=O)N[C@@H](C)CO)O,3389,0
CC(=CCC/C(=C\C=C\C(=C/C=C\C(=C/C=C\C=C(/C)\C=C/C=C(\C)/C=C\C=C(/C)\C=O)\C)\C)/C)C,3390,0
C=C[C@H]1[C@@H](OC=C2[C@]1(CCOC2=O)O)O[C@H]3[C@@H]([C@H]([C@@H]([C@H](O3)CO)O)O)OC(=O)c4c(cc(cc4O)O)c5cccc(c5)O,3391,0
c1cc(ccc1C(CCl)c2ccc(cc2)Cl)Cl,3392,0
C1[C@H](C/[N+](=C/C=C/2\C[C@H](NC(=C2)C(=O)O)C(=O)O)/[C@@H]1C(=O)[O-])O,3393,0
CC1=C(C(=O)c2ccccc2C1=O)C/C=C(/C)\CC/C=C(/C)\CC/C=C(\C)/CC/C=C(\C)/CC/C=C(\C)/CC/C=C(\C)/CCC=C(C)C,3394,0
C[C@H]1[C@@H]([C@H](OC1=O)C)C[C@H]([C@@](C)([C@H]2CC[C@@]3([C@@]2(CC[C@H]4C3=CC(=O)[C@H]5[C@@]4(C[C@@H]([C@@H](C5)O)O)C)C)O)O)O,3395,0
CC(=O)[C@]1(CC[C@H]2[C@@]1(CC[C@@H]3[C@@H]2CCC4=CC(=O)CC[C@@]34C)C)O,3396,0
CC(=O)/C=C/[C@]1(C(CCC[C@@]1(C)O[C@H]2[C@@H]([C@H]([C@@H]([C@H](O2)CO)O)O)O)(C)C)O,3397,0
CC1(C[C@H]2[C@H]1CC[C@@]3([C@@H](O3)CCC2=O)C)C,3398,0
C[C@]12CC[C@H]3[C@H]([C@@H]1CC[C@@H]2C(=O)COC(=O)CCC(=O)O)CCC4=CC(=O)CC[C@]34C,3399,0
CC1=CC(=O)c2c(cccc2O)C1=O,3400,0
CC1=CC(=O)C[C@@]([C@]1(/C=C/C(=C\C=O)/C)O)(C)C,3401,0
C(/C=C\C(=O)C(=O)[O-])C(=O)[O-],3402,0
CC(=O)OCC(=O)[C@]1(CC[C@@H]2[C@@]1(C[C@@H]([C@]3([C@H]2CCC4=CC(=O)C=C[C@@]43C)F)O)C)O,3403,0
CCC(=C)C(=O)c1ccc(c(c1Cl)Cl)OCC(=O)O,3404,0
C(COP(=O)(NCCCl)NCCCl)C(=O)O,3405,0
CC(C)CC(=O)OCC1=CO[C@H]([C@H]2[C@@H]1C[C@@H]([C@]23CO3)OC(=O)C)OC(=O)CC(C)C,3406,0
C1CNP(=O)(OC1)NCCCl,3407,0
C([C@@H]1[C@@H]([C@@H]([C@@H]([C@@H](O1)O)NC(=O)CI)O)O)O,3408,0
C/C=C(/C)\C(=O)O[C@H]1[C@@H]2[C@@H](/C=C(\[C@H](C/C=C(/C1O)\C)OC(=O)C)/C)OC(=O)C2=C,3409,0
CC(=O)OCC(=O)[C@]12[C@H](O1)C[C@@H]3[C@@]2(CC[C@H]4[C@H]3CCC5=CC(=O)CC[C@]45C)C,3410,0
C1CNCC(=C1)C(=O)O,3411,0
CCC/C=C\C(=O)/C=C/C=C\CCCCCCCC(=O)[O-],3412,0
C\1[C@H](NC(=C/C1=C\C=O)C(=O)[O-])C(=O)[O-],3413,0
CC1(C[C@H]2C=C([C@@]3(C[C@@]3([C@H]2C1)C)C=O)C=O)C,3414,0
C(=C\N)\C(=O)OO,3415,0
C[C@@H]1C[C@H]2[C@@H]3CCC4=CC(=O)C=C[C@@]4([C@]3([C@H](C[C@@]2([C@]1(C(=O)COC(=O)C)O)C)O)F)C,3416,0
CC1=C(C(CCC1)(C)C)/C=C\C(=C/C=C\C(=C/C=C\C=C(/C)\C=C/C=C(\C)/C=C\C2=C(C(=O)CCC2(C)C)C)\C)\C,3417,0
C=CC(=O)[O-],3418,0
CC/C=C\C[C@H]1[C@H](C=CC1=O)CCCCCCCC(=O)O,3419,0
CC1=C(C(=O)C(=C(C1=O)OC)OC)C/C=C(/C)\CCC=C(C)C,3420,0
C[C@@H](C1=C[C@@]2(C=C[C@H]3[C@@H]2[C@@H](OC=C3C(=O)OC)O[C@H]4[C@@H]([C@H]([C@@H]([C@H](O4)CO)O)O)O)OC1=O)O,3421,0
c1ccc(cc1)/C=C\2/C(=O)c3c(cc(c4c3OCO4)O)O2,3422,0
CC(=CCC1=CC(=O)C=CC1=O)C,3423,0
CCC(=O)/C=C(/c1c(cc2c(c1O)C(=O)c3c(cccc3O)C2=O)CC(=O)OC)\O,3424,0
CC1=C(C(C(=C(N1)C)C(=O)OCC(C)C)c2ccccc2[N+](=O)[O-])C(=O)OC,3425,0
c1cc(c(cc1c2cc(c(c(c2Cl)Cl)Cl)Cl)Cl)O,3426,0
C[C@@H]1C[C@]2(C(=CC1=O)CC[C@@H]3C2=CC[C@]4([C@H]3CC[C@]4(C)O)C)C,3427,0
C/C=C(/C(=O)[O-])\OP(=O)([O-])[O-],3428,0
C/C(=C/C(=O)O)/C(=O)O,3429,0
COc1ccc2ccc3c4c2c1ccc4=CC5C3O5,3430,0
C1=C([C@H]([C@H]([C@@H](C1=O)O)O)O)COP(=O)([O-])[O-],3431,0
C(C(=O)N)I,3432,0
CC1=C(C(C[C@@H](C1)O)(C)C)/C=C/C(=C/C=C\C(=C/C=C\C=C(/C)\C=C/C=C(\C)/C=C\C2=C(C(=O)[C@@H](CC2(C)C)O)C)\C)/C,3433,0
CS[C@]12C[C@@H]3[C@@H](N1C(=O)[C@]4(C[C@@H]5[C@@H](N4C2=O)[C@@H](C=CC5=O)O)SC)[C@@H](C=CC3=O)O,3434,0
CC[C@@]1([C@@H](O1)CC/C(=C\CC/C(=C/C(=O)[O-])/C)/C)C,3435,0
C/C(=C\C=C\C=C(/C)\C=C\C=C(/C)\C=C=C1[C@@](C[C@@H](C[C@@]1(C)O)O)(C)C)/C=C/C=C(/C)\C=C\[C@]23[C@@](C[C@@H](C[C@]2(O3)C)O)(C)C,3436,0
COC(=O)c1c(c(c(c(c1Cl)Cl)C(=O)OC)Cl)Cl,3437,0
C[C@]12CCC(=O)C=C1CC[C@@H]3[C@@H]2C(C[C@]4([C@H]3CCC4C(=O)CO)C)O,3438,0
C[C@]12CC[C@H]3[C@@H]([C@@H]1CCC2=O)CCC4=CC(=O)CC[C@@]34CO,3439,0
COc1cc(cc(c1O)OC)/C=C\C(=O)NCCc2ccc(cc2)O,3440,0
c1ccc(cc1)/C=C\C(=O)[O-],3441,0
CC[C@@]1([C@@H](O1)CC/C(=C/CC/C(=C/C(=O)[O-])/C)/C)C,3442,0
C=C[C@@H]1[C@@H]2C[C@@H]3c4cc(c(cc4CCN3C(=O)C2=CO[C@H]1O[C@H]5[C@@H]([C@H]([C@@H]([C@H](O5)CO)O)O)O)O)O,3443,0
C=C(C(=O)[O-])O[C@@H]1C=CC=C([C@@H]1O)C(=O)[O-],3444,0
C1=C([C@@H](OC1=O)CC(=O)[O-])C(=O)[O-],3445,0
C1=CC2C(O2)C(=C1)Br,3446,0
C(=C(/C=C(/C(=O)[O-])\O)\C(=O)[O-])\C(=O)[O-],3447,0
C[C@H](CC[C@H]1C(O1)(C)C)[C@H]2CC[C@@H]3[C@@]2(CC[C@H]4[C@H]3CC=C5[C@@]4(CC[C@@H](C5)O)C)C,3448,0
C=C/C=C(\C(=O)[O-])/O,3449,0
c1c(c(cc(c1Cl)Cl)Cl)O,3450,0
CC(CC[C@H]([C@@](C)([C@H]1CC[C@@]2([C@@]1(CCC3C2=CC(=O)[C@H]4[C@@]3(C[C@@H]([C@@H](C4)O)O)C)C)O)O)O)CO,3451,0
CC(=CCC1(C(=C(C(=C(C1=O)C(=O)c2ccccc2)O)C[C@@H]3[C@H](CC[C@]3(C)O)C(=C)C)O)CC=C(C)C)C,3452,0
CC(=CCOC(=O)/C=C/c1ccc(c(c1)O)O)C,3453,0
C[C@]12CCC(=O)C=C1CC[C@@H]3[C@@H]2C(=O)C[C@]4([C@H]3C[C@H]5C4=CC(=O)O5)C,3454,0
CCCCC[C@@H]1[C@@H](O1)C/C=C\CCCCCCCC(=O)[O-],3455,0
C(=CC(=O)[O-])C(=O)[C@@H](C(=O)[O-])Cl,3456,0
C([C@H]1[C@@H]([C@@H](C(=O)O1)O)O)Cl,3457,0
C/C/1=C\[C@@H]2[C@@H]([C@@H](C/C(=C/CC1)/C)OC(=O)C)C(=C)C(=O)O2,3458,0
c1cc2c(c(c1)[N+](=O)[O-])C=CC3C2O3,3459,0
CC(=CCC/C(=C/C=C/C(=C\C=C/C=C(\C)/C=C\C=C(/C)\C=C/C=C(\C)/C(=O)O[C@@H]1[C@@H]([C@@H]([C@@H]([C@@H](O1)CO)O)O)O)/C)/C)C,3460,0
C[C@@H]\1[C@H]2[C@H](CC/C1=C\C(=O)OCCN(C)C)[C@]3(CC[C@@H](C([C@@H]3CC2=O)(C)C)O)C,3461,0
C/C=C\1/C[C@H]([C@@](C(=O)OCC2=CCN3[C@H]2[C@@H](CC3)OC1=O)(CO)O)C,3462,0
C[C@H]1CC(=O)C=C([C@]12CC[C@@H](C2)C(=C)C)C,3463,0
c1cc(ccc1CCNC(=O)/C=C/c2ccc(cc2)O)O,3464,0
c1cc(ccc1/C=C/C(=O)NCCCCN(CCCNC(=O)/C=C\c2ccc(cc2)O)C(=O)/C=C\c3ccc(cc3)O)O,3465,0
C/C(=C\C=O)/C=C/[C@@]12C(CC(=O)C[C@@]1(O2)C)(C)C,3466,0
CC(=CCc1cccc2c1c(c[nH]2)C[C@H]3C(=C(C(=O)N3)C(=O)C)O)C,3467,0
CC/C=C\C[C@@H]1/C(=C\C=C/CCCCCCCC(=O)[O-])/O1,3468,0
Cc1cc(cc2c1c(=O)c3c(c4c(c(c3o2)O)C(=O)C(=CC4=O)OC)O)OC,3469,0
CCCCCC(=O)/C=C/C=C\CCCCCCCC(=O)O,3470,0
c1c(cc(c2c1C(=O)C(=C(C2=O)C3=C(C(=O)c4cc(cc(c4C3=O)O)O)O)O)O)O,3471,0
C[C@]1(c2cccc(c2C(=O)C3=C1[C@@H]([C@H]4[C@@H](C(=C(C(=O)[C@]4(C3=O)O)C(=O)N)O)N(C)C)O)O)O,3472,0
Cc1c2c(cc3c(c2O)C(=O)[C@@]4(C(=O)C=C([C@H]([C@@]4(C3=O)O)O)OC)O)cc(c1C(=O)OC)OC,3473,0
C/C/1=C\[C@@H]2[C@@H](CCC(=C)[C@@H](C[C@@H]1O)O)C(=C)C(=O)O2,3474,0
CC1(CCC2=C1CC[C@H]3[C@H]2CCC4=CC(=O)CC[C@]34C)C,3475,0
C/C(=C/C(=O)[O-])/C=C(/C(=O)[O-])\Cl,3476,0
CCCCCC1C(O1)/C=C/C(C/C=C\C/C=C\CCCC(=O)O)O,3477,0
c1cc2c(cccc2S(=O)(=O)[O-])c(c1)NCCNC(=O)CI,3478,0
c1cc2c(cc1O)O[C@H](C2=O)[C@H]3C4(O3)C=CC(=O)C=C4,3479,0
CC(=CCC/C(=C/C=C/C(=C\C=C/C(=C\C=C/C=C(\C)/C=C\C=C(/C)\C=C/C=C(\C)/C(=O)[O-])/C)/C)/C)C,3480,0
Cc1cc(c(c2c1c(=O)cc(o2)CC(=O)C)[C@H]3[C@@H]([C@H]([C@@H]([C@H](O3)CO)O)O)OC(=O)/C=C/c4ccc(cc4)O)O,3481,0
C/C(=C(\CC(=O)O)/C(=O)O)/C(=O)O,3482,0
c1ccc(cc1)/C=C/C(=O)O[C@H]2[C@@H]([C@H]([C@@H]([C@H](O2)CO)O)O)O,3483,0
C[C@H](CCC(=O)O)[C@H]1CC[C@@H]2[C@@]1([C@H](C[C@H]3[C@H]2[C@@H](CC4=CC(=O)CC[C@]34C)O)O)C,3484,0
C[C@H]1[C@@H]2CN3CCc4c5cc(ccc5[nH]c4[C@@H]3C[C@@H]2C(=CO1)C(=O)OC)OC,3485,0
c1ccc(c(c1)/C=C\C(=O)C(=O)O)C(=O)O,3486,0
CCCC(=O)c1c(c(c(c(c1OC)C)O)C[C@]2(C(=C(C(=C(C2=O)C(=O)[C@H](C)CC)O)C)O)C)O,3487,0
CC(=CC[C@@H]1[C@@](O1)(C)[C@@H]2[C@@H]([C@@H](CC[C@@]23CO3)OC(=O)/C=C\C=C\C=C/C=C\C(=O)[O-])OC)C,3488,0
c1cc(ccc1/C=C\2/C(=C(C(=O)O2)c3cc(cc(c3)O)O)O)O,3489,0
CC[C@]12CC(=C3[C@@]4([C@H]1N(CC4)CC=C2)c5ccc(cc5N3)OC)C(=O)OC,3490,0
CC1=C(C(CCC1)(C)C)/C=C/C(=C/C=C\C(=C/C=C\C=C(/C)\C=C/C=C(\C)/C=C\C2=C(C(=O)CCC2(C)C)C)\C)/C,3491,0
C[C@@H]([C@H]1CC[C@@]2([C@@]1(CC[C@H]3C2=CC(=O)[C@H]4[C@@]3(C[C@@H]([C@@H](C4)O)O)C)C)O)[C@@H](CCC(C)(CO)O)O,3492,0
C/C(=C\C=O)/CC/C=C(/C)\C=O,3493,0
COc1cc(ccc1O)/C=C\C(=O)O[C@@H]2[C@@H]([C@@H]([C@@H](O[C@@H]2O)CO)O)O,3494,0
CC(=O)OCC1=C(N2[C@@H]([C@@H](C2=O)NC(=O)Cc3cccs3)SC1)C(=O)[O-],3495,0
C1CC=CC(=O)C1,3496,0
COc1cccc2c1C(=O)C3=C(C2=O)c4c(cc(cc4O)CO)[C@H]([C@@H]3O)O,3497,0
CCCCCCCCCCCCC/C=C/C=O,3498,0
O=C(NC1=C(C)C=C(N2CCOCC2)C=N1)C3=C(Cl)C=C(F)C(C(NCC4=CC=C(F)C(F)=C4)=O)=C3,3499,1
O=C(NC1=C(C)C=C(OC(F)F)C=C1)C2=C(Cl)C=C(F)C(C(NCC3=CC=C(F)C=C3)=O)=C2,3500,1
O=C(NC1=CC=C(C(C)(O)C)C=C1)C2=C(Cl)C=C(F)C(C(NCC3=CC=C(F)C(F)=C3)=O)=C2,3501,1
CN1[C@@H](/C=C/C(NC2=C(OCC)C=C(N=CC(C#N)=C3NC4=CC(Cl)=C(OCC5=NC=CC=C5)C=C4)C3=C2)=O)CCC1,3502,1
FC1=CN=C(NC2=CC=C(OCCOC)C=C2)N=C1NC3=CC(NC(C=C)=O)=CC=C3,3503,1
FC1=C(C(NC2=C(C)C(C3=NC=NC(N)=C3OCCN(C)C(C=C)=O)=CC(F)=C2)=O)C=CC(C4CC4)=C1,3504,1
COC1=CC2=C(C(NC3=CC=C(Cl)C(Cl)=C3F)=NC=N2)C=C1OC4CCN(C(C=C)=O)CC4,3505,1
NC(N=CN=C1NCC2CCN(C(C=C)=O)CC2)=C1C(C=C3)=CC=C3OC4=CC=CC=C4,3506,1
FC1=C(C2=NN([C@@H]3CCCN(C(/C(C#N)=C/C(C)(C)N4CCN(C5COC5)CC4)=O)C3)C6=C2C(N)=NC=N6)C=CC(OC7=CC=CC=C7)=C1,3507,1
CN(CC1)CCN1C2=CC=C(NC3=NC(C=CS4)=C4C(OC5=CC(NC(C=C)=O)=CC=C5)=N3)C=C2,3508,1
O=C(NNC1=NC=CN=C1)/C=C\N2C=NC(C3=CC(C(F)(F)F)=CC(C(F)(F)F)=C3)=N2,3509,1
C=CC(N1C[C@H](NC2=NC=NC3=C2C=CN3)CC[C@@H]1C)=O,3510,1
O=C(C=C)N1CC[C@H](N2C3=NC=NC(N)=C3C(C#CC4=CC(OC)=CC(OC)=C4)=N2)C1,3511,1
CN1CCC[C@H]1COC2=NC3=C(CCN(C3)C4=CC=CC5=C4C(=CC=C5)Cl)C(=N2)N6CCN([C@H](C6)CC#N)C(=O)C(=C)F,3512,1
COC1=C(NC2=NC(C3=CN(C)C4=C3C=CC=C4)=C(C(OC(C)C)=O)C=N2)C=C(NC(C=C)=O)C(N(C)CCN(C)C)=C1,3513,1
COC1=C(NC2=NC(N3N=C(C4=CC=CC=C4)C(CN(C)C)=C3)=CC=N2)C=C(NC(C=C)=O)C(N5CCOCC5)=C1,3514,1
O=C(NC1=C(OC)C=C(N=CN=C2NC3=CC(Cl)=C(F)C=C3)C2=C1)/C=C/CN4CCCCC4,3515,1
C=CC(N1CCC([C@@H]2CCNC3=C(C(N)=O)C(C4=CC=C(OC5=CC=CC=C5)C=C4)=NN32)CC1)=O,3516,1
N#CC1=C(NC2=CC(Cl)=C(OCC3=NC=CC=C3)C=C2)C4=CC(NC(/C=C/CN(C)C)=O)=C(OCC)C=C4N=C1,3517,1
CC1=NC=C(S1)C(=O)N[C@@H](COC)C(=O)N[C@@H](COC)C(=O)N[C@@H](CC2=CC=CC=C2)C(=O)[C@]3(CO3)C,3518,1
ClC1=C(F)C=CC(NC2=NC=NC3=C2C=C(NC(/C=C/CN(C)C)=O)C(O[C@@H]4COCC4)=C3)=C1,3519,1
OC1=C(C2=NC(N(C3=C(C(C)C)N=CC=C3C)C(N=C4N5[C@@H](C)CN(C(C=C)=O)CC5)=O)=C4C=C2F)C(F)=CC=C1,3520,1
O=C(C=C)N(CCC1)C[C@@H]1N2C3=C(C(N)=NC=N3)C(C(C=C4)=CC=C4OC5=CC=CC=C5)=N2,3521,1
CN1C=C(C2=CC=CC=C21)C3=NC(=NC=C3)NC4=C(C=C(C(=C4)NC(=O)C=C)N(C)CCN(C)C)OC,3522,1
N#CC1=C(C(F)(F)F)C=CC([C@@H](N(C2=CC=C(O[C@@H]3CC[C@@H](N)C3)C=C2)C(C=C)=O)C)=C1,3523,1
ClC1=CC=C([C@@H](N(C2=CC(F)=C(O[C@@H]3CC[C@@H](N)C3)C=C2)C(C=C)=O)C)C=C1,3524,1
ClC1=CC=C([C@@H](N(C2=CC(F)=C(O[C@@H]3CC[C@@H](NC(N[C@@H]4CCS(C4)(=O)=O)=O)C3)C=C2)C(C=C)=O)C)C=C1,3525,1
ClC1=CC=C([C@@H](N(C2=CC(Cl)=C(O[C@@H]3CC[C@@H](NC(N[C@@H]4CCS(C4)(=O)=O)=O)C3)C=C2)C(C=C)=O)C)C=C1,3526,1
C[C@H](OC)C1=C(C2=C(CC(COC([C@H]3NN(C([C@@H](NC([C@H](C(C)C)N(C)C(C4(F)CCN(C(C#CC(C)(C)N(C)C)=O)CC4)=O)=O)C[C@H]5CN6CCO5)=O)CCC3)=O)(C)C)C7=C(C=CC6=C7)N2CC)C=CC=N1,3527,1
NC(S1)=C(C#N)C2=C1C(F)=CC=[C@@]2[C@@]3=C(F)C=C4C(OCC[C@@H](CN(C(C=C)=O)CC5)N5C4)=C3Cl,3528,1
NC1=CC(C)=C(C(F)(F)F)C(C2=C(F)C(N=C(OC[C@H]3N(C)CCC3)N=C4N5[C@@H](C)CN(C(C=C)=O)CC5)=C4C=C2Cl)=N1,3529,1
FC1=[C@]([C@]2=C(F)C(N=CN=C3N4CCN(C(C=C)=O)CC4)=C3C=C2Cl)C(O)=CC=C1,3530,1
C[C@@H](C1=C(C=CC=N1)C2=C(C3=C(N2CC)C=CC4=C3)CC(C)(C)COC([C@H]5NN(CCC5)C([C@H](CC6=CC4=CC=C6)NC([C@@H](N(C([C@H]7CCN(C7)C(C=C)=O)=O)C)C(C)C)=O)=O)=O)OC,3531,1
C[C@@H](C1=C(C=CC=N1)C2=C(C3=C(N2CC)C=CC4=C3)CC(C)(C)COC([C@H]5NN(CCC5)C([C@H](CC6=CC4=CC(F)=C6)NC([C@@H](N(C([C@H]7CCN(C7)C(C=C)=O)=O)C)C(C)C)=O)=O)=O)OC,3532,1
C[C@@H](C1=C(C=CC=N1)C2=C(C3=C(N2CC)C=CC4=C3)CC(C)(C)COC([C@H]5NN(CCC5)C([C@H](CC6=CC4=CC(CF)=C6)NC([C@@H](N(C([C@H]7CCN(C7)C(C=C)=O)=O)C)C(C)C)=O)=O)=O)OC,3533,1
C[C@H](OC)C1=C(C2=C(CC(COC([C@H]3NN(C([C@@H](NC([C@H](C(C)C)N(C)C([C@H]4CCN(C(C=C)=O)C4)=O)=O)CC5=CC6=CC(C(F)F)=C5)=O)CCC3)=O)(C)C)C7=C(C=CC6=C7)N2CC)C=CC=N1,3534,1
O=C(CCl)NC1=CC=C(S(NC2=C(C#N)C=CS2)(=O)=O)C=C1,3535,1
C1=C(F)C2=C(C=C1F)NC(C1=CC(C#N)=CC=C1S(C)(=O)=O)=CC2=O,3536,1
O=C1C2=C(C=C(F)C=C2F)NC(C3=CC(C#N)=CC=C3S(C4CC4)(=O)=O)=C1,3537,1
O=C(NC1=CC=CC=C1)C2=CC([N+]([O-])=O)=CC=C2Cl,3538,0
O=C(NC1=CC=NC=C1)C2=CC([N+]([O-])=O)=CC=C2Cl,3539,0
ClC1=CC=C([N+]([O-])=O)C=C1C(NC2=CC(C#N)=NC=C2)=O,3540,0
ClC1=CC=C([N+]([O-])=O)C=C1C(NC2=CC(C#N)=CN=C2)=O,3541,0
ClC1=CC=C([N+]([O-])=O)C=C1C(NC2=CN=C(C#N)C=C2)=O,3542,0
ClC1=CC=C([N+]([O-])=O)C=C1C(NC2=CN=CC(C)=C2)=O,3543,0
ClC1=CC=C([N+]([O-])=O)C=C1C(NC2=CC(F)=CN=C2)=O,3544,0
ClC1=CC=C([N+]([O-])=O)C=C1C(NC2=CC(C(F)(F)F)=CN=C2)=O,3545,0
ClC1=CC=C([N+]([O-])=O)C=C1C(NC2=CC(C(F)(F)F)=C(C#N)N=C2)=O,3546,0
ClC1=CC=C([N+]([O-])=O)C=C1C(NC2=CN=C(C)C=C2)=O,3547,0
ClC1=CC=C([N+]([O-])=O)C=C1C(NC2=CC(C)=CN=C2)=O,3548,0
ClC1=CC=C([N+]([O-])=O)C=C1C(NC2=CN=C(C(F)(F)F)C=C2)=O,3549,0
ClC1=CC=C([N+]([O-])=O)C=C1C(NC2=NC=C(C#N)C=C2)=O,3550,0
ClC1=CC=C([N+]([O-])=O)C=C1C(NC2=CC=C(S(C)(=O)=O)C=C2)=O,3551,0
ClC1=CC=C([N+]([O-])=O)C=C1C(NC2=CN=CC=C2)=O,3552,0
ClC1=CC=C([N+]([O-])=O)C=C1C(NC2=CC=C(C(N)=O)C=C2)=O,3553,0
ClC1=CC=C([N+]([O-])=O)C=C1C(NC2=CC=NC(OC)=C2)=O,3554,0
ClC1=CC=C([N+]([O-])=O)C=C1C(NC2=CC(C#N)=CC=C2)=O,3555,0
ClC1=CC=C([N+]([O-])=O)C=C1C(NC2=CC=NC3=C2C=CC=C3)=O,3556,0
ClC1=CC=C([N+]([O-])=O)C=C1C(NC2=NC=CC=C2C#N)=O,3557,0
ClC1=CC=C([N+]([O-])=O)C=C1C(NC2=CC=C(NC(C)=O)C=C2)=O,3558,0
ClC1=CC=C([N+]([O-])=O)C=C1C(NC2=CC=C(O)C=C2)=O,3559,0
ClC1=CC=C([N+]([O-])=O)C=C1C(NC2=CC=NC=C2OC)=O,3560,0
ClC1=CC=C([N+]([O-])=O)C=C1C(NC2=CC(N=C(C3=CC=C(CC)C=C3)O4)=C4C=C2)=O,3561,0
BrC1=CC=C([N+]([O-])=O)C=C1C(NC2=CC(N=C(C3=CC=C(CC)C=C3)O4)=C4C=C2)=O,3562,0
ClC1=NC=CC=C1C(NC2=CC(N=C(C3=CC=C(CC)C=C3)O4)=C4C=C2)=O,3563,0
ClC1=CC=C(C#N)C=C1C(NC2=CC(N=C(C3=CC=C(CC)C=C3)O4)=C4C=C2)=O,3564,0
ClC1=CC=C(C(NC)=O)C=C1C(NC2=CC(N=C(C3=CC=C(CC)C=C3)O4)=C4C=C2)=O,3565,0
O=C1CCC(C2=C3C4=C(C=C2OC)OC5OC6C(O6)C54)=C1C(O3)=O,3566,0
O=C/C=C/C(O)CCCCC,3567,0
ClC(Cl)C(O)=O,3568,0
ClC1=C([N+]([O-])=O)C=C([N+]([O-])=O)C=C1,3569,0
ClC1=C(Cl)C=C([N+]([O-])=O)C=C1,3570,0
ClC1=C(Cl)C(C(C(CC)=C)=O)=CC=C1OCC(O)=O,3571,0
C1(C2C(C3=CC=CC=C3)O2)=CC=CC=C1,3572,0
O=[N+](C1=CC=C(OCC2OC2)C=C1)[O-],3573,0
OC(CC(CC(/C=C\C(O)=O)=O)=O)=O,3574,0
OC1C(O)C2=CC3=C(C4=C5C=C3)C(CC=C4CC=C5)=C2C6C1O6,3575,0
C1(C2CO2)=CC=CC=C1,3576,0
Cl/C(Cl)=C(Cl)/C(Cl)=C(Cl)/Cl,3577,0
Cl/C(Cl)=C/Cl,3578,0
[H]C(Cl)([H])Cl,3579,0
C1CO1,3580,0
ClC1C(Cl)C(Cl)C(Cl)C(Cl)C1Cl,3581,0
CCC1=C(N(COC)C(CCl)=O)C(CC)=CC=C1,3582,0
ClC1=NC(NC(C)C)=NC(NC(C)C)=N1,3583,0
ClC(Cl)(Cl)C(C1=CC=C(Cl)C=C1)C2=CC=C(Cl)C=C2,3584,0
ClCCN(CCCl)C1=CC=C(CCCC(O)=O)C=C1,3585,0
ClCCN(CCCl)P1(NCCCO1)=O,3586,0
O=C(N(N=O)CCCl)NCCCl,3587,0
OP(C1C(C)O1)(O)=O,3588,0
O=C1C(C)=CC(C2=CC=CC=C21)=O,3589,0
O=C(C=C/1)C=CC1=N\C(C)=O,3590,0
OC1CCC2C(C3CC4C2CCC5C4CCC5C(CCCC(C)C)C)(O3)C1,3591,0
O=C/C=C/N1C2=NC=NC(N)=C2N=C1,3592,0
OC(CCCCCCCC(O)/C=C/C=C\CCCCC)=O,3593,0
O=C1C(C=C(NCC2)C2=C1)=O,3594,0
O=C(O[C@@H]1[C@H](C)[C@@]2([H])[C@]([C@@H](OC(C)=O)[C@@H](OC(CCC)=O)CC(/C=N/OCC#C)=C\[C@H](O3)[C@]([C@]4(C)C3=O)(O4)[C@H]2OC(C)=O)(C)[C@@H](OC(C)=O)C1)CCN5CCCCC5,3595,1
O=C(NCC1=CC=C(N2CCOCC2)C=C1)C3=CC=C(N=C(Cl)S4)C4=C3,3596,1
O=C(NCC1=CC=C(N2CCOCC2)C=C1)C=C,3597,1
O=C(NCC1=CC=C(N2CCOCC2)C=C1)/C=C/CN(C)C,3598,1
O=C(NCC1=CC=C(N2CCOCC2)C=C1)C(CN(C)C)=C,3599,1
O=C(NCC1=CC=C(N2CCOCC2)C=C1)C#CC,3600,1
O=C(NCC1=CC=C(N2CCOCC2)C=C1)CCl,3601,1
O=S(NCC1=CC=C(N2CCOCC2)C=C1)(C3=CC([N+]([O-])=O)=C(Cl)C=C3)=O,3602,0
O=S(NCC1=CC=C(N2CCOCC2)C=C1)(C3=C(F)C(F)=C(F)C(F)=C3F)=O,3603,0
